applicant_id,age,income,employment_length,loan_amount,credit_score,existing_debt,num_credit_accounts,credit_history_years,num_late_payments,home_ownership,loan_purpose,default
APP100000,25,20963.49,28.0,6490.87,671.0,1951.33,4,17,0,OWN,car,0
APP100001,58,27704.3,4.0,14798.05,503.0,8802.45,6,24,1,OWN,car,0
APP100002,53,41606.04,9.0,22494.8,762.0,2200.52,2,26,1,OWN,debt_consolidation,0
APP100003,42,26524.92,30.0,20338.62,,7955.8,11,17,2,RENT,car,1
APP100004,42,31596.98,32.0,12234.02,611.0,1430.14,6,10,0,OWN,home_improvement,0
APP100005,63,45282.65,6.0,9373.5,540.0,7585.61,10,15,1,RENT,credit_card,1
APP100006,25,30504.02,35.0,28039.63,647.0,4530.12,7,26,1,MORTGAGE,home_improvement,0
APP100007,55,40661.21,34.0,9989.03,628.0,5309.45,2,9,3,RENT,credit_card,1
APP100008,30,80528.32,34.0,17399.78,795.0,10584.59,9,29,3,RENT,credit_card,0
APP100009,25,33325.25,9.0,32047.32,718.0,2548.15,11,13,2,MORTGAGE,credit_card,0
APP100010,46,65491.06,26.0,16336.56,,4817.25,6,21,0,MORTGAGE,debt_consolidation,0
APP100011,68,48034.99,6.0,5441.15,516.0,6264.42,10,5,2,MORTGAGE,credit_card,1
APP100012,57,17437.51,7.0,4705.97,467.0,3869.15,14,29,2,OWN,business,1
APP100013,58,20929.85,2.0,8278.54,567.0,8720.5,3,22,0,OWN,credit_card,1
APP100014,56,23937.51,19.0,15149.15,543.0,6398.74,13,26,0,RENT,debt_consolidation,0
APP100015,59,23684.65,28.0,12924.39,677.0,3090.4,4,23,3,MORTGAGE,credit_card,0
APP100016,46,34712.5,7.0,37206.89,638.0,13474.92,0,12,0,MORTGAGE,debt_consolidation,1
APP100017,27,49381.05,7.0,12849.16,651.0,7704.17,6,7,0,MORTGAGE,home_improvement,1
APP100018,62,68021.51,11.0,8131.78,574.0,2504.75,12,24,1,MORTGAGE,car,1
APP100019,43,42365.41,7.0,5014.03,662.0,2484.74,10,17,1,RENT,credit_card,1
APP100020,45,29061.23,33.0,20095.73,536.0,4123.22,4,7,0,OWN,debt_consolidation,1
APP100021,39,12821.51,6.0,9861.2,642.0,7030.29,14,8,1,OWN,business,1
APP100022,29,37620.14,11.0,4009.08,716.0,836.52,14,5,0,RENT,car,0
APP100023,66,36786.46,12.0,10030.21,620.0,2590.46,14,29,1,RENT,other,1
APP100024,59,39793.72,8.0,5445.57,685.0,3096.47,8,21,0,OWN,car,1
APP100025,52,104101.34,37.0,7666.52,491.0,1556.0,10,8,0,MORTGAGE,business,0
APP100026,40,67528.05,8.0,9933.97,485.0,2170.23,7,6,1,RENT,business,1
APP100027,61,53773.2,19.0,5749.64,676.0,5485.38,6,25,1,MORTGAGE,debt_consolidation,0
APP100028,47,22448.1,22.0,7386.62,733.0,3323.82,7,21,2,OWN,other,0
APP100029,42,28099.38,10.0,6332.99,630.0,3539.49,1,21,1,RENT,debt_consolidation,1
APP100030,43,34633.53,18.0,6435.77,821.0,1631.23,2,1,2,RENT,other,0
APP100031,32,24644.19,6.0,5405.58,534.0,4143.05,8,28,0,RENT,car,0
APP100032,25,46640.86,19.0,7408.19,595.0,1475.49,6,13,1,OWN,car,0
APP100033,48,43410.4,0.0,5785.91,661.0,15791.45,7,21,1,MORTGAGE,debt_consolidation,0
APP100034,64,21075.07,17.0,14072.12,,19824.27,13,5,2,OWN,credit_card,1
APP100035,24,66065.92,14.0,11164.34,603.0,3365.96,10,18,1,MORTGAGE,debt_consolidation,0
APP100036,63,38221.57,14.0,20268.62,565.0,2002.29,1,2,1,MORTGAGE,debt_consolidation,1
APP100037,61,15297.8,4.0,30700.13,699.0,9736.94,14,13,2,MORTGAGE,business,1
APP100038,34,35395.1,39.0,14859.51,660.0,7894.26,12,7,0,MORTGAGE,credit_card,0
APP100039,51,41797.98,1.0,12961.68,622.0,22021.98,2,14,2,MORTGAGE,other,1
APP100040,29,59065.14,5.0,15432.06,689.0,27251.45,12,26,0,MORTGAGE,home_improvement,0
APP100041,58,30676.8,4.0,13094.57,639.0,971.22,5,0,1,OWN,debt_consolidation,0
APP100042,55,54938.47,39.0,10199.76,638.0,12418.31,5,13,5,OWN,credit_card,1
APP100043,38,39877.64,12.0,9724.51,635.0,4113.35,8,29,0,RENT,credit_card,0
APP100044,24,18816.19,17.0,5361.49,584.0,7625.63,13,29,3,OWN,credit_card,1
APP100045,68,17897.51,30.0,16372.39,576.0,9157.04,5,17,0,MORTGAGE,home_improvement,1
APP100046,42,63657.98,2.0,9713.03,607.0,8854.95,8,19,1,OWN,debt_consolidation,1
APP100047,64,66038.43,2.0,23616.75,652.0,10941.25,2,17,3,MORTGAGE,credit_card,1
APP100048,54,42678.67,7.0,17138.48,500.0,3139.39,1,13,3,OWN,other,1
APP100049,59,76715.06,27.0,6798.31,725.0,2293.18,8,5,0,MORTGAGE,credit_card,0
APP100050,58,61593.09,39.0,20910.67,651.0,12702.2,3,24,0,RENT,credit_card,1
APP100051,30,51114.03,24.0,2129.31,564.0,2447.0,0,12,1,MORTGAGE,credit_card,1
APP100052,38,23025.19,34.0,31512.37,779.0,21788.09,0,26,1,OWN,debt_consolidation,0
APP100053,43,86311.18,35.0,4433.45,653.0,2666.44,5,6,1,OWN,credit_card,0
APP100054,45,47484.12,11.0,13320.6,543.0,3623.99,3,5,1,OWN,debt_consolidation,1
APP100055,23,29943.89,7.0,12790.39,775.0,4220.34,14,6,2,RENT,debt_consolidation,1
APP100056,47,26000.34,6.0,19423.33,758.0,1432.46,7,19,1,MORTGAGE,car,0
APP100057,28,41290.67,31.0,8125.66,577.0,1435.77,7,16,2,RENT,car,1
APP100058,57,15748.03,26.0,2731.73,624.0,10194.74,2,19,0,MORTGAGE,debt_consolidation,1
APP100059,54,51525.73,34.0,8132.53,613.0,1241.37,1,7,0,RENT,debt_consolidation,0
APP100060,66,22543.78,20.0,8677.62,498.0,36891.27,4,10,1,OWN,other,1
APP100061,57,43708.77,39.0,2894.26,675.0,4558.27,12,19,2,RENT,business,0
APP100062,38,27978.45,35.0,10170.26,717.0,2157.11,9,15,0,RENT,credit_card,0
APP100063,68,31818.1,32.0,5190.0,702.0,6878.63,2,11,0,OWN,home_improvement,0
APP100064,41,24873.17,32.0,14609.85,652.0,685.72,0,9,3,RENT,debt_consolidation,1
APP100065,36,,4.0,8538.6,725.0,3763.65,3,11,3,MORTGAGE,credit_card,1
APP100066,65,93404.03,29.0,32101.46,559.0,4170.23,4,8,0,OWN,credit_card,1
APP100067,39,72586.18,,8487.02,795.0,1784.75,14,21,2,MORTGAGE,debt_consolidation,0
APP100068,24,43357.7,11.0,12813.25,588.0,2964.83,2,4,0,OWN,debt_consolidation,0
APP100069,44,35859.11,32.0,8709.39,597.0,16660.88,11,20,1,MORTGAGE,car,1
APP100070,59,55387.02,14.0,3737.0,603.0,5690.77,5,2,0,MORTGAGE,debt_consolidation,1
APP100071,30,63894.28,8.0,8753.18,598.0,6765.38,4,12,4,MORTGAGE,credit_card,1
APP100072,43,23982.77,29.0,15553.61,634.0,2618.98,3,14,0,MORTGAGE,other,0
APP100073,27,34936.26,,14202.79,631.0,1704.93,9,27,1,OWN,home_improvement,0
APP100074,54,14603.56,19.0,8300.24,660.0,4052.75,10,19,2,RENT,debt_consolidation,0
APP100075,44,63675.24,37.0,4129.64,584.0,688.08,7,9,1,MORTGAGE,debt_consolidation,0
APP100076,37,101977.97,6.0,14569.35,663.0,2043.77,14,11,0,MORTGAGE,debt_consolidation,0
APP100077,32,37799.13,6.0,12729.69,,1804.43,13,21,1,MORTGAGE,business,1
APP100078,48,12550.24,37.0,16416.57,708.0,961.97,11,26,0,RENT,car,0
APP100079,53,49239.2,31.0,8396.18,707.0,8261.6,8,23,2,MORTGAGE,credit_card,0
APP100080,67,23108.49,18.0,3602.47,649.0,4427.52,7,27,0,RENT,debt_consolidation,1
APP100081,42,26064.39,16.0,13633.1,598.0,2993.7,9,6,3,MORTGAGE,car,1
APP100082,28,49676.55,38.0,9842.99,674.0,8406.94,8,14,3,MORTGAGE,car,1
APP100083,61,41244.67,28.0,22811.28,578.0,1318.94,2,14,2,RENT,credit_card,0
APP100084,51,28451.2,36.0,10069.23,652.0,1677.63,9,12,1,MORTGAGE,debt_consolidation,1
APP100085,55,26244.12,3.0,9630.78,637.0,12014.39,3,0,1,OWN,home_improvement,1
APP100086,25,38673.81,21.0,12712.65,850.0,30489.13,11,6,2,MORTGAGE,credit_card,0
APP100087,36,29592.23,29.0,6917.72,551.0,8496.26,0,9,1,OWN,business,1
APP100088,58,20855.68,1.0,6720.5,436.0,7167.11,0,12,0,MORTGAGE,car,1
APP100089,61,30752.25,20.0,9332.54,598.0,3085.64,8,8,0,OWN,credit_card,1
APP100090,42,43036.17,2.0,5697.35,512.0,3142.92,11,10,3,OWN,debt_consolidation,1
APP100091,60,33221.36,36.0,8626.06,591.0,5894.74,8,23,1,OWN,business,0
APP100092,62,17912.35,27.0,31689.38,546.0,14739.98,2,9,0,MORTGAGE,other,1
APP100093,39,59547.66,7.0,18501.0,577.0,6913.52,4,6,1,MORTGAGE,credit_card,1
APP100094,65,9233.51,20.0,11906.3,564.0,10576.25,6,13,1,MORTGAGE,debt_consolidation,1
APP100095,35,29051.27,4.0,25109.62,727.0,2361.42,3,0,0,MORTGAGE,car,0
APP100096,32,26632.85,32.0,6033.38,646.0,8050.91,14,6,1,OWN,debt_consolidation,1
APP100097,54,39108.28,7.0,44102.15,736.0,2872.46,6,0,2,RENT,car,1
APP100098,52,48090.07,24.0,7507.81,653.0,5497.9,13,2,3,MORTGAGE,debt_consolidation,1
APP100099,27,63791.96,3.0,32934.75,724.0,8043.8,1,22,2,OWN,home_improvement,1
APP100100,61,25432.87,6.0,32847.86,625.0,3213.17,6,0,0,MORTGAGE,business,0
APP100101,30,48693.03,39.0,3456.67,777.0,2178.38,12,4,0,OWN,credit_card,0
APP100102,60,40051.01,15.0,23867.08,687.0,6568.74,4,5,1,RENT,business,0
APP100103,21,15432.49,4.0,8346.98,587.0,4412.44,12,19,1,OWN,car,1
APP100104,60,93926.71,27.0,7038.98,699.0,5480.24,11,9,0,OWN,home_improvement,0
APP100105,59,17687.48,8.0,13558.69,652.0,8314.16,8,6,3,OWN,car,1
APP100106,59,44790.38,23.0,5405.92,633.0,13986.23,0,22,0,MORTGAGE,business,1
APP100107,53,44133.75,32.0,13375.74,657.0,8354.97,13,6,1,RENT,business,0
APP100108,44,41681.74,27.0,5628.08,710.0,7521.74,7,28,0,MORTGAGE,business,0
APP100109,55,28359.34,9.0,11006.57,480.0,3293.47,9,24,1,MORTGAGE,debt_consolidation,1
APP100110,34,54919.64,9.0,22053.3,621.0,3723.9,10,26,2,MORTGAGE,debt_consolidation,1
APP100111,59,16644.19,8.0,12480.35,704.0,7069.91,7,20,1,RENT,debt_consolidation,0
APP100112,48,35139.66,25.0,7975.46,669.0,3675.34,2,8,2,RENT,other,0
APP100113,43,27393.54,26.0,13695.83,559.0,7046.51,8,19,0,RENT,business,0
APP100114,45,25883.24,20.0,4256.11,460.0,2559.34,8,22,2,RENT,car,1
APP100115,48,44998.03,15.0,5983.04,786.0,23005.29,1,27,1,MORTGAGE,car,0
APP100116,22,62239.14,2.0,7645.24,635.0,5738.44,2,1,0,MORTGAGE,credit_card,0
APP100117,27,30588.28,33.0,15868.8,771.0,5444.73,3,26,1,MORTGAGE,debt_consolidation,0
APP100118,33,53655.57,26.0,12625.57,713.0,3340.63,5,24,0,RENT,home_improvement,0
APP100119,26,37230.01,25.0,13644.61,586.0,22706.73,8,25,0,RENT,credit_card,0
APP100120,42,23240.09,4.0,9735.85,449.0,1803.29,9,6,1,MORTGAGE,credit_card,1
APP100121,53,31921.15,11.0,6168.06,613.0,2800.59,1,4,4,MORTGAGE,credit_card,1
APP100122,53,,12.0,24170.06,647.0,9729.07,12,19,0,RENT,debt_consolidation,1
APP100123,44,25633.88,23.0,6511.49,686.0,5953.44,12,4,2,OWN,credit_card,1
APP100124,62,44992.07,31.0,12726.27,561.0,3098.23,1,5,1,RENT,business,0
APP100125,48,40836.15,34.0,9253.32,664.0,3170.14,2,29,3,MORTGAGE,debt_consolidation,1
APP100126,24,16394.07,20.0,13874.33,664.0,3894.37,12,27,2,MORTGAGE,home_improvement,1
APP100127,58,15902.59,14.0,6882.3,728.0,5333.23,6,17,1,OWN,home_improvement,0
APP100128,49,44906.7,16.0,18612.83,625.0,17032.95,6,19,4,MORTGAGE,credit_card,1
APP100129,52,24157.66,29.0,22628.53,685.0,7975.5,7,16,2,MORTGAGE,debt_consolidation,1
APP100130,48,42235.68,12.0,17940.1,673.0,11144.13,14,22,2,OWN,debt_consolidation,0
APP100131,48,53662.29,16.0,10878.84,720.0,3472.33,2,15,1,OWN,credit_card,0
APP100132,25,19235.71,31.0,7623.0,584.0,7424.82,14,18,0,MORTGAGE,credit_card,0
APP100133,48,17930.01,21.0,53812.82,404.0,1416.82,3,22,5,OWN,debt_consolidation,1
APP100134,59,83886.15,18.0,5459.02,631.0,5685.7,13,23,0,MORTGAGE,business,0
APP100135,35,,29.0,16793.34,631.0,5401.16,7,17,2,OWN,debt_consolidation,0
APP100136,50,,11.0,12084.4,557.0,21102.22,11,22,2,RENT,debt_consolidation,1
APP100137,22,22766.14,2.0,9532.65,529.0,17086.91,1,4,1,MORTGAGE,home_improvement,1
APP100138,38,28135.28,31.0,11060.08,604.0,3996.8,5,1,1,MORTGAGE,car,1
APP100139,42,20024.54,18.0,7287.17,640.0,2556.23,2,3,2,RENT,credit_card,1
APP100140,69,56483.63,13.0,12787.63,657.0,2612.98,8,22,3,OWN,credit_card,1
APP100141,31,24627.63,3.0,11969.23,467.0,3882.69,0,9,0,RENT,car,1
APP100142,34,62740.8,37.0,49345.01,509.0,13924.33,5,23,2,MORTGAGE,business,1
APP100143,41,29723.27,29.0,18816.57,740.0,6849.47,7,26,2,MORTGAGE,credit_card,0
APP100144,69,21554.18,10.0,13487.65,634.0,7438.37,7,21,1,RENT,home_improvement,1
APP100145,62,29344.17,24.0,13979.33,649.0,9404.71,12,12,1,OWN,business,1
APP100146,22,9778.26,18.0,29843.51,543.0,2218.69,9,3,1,RENT,home_improvement,1
APP100147,32,34187.51,13.0,5528.9,649.0,2787.09,12,26,2,RENT,debt_consolidation,0
APP100148,61,33354.25,12.0,8869.38,619.0,7451.62,7,10,2,MORTGAGE,debt_consolidation,0
APP100149,23,54850.76,3.0,3151.76,600.0,2635.59,5,17,1,OWN,car,0
APP100150,62,14141.2,38.0,13839.25,533.0,1449.35,4,21,2,OWN,credit_card,1
APP100151,34,64921.44,37.0,16463.55,580.0,2067.17,10,27,1,MORTGAGE,debt_consolidation,0
APP100152,65,54737.24,34.0,5446.02,807.0,11424.2,13,15,0,RENT,debt_consolidation,0
APP100153,35,67915.65,12.0,23413.03,622.0,3643.63,14,26,2,MORTGAGE,debt_consolidation,1
APP100154,42,35370.71,39.0,6429.63,713.0,5888.05,3,21,1,OWN,credit_card,0
APP100155,53,60291.62,11.0,8058.79,634.0,2151.63,6,11,1,OWN,car,0
APP100156,27,17402.65,32.0,10633.23,625.0,6657.66,9,10,1,MORTGAGE,credit_card,1
APP100157,48,51871.45,4.0,25758.45,599.0,3961.3,13,16,0,OWN,credit_card,1
APP100158,45,24696.54,12.0,5914.02,757.0,7023.09,4,21,1,OWN,debt_consolidation,0
APP100159,59,15903.57,23.0,11786.95,679.0,3353.28,11,21,0,RENT,credit_card,0
APP100160,69,20700.84,38.0,15754.84,586.0,7357.14,12,22,1,MORTGAGE,debt_consolidation,1
APP100161,53,36416.07,10.0,13920.0,618.0,3224.04,2,1,1,MORTGAGE,credit_card,1
APP100162,41,24049.04,17.0,14231.89,,4608.89,4,12,1,MORTGAGE,debt_consolidation,0
APP100163,40,43828.38,33.0,15629.26,422.0,3954.68,6,4,2,OWN,home_improvement,1
APP100164,41,14704.09,18.0,7095.15,674.0,5019.02,12,1,3,OWN,home_improvement,1
APP100165,60,12537.15,27.0,27246.16,693.0,6144.13,13,21,1,OWN,car,0
APP100166,36,72127.72,16.0,9258.62,590.0,3307.93,2,29,1,RENT,debt_consolidation,0
APP100167,29,57062.36,0.0,8550.04,662.0,4466.25,2,27,1,RENT,home_improvement,1
APP100168,37,21490.18,11.0,22216.16,690.0,5705.52,5,26,2,OWN,car,1
APP100169,22,36261.08,22.0,6779.51,551.0,7377.2,0,9,0,RENT,business,1
APP100170,26,60460.98,0.0,11994.06,717.0,4624.54,7,4,1,MORTGAGE,debt_consolidation,0
APP100171,25,44783.74,9.0,6414.39,673.0,2417.18,4,11,2,MORTGAGE,home_improvement,0
APP100172,58,39109.14,38.0,44870.75,637.0,5266.72,5,13,1,MORTGAGE,debt_consolidation,0
APP100173,56,62791.63,0.0,39544.93,658.0,8402.42,0,26,1,MORTGAGE,debt_consolidation,0
APP100174,55,25201.12,9.0,9263.67,,1691.71,3,9,1,RENT,car,0
APP100175,43,,24.0,13519.85,835.0,1707.57,1,7,1,RENT,car,0
APP100176,56,35992.85,22.0,9928.06,698.0,2893.53,3,29,0,RENT,credit_card,0
APP100177,28,31685.64,8.0,8029.2,714.0,4213.87,6,27,0,MORTGAGE,car,1
APP100178,65,29884.56,2.0,10633.65,665.0,847.65,3,21,0,RENT,home_improvement,1
APP100179,45,37663.02,35.0,9658.94,802.0,7779.69,11,4,1,MORTGAGE,credit_card,0
APP100180,66,36945.67,22.0,3974.28,532.0,4247.03,6,16,2,OWN,debt_consolidation,0
APP100181,28,21499.53,22.0,11589.03,511.0,749.29,3,7,2,MORTGAGE,car,1
APP100182,45,54225.03,2.0,9649.14,662.0,2017.2,9,4,2,MORTGAGE,car,1
APP100183,55,22288.08,8.0,11936.07,702.0,3864.29,12,1,3,MORTGAGE,debt_consolidation,1
APP100184,45,32561.42,2.0,9447.35,444.0,1190.31,7,9,3,MORTGAGE,credit_card,1
APP100185,42,31330.89,39.0,7972.84,649.0,10682.57,14,2,4,MORTGAGE,debt_consolidation,1
APP100186,29,43436.34,30.0,16729.79,635.0,5707.1,5,2,1,RENT,debt_consolidation,1
APP100187,39,12587.36,21.0,13627.98,709.0,8455.32,6,7,3,OWN,debt_consolidation,1
APP100188,32,56695.77,27.0,22871.08,684.0,2157.67,6,14,2,RENT,car,0
APP100189,35,25887.22,6.0,13317.55,505.0,6830.12,14,19,2,RENT,home_improvement,1
APP100190,54,66834.96,39.0,8790.58,563.0,2897.16,10,26,1,MORTGAGE,other,0
APP100191,51,28593.01,20.0,14329.29,585.0,4213.4,8,6,1,MORTGAGE,credit_card,1
APP100192,50,35439.36,20.0,3015.84,709.0,6517.62,5,23,1,MORTGAGE,business,0
APP100193,38,94550.85,38.0,34968.67,679.0,4646.86,0,28,2,OWN,debt_consolidation,0
APP100194,68,31613.23,3.0,11668.27,600.0,9383.76,13,23,3,RENT,business,1
APP100195,25,67469.1,16.0,36705.19,,5493.18,1,10,1,MORTGAGE,debt_consolidation,1
APP100196,37,37031.44,3.0,5874.6,565.0,3393.1,10,9,1,RENT,debt_consolidation,1
APP100197,26,44699.13,17.0,5061.47,813.0,9646.06,7,15,3,RENT,car,0
APP100198,37,37608.27,10.0,12326.42,695.0,11417.73,10,24,2,RENT,business,1
APP100199,68,55488.21,18.0,12302.05,712.0,5271.54,13,19,1,OWN,home_improvement,1
APP100200,38,25776.9,28.0,12124.06,760.0,14312.46,2,13,1,RENT,business,0
APP100201,65,22202.85,11.0,11064.49,731.0,4071.01,1,4,0,MORTGAGE,debt_consolidation,0
APP100202,45,26389.25,2.0,6789.48,652.0,4436.64,5,20,2,RENT,business,0
APP100203,55,38171.91,6.0,4059.38,635.0,4932.02,8,20,1,MORTGAGE,debt_consolidation,1
APP100204,43,32519.35,28.0,11729.83,753.0,4430.03,1,15,1,MORTGAGE,business,0
APP100205,34,51799.59,23.0,4584.54,652.0,3833.62,12,3,1,MORTGAGE,credit_card,1
APP100206,58,69728.6,39.0,4332.05,590.0,2774.19,9,13,0,RENT,car,1
APP100207,68,22294.18,35.0,7876.36,807.0,2218.76,14,24,0,RENT,home_improvement,0
APP100208,33,25160.37,6.0,12815.3,575.0,5370.14,4,28,1,MORTGAGE,debt_consolidation,1
APP100209,59,17709.92,29.0,32619.17,511.0,12818.86,13,14,0,MORTGAGE,debt_consolidation,1
APP100210,33,100226.36,3.0,17810.72,729.0,9427.26,5,25,1,RENT,home_improvement,0
APP100211,56,42291.22,3.0,23386.88,591.0,6704.05,1,2,0,MORTGAGE,debt_consolidation,0
APP100212,59,46161.49,31.0,14650.02,684.0,13350.85,12,2,2,MORTGAGE,car,1
APP100213,43,18581.02,,12333.97,795.0,4991.03,1,21,1,RENT,car,1
APP100214,57,36294.26,39.0,44510.22,540.0,2228.2,10,29,1,OWN,debt_consolidation,0
APP100215,34,46846.14,0.0,4475.11,646.0,3716.15,3,2,0,RENT,home_improvement,0
APP100216,24,32004.16,20.0,7723.8,768.0,4681.96,10,4,0,OWN,other,0
APP100217,25,62183.99,12.0,8094.11,704.0,3261.89,4,29,0,MORTGAGE,credit_card,0
APP100218,42,115371.84,39.0,16918.01,635.0,8006.86,1,28,2,MORTGAGE,car,0
APP100219,65,22617.26,26.0,5501.27,841.0,10388.26,12,13,1,RENT,debt_consolidation,0
APP100220,27,21784.55,30.0,15647.36,642.0,1229.42,5,1,2,RENT,car,0
APP100221,43,23414.76,11.0,14013.69,681.0,4374.87,9,11,1,MORTGAGE,debt_consolidation,1
APP100222,55,81072.54,35.0,16123.1,781.0,481.79,0,20,2,MORTGAGE,debt_consolidation,0
APP100223,30,61155.66,33.0,15948.72,728.0,4567.59,14,9,1,RENT,credit_card,0
APP100224,56,33936.15,31.0,24909.18,755.0,4526.93,9,9,1,OWN,business,0
APP100225,35,36985.45,19.0,9609.18,578.0,20352.68,6,13,2,MORTGAGE,home_improvement,1
APP100226,60,24142.48,36.0,13603.67,748.0,16010.59,13,13,1,OWN,business,1
APP100227,49,56670.76,26.0,6361.82,663.0,10361.79,6,23,2,MORTGAGE,car,0
APP100228,47,30032.91,2.0,5547.61,590.0,2280.63,4,14,0,OWN,car,0
APP100229,29,31887.26,35.0,28535.3,667.0,2177.63,4,15,0,RENT,business,0
APP100230,43,49236.72,0.0,6079.81,665.0,2045.01,9,12,3,RENT,credit_card,0
APP100231,62,33057.46,27.0,14541.87,799.0,16668.8,6,19,2,MORTGAGE,car,1
APP100232,21,32290.13,9.0,13610.89,680.0,2372.37,8,20,2,MORTGAGE,car,0
APP100233,58,36508.03,35.0,20030.04,587.0,3610.29,11,1,2,MORTGAGE,car,1
APP100234,45,54050.7,29.0,3659.49,569.0,2392.72,9,1,0,OWN,home_improvement,1
APP100235,56,,32.0,16894.18,646.0,1796.26,10,25,1,RENT,debt_consolidation,0
APP100236,53,48666.35,27.0,9558.45,542.0,6413.07,9,1,1,MORTGAGE,other,1
APP100237,42,54266.21,22.0,6905.37,592.0,5556.23,11,15,2,MORTGAGE,debt_consolidation,1
APP100238,36,32862.02,34.0,8514.36,630.0,829.11,10,25,1,RENT,credit_card,0
APP100239,51,25491.52,11.0,18436.04,616.0,1734.46,12,15,5,RENT,debt_consolidation,1
APP100240,27,50362.05,21.0,15348.06,708.0,6027.88,9,2,0,MORTGAGE,debt_consolidation,1
APP100241,49,39561.84,11.0,9165.91,590.0,4638.88,0,7,0,MORTGAGE,debt_consolidation,1
APP100242,25,17830.86,4.0,4996.71,452.0,3566.2,13,4,0,RENT,home_improvement,1
APP100243,52,30821.42,35.0,5212.8,515.0,7978.79,3,2,1,MORTGAGE,debt_consolidation,1
APP100244,51,34841.05,19.0,15550.03,648.0,1549.32,10,10,1,MORTGAGE,business,1
APP100245,25,28135.04,2.0,4597.9,603.0,3053.39,9,10,1,MORTGAGE,debt_consolidation,1
APP100246,58,76181.03,33.0,9219.79,551.0,7438.54,9,19,1,RENT,debt_consolidation,0
APP100247,41,46162.34,37.0,49446.34,806.0,2923.58,6,24,1,OWN,debt_consolidation,0
APP100248,59,72156.13,26.0,13039.47,716.0,6310.92,6,17,1,RENT,debt_consolidation,0
APP100249,23,41428.02,13.0,15449.77,645.0,1964.55,1,16,1,MORTGAGE,debt_consolidation,0
APP100250,29,37823.8,34.0,5236.34,668.0,2542.54,3,24,1,OWN,business,0
APP100251,45,22735.91,29.0,4739.18,628.0,1181.15,0,7,0,RENT,business,1
APP100252,30,36532.76,11.0,15954.45,549.0,947.95,13,14,3,MORTGAGE,credit_card,1
APP100253,37,36553.31,13.0,8354.78,732.0,3358.48,14,17,1,MORTGAGE,debt_consolidation,1
APP100254,53,18332.73,39.0,20013.71,718.0,7044.62,1,24,2,MORTGAGE,home_improvement,0
APP100255,28,27729.06,38.0,10784.66,491.0,4483.51,12,10,1,RENT,home_improvement,1
APP100256,54,30895.28,27.0,83601.58,668.0,12434.47,10,15,0,MORTGAGE,business,0
APP100257,26,44655.81,1.0,7454.76,676.0,3589.47,4,6,1,RENT,business,1
APP100258,29,45737.56,9.0,12499.94,624.0,901.35,2,9,2,MORTGAGE,debt_consolidation,1
APP100259,49,27155.66,14.0,6145.73,817.0,6472.74,9,22,5,RENT,business,1
APP100260,59,45909.84,21.0,19521.04,809.0,2073.88,0,25,1,RENT,credit_card,0
APP100261,29,33155.39,34.0,13688.45,619.0,5435.49,2,5,1,RENT,business,1
APP100262,35,8648.92,33.0,5903.41,632.0,789.67,1,29,0,MORTGAGE,home_improvement,0
APP100263,66,28499.7,10.0,8687.4,622.0,3944.04,2,17,1,MORTGAGE,credit_card,1
APP100264,69,62286.15,4.0,23935.09,601.0,8622.7,0,29,3,RENT,home_improvement,1
APP100265,49,15663.64,11.0,22270.66,576.0,7819.56,5,22,0,RENT,debt_consolidation,1
APP100266,42,38420.47,9.0,4497.89,690.0,4021.48,12,3,1,MORTGAGE,home_improvement,0
APP100267,37,80228.22,35.0,7945.95,806.0,4717.03,4,1,2,RENT,debt_consolidation,0
APP100268,51,24827.16,0.0,31345.88,774.0,3301.89,3,27,0,MORTGAGE,credit_card,0
APP100269,49,36354.55,33.0,9506.14,713.0,3871.36,14,20,1,RENT,debt_consolidation,1
APP100270,35,18920.32,26.0,11731.74,457.0,8114.59,7,25,0,RENT,credit_card,1
APP100271,22,81929.6,4.0,19460.83,500.0,2697.52,0,0,0,RENT,business,1
APP100272,28,34833.46,27.0,4725.38,735.0,2917.5,8,4,2,RENT,home_improvement,0
APP100273,67,37172.09,23.0,5980.03,779.0,1389.03,8,24,3,RENT,debt_consolidation,1
APP100274,41,71478.37,0.0,8654.03,694.0,8244.97,6,25,0,MORTGAGE,home_improvement,0
APP100275,44,50551.06,8.0,21650.29,625.0,3805.15,12,8,3,MORTGAGE,home_improvement,1
APP100276,43,23439.68,13.0,19377.33,758.0,1789.42,10,29,0,RENT,debt_consolidation,0
APP100277,59,26274.68,8.0,16185.32,710.0,9488.91,0,4,1,RENT,credit_card,0
APP100278,24,46512.0,23.0,9667.3,740.0,4533.12,5,9,1,OWN,debt_consolidation,0
APP100279,25,26580.67,24.0,20696.95,501.0,2598.17,8,3,3,OWN,credit_card,1
APP100280,34,12599.07,6.0,9589.39,677.0,9609.33,9,17,4,MORTGAGE,credit_card,1
APP100281,44,35361.52,4.0,14865.24,791.0,3580.45,5,13,0,RENT,car,0
APP100282,53,17324.79,26.0,18164.48,692.0,1340.64,6,18,0,OWN,credit_card,0
APP100283,45,81482.28,18.0,29088.32,725.0,10129.47,3,8,2,RENT,debt_consolidation,0
APP100284,42,39671.72,10.0,10159.91,652.0,2402.78,9,15,0,OWN,debt_consolidation,0
APP100285,66,23095.95,10.0,8454.33,658.0,52710.0,3,14,2,RENT,debt_consolidation,1
APP100286,28,25608.61,1.0,22857.74,762.0,3294.01,7,8,2,RENT,credit_card,0
APP100287,49,14119.35,34.0,23935.35,596.0,938.26,12,25,2,RENT,business,0
APP100288,47,20957.86,33.0,7585.36,588.0,19147.55,13,25,4,OWN,credit_card,1
APP100289,44,60364.81,22.0,5415.28,611.0,4497.99,6,3,2,MORTGAGE,credit_card,1
APP100290,60,110845.55,,21838.3,651.0,5774.4,3,8,1,RENT,business,1
APP100291,34,52218.82,8.0,3924.38,521.0,6386.22,0,7,1,RENT,credit_card,1
APP100292,67,34682.09,12.0,3805.94,708.0,1584.41,12,8,2,MORTGAGE,car,0
APP100293,37,29261.28,37.0,8946.55,636.0,831.42,6,3,1,OWN,debt_consolidation,0
APP100294,47,22510.84,3.0,10524.53,718.0,22460.18,2,11,1,MORTGAGE,credit_card,0
APP100295,46,101710.21,32.0,5239.75,480.0,1347.24,12,19,0,MORTGAGE,credit_card,1
APP100296,62,33045.0,12.0,11306.34,718.0,17447.07,7,11,3,RENT,credit_card,1
APP100297,42,104591.22,10.0,11613.02,756.0,7170.26,10,18,0,RENT,car,0
APP100298,34,72893.86,,7418.76,685.0,5413.75,0,2,1,MORTGAGE,home_improvement,1
APP100299,22,15208.38,38.0,33526.07,652.0,3235.75,14,25,0,RENT,business,0
APP100300,38,26030.49,39.0,12808.4,719.0,29842.48,4,15,2,RENT,business,1
APP100301,61,25990.27,10.0,19479.02,751.0,2703.78,11,21,1,MORTGAGE,credit_card,0
APP100302,21,34894.23,23.0,4130.99,691.0,2764.88,4,14,0,OWN,home_improvement,0
APP100303,64,35236.68,11.0,4109.66,697.0,8063.28,2,20,0,MORTGAGE,car,0
APP100304,47,162449.03,7.0,13043.4,782.0,2747.31,6,16,1,MORTGAGE,credit_card,0
APP100305,27,21192.15,15.0,30119.09,710.0,2095.59,1,4,1,OWN,debt_consolidation,0
APP100306,35,40720.42,2.0,5399.38,585.0,4495.98,7,6,1,RENT,business,1
APP100307,48,49427.09,6.0,10786.23,751.0,8164.81,6,24,0,OWN,home_improvement,0
APP100308,36,36286.97,23.0,4717.07,640.0,21187.88,1,10,2,RENT,debt_consolidation,1
APP100309,26,38372.27,,6430.62,652.0,24943.14,6,0,2,OWN,home_improvement,0
APP100310,53,21538.46,10.0,11112.95,658.0,1124.47,8,15,1,OWN,debt_consolidation,0
APP100311,53,38301.45,22.0,7364.55,727.0,10848.81,8,21,1,RENT,credit_card,0
APP100312,26,46896.56,30.0,4521.89,789.0,2144.44,1,25,2,RENT,home_improvement,0
APP100313,34,42778.9,35.0,4461.54,651.0,2231.71,10,24,1,OWN,car,0
APP100314,32,48295.83,22.0,3191.98,788.0,3060.64,4,28,0,MORTGAGE,credit_card,0
APP100315,53,73592.91,9.0,13173.34,663.0,2908.62,3,6,3,MORTGAGE,debt_consolidation,1
APP100316,56,58016.53,28.0,14165.27,762.0,2002.81,12,21,0,RENT,car,0
APP100317,56,37633.4,6.0,14122.61,665.0,733.51,14,9,1,MORTGAGE,home_improvement,0
APP100318,66,20213.8,5.0,5735.87,610.0,15000.48,1,26,1,MORTGAGE,home_improvement,1
APP100319,58,26903.12,,18098.25,803.0,9676.81,7,7,0,MORTGAGE,credit_card,0
APP100320,36,32538.67,13.0,15124.44,602.0,4655.25,3,21,1,OWN,debt_consolidation,1
APP100321,26,41199.15,5.0,9940.54,597.0,2175.34,10,24,0,OWN,home_improvement,0
APP100322,51,28590.61,2.0,9008.31,549.0,12672.31,9,17,1,RENT,car,1
APP100323,65,22745.75,37.0,6704.48,751.0,4484.01,6,12,1,RENT,credit_card,0
APP100324,68,20048.32,27.0,11106.63,770.0,2977.94,11,13,2,OWN,home_improvement,0
APP100325,32,15905.35,28.0,26117.18,679.0,1266.21,10,10,0,MORTGAGE,debt_consolidation,0
APP100326,32,32290.38,2.0,19588.81,571.0,7257.22,13,3,1,RENT,car,1
APP100327,22,17416.39,31.0,8486.85,649.0,3610.79,14,15,1,MORTGAGE,business,1
APP100328,27,22020.68,,13672.92,625.0,5814.7,6,18,2,MORTGAGE,credit_card,1
APP100329,48,29823.41,29.0,5110.96,567.0,5399.92,2,21,2,RENT,debt_consolidation,1
APP100330,47,18620.93,19.0,15337.26,610.0,7846.42,13,1,2,MORTGAGE,credit_card,0
APP100331,39,43909.07,9.0,6011.84,690.0,5615.59,6,19,3,MORTGAGE,home_improvement,1
APP100332,36,52581.07,10.0,14975.24,601.0,3698.07,13,8,1,OWN,debt_consolidation,0
APP100333,61,27592.15,5.0,58773.32,673.0,7356.18,10,21,2,MORTGAGE,debt_consolidation,1
APP100334,43,29187.22,33.0,7030.36,507.0,10100.4,7,14,1,MORTGAGE,debt_consolidation,1
APP100335,60,47510.92,17.0,57164.14,784.0,16265.24,12,28,1,RENT,car,0
APP100336,68,25412.65,31.0,13284.87,618.0,1926.16,11,3,1,MORTGAGE,credit_card,1
APP100337,36,24554.07,33.0,6312.11,719.0,11492.91,9,7,1,OWN,home_improvement,0
APP100338,30,66055.41,6.0,6140.9,665.0,1325.4,7,21,1,OWN,home_improvement,0
APP100339,67,56505.53,13.0,40903.6,682.0,10630.19,3,6,2,RENT,debt_consolidation,1
APP100340,52,49058.81,4.0,13303.64,559.0,2943.85,3,7,0,RENT,car,1
APP100341,35,57689.03,0.0,7046.65,589.0,9257.67,9,19,2,MORTGAGE,debt_consolidation,1
APP100342,51,13512.37,39.0,8759.76,590.0,15585.7,5,15,3,MORTGAGE,other,1
APP100343,46,71461.76,26.0,12816.2,652.0,5672.86,9,4,1,OWN,credit_card,1
APP100344,65,44180.16,18.0,9845.48,756.0,4732.1,10,9,0,MORTGAGE,credit_card,0
APP100345,33,60197.78,8.0,12179.87,684.0,4542.72,0,19,1,OWN,home_improvement,0
APP100346,69,44072.04,23.0,28686.06,577.0,3372.92,1,1,0,RENT,debt_consolidation,0
APP100347,66,37214.82,21.0,5030.21,656.0,12082.69,9,28,1,RENT,credit_card,1
APP100348,29,31645.32,8.0,14570.85,643.0,4508.76,14,11,1,RENT,debt_consolidation,0
APP100349,29,43633.14,0.0,9473.57,621.0,862.47,7,13,0,OWN,car,0
APP100350,47,31073.98,18.0,7336.17,648.0,9969.96,10,19,3,MORTGAGE,business,1
APP100351,23,56046.56,20.0,18831.84,711.0,9559.71,4,6,1,MORTGAGE,credit_card,0
APP100352,35,16428.48,,4118.09,592.0,5087.26,3,16,1,MORTGAGE,car,1
APP100353,42,27700.68,15.0,2392.61,622.0,2616.06,3,29,3,RENT,home_improvement,1
APP100354,68,100953.13,3.0,11324.45,728.0,1942.69,14,28,1,MORTGAGE,credit_card,0
APP100355,69,26554.64,35.0,9109.67,687.0,2622.06,11,11,1,OWN,debt_consolidation,0
APP100356,28,32230.17,16.0,4395.3,752.0,5762.07,5,29,0,OWN,home_improvement,0
APP100357,64,23358.34,28.0,3546.33,764.0,1124.58,0,3,1,MORTGAGE,debt_consolidation,0
APP100358,25,42955.62,1.0,31520.08,541.0,6901.76,12,26,3,RENT,home_improvement,1
APP100359,57,25131.25,1.0,13066.53,673.0,5208.51,4,12,1,OWN,debt_consolidation,1
APP100360,62,33096.89,0.0,10014.48,609.0,13764.09,3,9,0,MORTGAGE,business,1
APP100361,64,55516.37,31.0,36943.57,554.0,8612.74,10,2,5,OWN,business,1
APP100362,31,25606.93,9.0,18274.05,586.0,2756.05,1,18,1,RENT,credit_card,1
APP100363,64,53868.74,31.0,28611.56,625.0,1270.65,3,2,0,MORTGAGE,home_improvement,0
APP100364,26,54781.87,37.0,4875.74,626.0,2547.89,7,21,0,MORTGAGE,credit_card,0
APP100365,46,61542.18,26.0,4767.44,601.0,14838.62,1,1,0,RENT,business,0
APP100366,44,38959.21,39.0,14331.93,648.0,6219.78,13,15,1,OWN,business,0
APP100367,36,183621.08,37.0,12691.65,845.0,7925.74,14,13,0,MORTGAGE,home_improvement,0
APP100368,22,61529.18,28.0,20947.97,511.0,2971.0,12,29,0,RENT,debt_consolidation,1
APP100369,58,42720.7,32.0,3720.18,740.0,7243.14,8,13,3,MORTGAGE,credit_card,1
APP100370,37,23436.22,24.0,15095.6,648.0,1456.61,8,9,1,MORTGAGE,home_improvement,1
APP100371,53,34595.21,8.0,17918.0,614.0,10385.46,4,22,2,MORTGAGE,business,1
APP100372,41,74099.46,4.0,17356.17,488.0,1950.14,2,26,0,MORTGAGE,business,1
APP100373,39,85371.48,15.0,7754.15,711.0,1012.79,2,16,0,OWN,car,0
APP100374,64,76051.39,19.0,13509.78,534.0,30027.39,2,22,0,RENT,debt_consolidation,1
APP100375,25,53776.73,13.0,6214.28,716.0,5474.79,0,25,1,MORTGAGE,credit_card,0
APP100376,57,19383.35,4.0,8301.84,789.0,5354.9,11,13,0,MORTGAGE,business,0
APP100377,57,46331.66,20.0,5293.52,547.0,1101.07,11,26,2,OWN,credit_card,1
APP100378,39,19522.03,19.0,6277.96,743.0,8087.28,10,24,0,MORTGAGE,home_improvement,0
APP100379,33,17262.03,38.0,8564.86,652.0,9984.77,5,5,0,MORTGAGE,car,0
APP100380,21,40928.39,38.0,7371.95,482.0,4190.45,1,12,0,MORTGAGE,debt_consolidation,1
APP100381,66,47174.07,24.0,6277.49,553.0,10015.87,2,1,0,RENT,debt_consolidation,1
APP100382,67,57050.3,34.0,4538.0,664.0,12536.59,12,23,2,MORTGAGE,business,0
APP100383,32,46563.31,12.0,32101.48,682.0,7484.41,13,21,0,MORTGAGE,car,0
APP100384,22,47372.3,38.0,7329.5,523.0,868.72,0,1,0,OWN,credit_card,1
APP100385,27,22196.14,37.0,12063.98,652.0,1956.11,10,0,0,RENT,business,0
APP100386,24,34458.52,5.0,3444.79,715.0,18949.19,13,18,2,RENT,home_improvement,1
APP100387,61,17093.3,28.0,22350.18,729.0,5249.6,12,11,0,OWN,debt_consolidation,0
APP100388,64,13337.24,18.0,10941.26,616.0,5268.52,3,1,0,OWN,credit_card,0
APP100389,28,52592.11,10.0,7583.08,685.0,2526.71,9,1,0,OWN,car,0
APP100390,57,24920.29,,7622.92,735.0,2951.36,12,25,2,OWN,credit_card,0
APP100391,29,56176.24,36.0,16674.67,718.0,12760.63,13,13,0,RENT,debt_consolidation,0
APP100392,38,63207.22,36.0,1682.68,721.0,16297.67,10,22,2,OWN,credit_card,0
APP100393,50,26644.59,13.0,6035.92,659.0,9299.98,5,13,2,MORTGAGE,debt_consolidation,1
APP100394,56,48783.9,18.0,9214.65,642.0,7640.8,10,27,2,MORTGAGE,debt_consolidation,0
APP100395,63,26092.98,20.0,9151.14,671.0,8113.6,2,25,2,OWN,home_improvement,1
APP100396,23,14429.94,29.0,44497.45,588.0,4645.72,1,27,1,MORTGAGE,home_improvement,0
APP100397,30,38624.99,19.0,8082.4,738.0,1876.33,0,19,0,RENT,credit_card,0
APP100398,34,28697.44,15.0,17928.31,527.0,1578.39,8,0,2,RENT,home_improvement,1
APP100399,36,29142.58,36.0,29348.43,609.0,14070.19,0,12,1,MORTGAGE,credit_card,1
APP100400,69,97506.23,14.0,14799.79,647.0,4787.01,2,2,0,RENT,debt_consolidation,1
APP100401,59,16933.88,10.0,6605.85,687.0,7198.7,12,15,2,RENT,home_improvement,1
APP100402,36,43977.59,13.0,4579.33,702.0,5817.38,6,14,2,OWN,car,1
APP100403,68,22083.73,13.0,15479.2,769.0,6058.35,9,16,3,RENT,home_improvement,1
APP100404,45,57189.79,22.0,26556.11,656.0,6476.64,6,28,0,RENT,home_improvement,0
APP100405,45,42159.51,26.0,13733.29,592.0,8586.29,0,6,3,RENT,debt_consolidation,1
APP100406,42,43900.11,5.0,20745.17,638.0,2659.67,8,26,4,MORTGAGE,debt_consolidation,0
APP100407,28,22641.85,35.0,46871.65,624.0,12656.5,1,23,3,MORTGAGE,credit_card,1
APP100408,66,24765.48,,16357.22,691.0,2723.88,10,13,0,OWN,debt_consolidation,1
APP100409,21,57735.37,4.0,5113.4,564.0,5952.52,10,14,1,RENT,debt_consolidation,1
APP100410,29,88027.0,26.0,10205.03,635.0,1907.61,10,11,2,RENT,car,0
APP100411,32,46173.16,8.0,22519.33,779.0,4301.4,5,19,0,MORTGAGE,home_improvement,0
APP100412,34,23185.67,30.0,8524.78,664.0,2899.04,7,23,0,RENT,debt_consolidation,0
APP100413,27,43022.1,37.0,24426.49,565.0,5010.9,11,0,0,OWN,car,0
APP100414,21,122239.32,27.0,9507.52,622.0,8851.31,6,29,0,MORTGAGE,credit_card,0
APP100415,54,38223.71,31.0,12095.74,471.0,5223.08,14,3,3,MORTGAGE,car,1
APP100416,68,75426.99,19.0,8018.89,645.0,23592.57,9,4,1,MORTGAGE,credit_card,1
APP100417,26,25080.23,13.0,10891.32,781.0,9290.39,11,17,1,OWN,credit_card,0
APP100418,35,,24.0,11242.63,555.0,4093.83,9,3,2,MORTGAGE,car,1
APP100419,45,49502.71,14.0,3770.17,533.0,4587.61,2,22,3,OWN,credit_card,1
APP100420,66,44296.64,35.0,7593.47,597.0,6648.92,6,6,1,MORTGAGE,home_improvement,1
APP100421,55,24755.57,18.0,4722.41,723.0,8633.96,9,9,0,RENT,home_improvement,0
APP100422,58,24227.44,19.0,7752.22,786.0,1831.26,7,17,2,OWN,car,0
APP100423,49,59524.44,26.0,6141.98,685.0,8178.98,8,28,1,RENT,car,1
APP100424,41,65892.2,7.0,18162.11,547.0,1869.69,13,5,1,RENT,car,1
APP100425,30,77348.14,22.0,18288.72,648.0,7569.48,12,25,2,RENT,business,1
APP100426,63,89497.43,30.0,13851.88,793.0,11849.93,3,19,1,RENT,business,0
APP100427,60,38844.03,31.0,4625.83,625.0,6246.56,3,15,0,MORTGAGE,debt_consolidation,0
APP100428,22,31082.5,8.0,9331.2,661.0,764.64,2,26,2,MORTGAGE,home_improvement,1
APP100429,56,71360.19,2.0,4410.24,669.0,1181.0,10,19,0,OWN,home_improvement,0
APP100430,25,51872.01,7.0,9060.0,526.0,7709.23,7,24,0,MORTGAGE,debt_consolidation,1
APP100431,57,22220.54,32.0,14595.27,729.0,690.21,8,17,1,MORTGAGE,credit_card,0
APP100432,61,21659.13,10.0,17948.51,718.0,8005.64,13,14,1,RENT,debt_consolidation,0
APP100433,27,46442.26,2.0,13143.82,490.0,10806.04,7,9,0,MORTGAGE,credit_card,1
APP100434,42,33235.13,23.0,21058.99,543.0,12187.21,9,8,3,MORTGAGE,car,1
APP100435,27,35838.75,35.0,11566.33,572.0,4051.41,4,1,0,OWN,debt_consolidation,0
APP100436,48,62085.43,8.0,8602.98,709.0,6980.0,12,8,0,RENT,business,0
APP100437,66,53078.04,1.0,16717.25,,5808.71,0,24,1,MORTGAGE,business,1
APP100438,24,70610.68,5.0,17049.66,682.0,1512.83,8,8,1,OWN,home_improvement,1
APP100439,40,13824.97,5.0,7226.41,635.0,8919.68,12,13,0,RENT,other,1
APP100440,68,41220.83,8.0,12424.05,655.0,14948.73,10,11,1,MORTGAGE,debt_consolidation,1
APP100441,35,51397.47,7.0,8295.03,689.0,8531.5,1,25,0,MORTGAGE,credit_card,0
APP100442,27,16927.71,25.0,2965.63,671.0,3287.09,12,17,2,OWN,debt_consolidation,0
APP100443,44,26174.79,8.0,12888.15,648.0,8883.58,5,11,1,OWN,debt_consolidation,1
APP100444,45,23855.2,21.0,4551.84,676.0,13878.62,7,27,1,OWN,car,0
APP100445,53,36711.64,16.0,12051.38,667.0,12493.83,7,0,2,RENT,credit_card,1
APP100446,36,81955.11,26.0,3939.53,633.0,11175.7,5,3,1,MORTGAGE,business,1
APP100447,67,99837.06,26.0,6426.59,615.0,1375.42,4,3,2,RENT,credit_card,1
APP100448,46,24169.73,23.0,7629.98,800.0,6758.6,13,2,0,OWN,other,0
APP100449,35,47253.34,35.0,20354.04,614.0,8238.03,9,4,1,MORTGAGE,home_improvement,1
APP100450,68,48021.25,7.0,7186.01,759.0,11281.59,14,20,2,MORTGAGE,credit_card,1
APP100451,66,44082.27,20.0,5192.74,595.0,7424.19,4,21,3,MORTGAGE,home_improvement,1
APP100452,45,44333.23,15.0,12315.42,714.0,17010.08,4,2,0,MORTGAGE,business,0
APP100453,22,42271.62,21.0,8689.02,792.0,1138.79,7,0,1,OWN,debt_consolidation,0
APP100454,50,84439.03,5.0,15904.17,622.0,7682.34,9,27,2,OWN,credit_card,0
APP100455,48,63021.63,12.0,5393.08,596.0,7209.81,1,24,0,RENT,debt_consolidation,0
APP100456,28,21373.84,37.0,11231.89,615.0,10119.04,5,23,1,RENT,home_improvement,1
APP100457,52,54060.58,32.0,43553.27,648.0,16876.87,6,20,0,OWN,debt_consolidation,0
APP100458,62,56737.28,17.0,8573.51,675.0,2414.81,1,12,3,RENT,credit_card,1
APP100459,26,42509.53,4.0,11070.49,646.0,16429.47,8,9,0,RENT,debt_consolidation,1
APP100460,56,63940.75,25.0,3653.26,616.0,9432.5,1,9,0,OWN,debt_consolidation,1
APP100461,27,39896.23,12.0,5932.57,806.0,4231.31,12,15,1,MORTGAGE,car,0
APP100462,57,40144.22,13.0,13040.72,633.0,2375.5,7,1,1,MORTGAGE,debt_consolidation,1
APP100463,41,38585.05,3.0,8119.8,600.0,5750.55,2,27,0,RENT,debt_consolidation,1
APP100464,21,13238.41,11.0,14309.23,716.0,6176.71,7,29,3,OWN,credit_card,1
APP100465,68,34884.6,8.0,12771.4,717.0,6457.19,5,2,0,RENT,credit_card,1
APP100466,29,26000.6,1.0,4488.09,762.0,2976.31,6,15,2,RENT,credit_card,1
APP100467,50,20065.88,23.0,18200.13,804.0,8002.19,3,10,2,OWN,credit_card,0
APP100468,29,74384.97,38.0,4695.64,677.0,3553.07,6,11,1,RENT,credit_card,0
APP100469,66,46728.23,5.0,6254.44,626.0,13007.23,2,11,1,RENT,debt_consolidation,1
APP100470,57,35777.86,2.0,11358.15,497.0,19305.89,4,15,1,MORTGAGE,credit_card,1
APP100471,60,27380.83,4.0,25341.88,574.0,2565.53,5,28,2,MORTGAGE,debt_consolidation,1
APP100472,42,42111.86,21.0,5419.04,666.0,5155.98,11,22,1,MORTGAGE,debt_consolidation,0
APP100473,43,59618.31,33.0,10814.15,555.0,10697.13,13,29,0,RENT,business,1
APP100474,52,24017.0,12.0,10868.37,523.0,6128.49,13,8,1,OWN,home_improvement,1
APP100475,59,36227.94,4.0,14682.56,655.0,1665.67,5,25,2,MORTGAGE,credit_card,1
APP100476,62,56051.9,3.0,20139.1,712.0,9816.68,5,12,3,RENT,credit_card,1
APP100477,21,13794.14,24.0,7766.34,630.0,3027.17,4,11,0,RENT,credit_card,0
APP100478,53,35285.07,14.0,18162.41,721.0,5769.7,7,1,0,OWN,business,0
APP100479,26,29300.34,14.0,21986.7,699.0,2218.9,14,26,0,RENT,other,0
APP100480,35,33964.97,9.0,28864.72,741.0,9280.56,3,3,0,OWN,credit_card,0
APP100481,61,28259.52,35.0,13375.15,823.0,3509.28,10,14,1,RENT,home_improvement,0
APP100482,33,38902.44,14.0,10877.61,850.0,10100.52,3,29,1,MORTGAGE,debt_consolidation,0
APP100483,60,95017.24,28.0,7444.64,708.0,4138.53,5,19,1,MORTGAGE,car,0
APP100484,43,30885.4,29.0,4124.12,613.0,3344.3,7,3,2,MORTGAGE,other,1
APP100485,32,42018.09,2.0,8376.86,654.0,6834.84,11,27,0,OWN,debt_consolidation,0
APP100486,37,98456.81,9.0,10587.22,775.0,2080.79,12,17,3,RENT,debt_consolidation,0
APP100487,47,27584.03,35.0,9267.83,578.0,20714.44,9,7,1,RENT,car,1
APP100488,58,89979.55,35.0,14166.44,765.0,5701.56,9,7,0,OWN,credit_card,0
APP100489,50,36412.29,16.0,4136.05,636.0,3124.38,12,25,2,RENT,home_improvement,1
APP100490,66,88516.84,6.0,8873.42,668.0,3570.74,9,17,0,RENT,credit_card,0
APP100491,63,52844.06,11.0,32756.66,585.0,4984.35,1,11,1,OWN,debt_consolidation,1
APP100492,57,42342.82,37.0,17986.19,544.0,10901.57,0,8,1,OWN,credit_card,1
APP100493,50,35143.14,26.0,14324.32,627.0,2402.79,8,26,1,MORTGAGE,debt_consolidation,0
APP100494,35,26581.73,3.0,12511.57,754.0,3659.1,0,10,0,MORTGAGE,credit_card,0
APP100495,41,37718.12,28.0,7948.52,593.0,4723.91,10,16,1,MORTGAGE,debt_consolidation,0
APP100496,26,56878.96,5.0,3454.93,779.0,16881.56,11,2,2,MORTGAGE,business,0
APP100497,39,36078.21,12.0,13020.46,604.0,10930.53,14,7,1,RENT,debt_consolidation,1
APP100498,66,30998.33,19.0,2277.75,564.0,17538.21,0,23,1,MORTGAGE,home_improvement,1
APP100499,41,32035.78,14.0,8140.99,670.0,5038.32,9,22,1,MORTGAGE,other,0
APP100500,26,59649.34,27.0,9875.42,,15462.98,14,29,2,MORTGAGE,other,0
APP100501,52,67008.9,6.0,7568.01,665.0,13545.66,2,3,3,RENT,home_improvement,1
APP100502,68,26014.9,35.0,36418.42,662.0,8581.89,11,15,0,MORTGAGE,credit_card,0
APP100503,63,25996.21,23.0,29572.66,778.0,9150.82,14,4,1,OWN,credit_card,1
APP100504,34,43900.43,12.0,18392.29,657.0,3054.41,1,22,2,MORTGAGE,credit_card,0
APP100505,43,77945.57,38.0,5680.55,612.0,21218.81,6,4,1,RENT,business,1
APP100506,47,64408.13,19.0,31346.23,559.0,4039.52,1,3,3,MORTGAGE,car,1
APP100507,33,19420.29,16.0,14348.22,751.0,7690.65,7,25,2,RENT,business,0
APP100508,34,31823.55,0.0,5624.08,615.0,8445.24,12,3,1,MORTGAGE,debt_consolidation,0
APP100509,32,22804.16,39.0,10093.33,623.0,1640.78,3,26,0,MORTGAGE,other,0
APP100510,69,31768.92,33.0,17591.04,734.0,4717.91,11,22,4,RENT,home_improvement,0
APP100511,57,81000.05,7.0,6909.64,814.0,5783.13,12,17,0,OWN,business,0
APP100512,62,17831.1,37.0,10767.84,670.0,4488.58,0,4,0,MORTGAGE,car,0
APP100513,61,16164.41,31.0,11966.73,639.0,4762.9,7,8,0,MORTGAGE,car,1
APP100514,67,23997.93,16.0,5112.72,649.0,16222.39,3,6,0,RENT,debt_consolidation,1
APP100515,26,41925.74,37.0,8416.46,613.0,2535.86,14,11,0,RENT,debt_consolidation,1
APP100516,64,49532.16,22.0,5349.31,621.0,1781.11,10,6,2,OWN,debt_consolidation,1
APP100517,24,45194.21,27.0,16667.25,621.0,3074.22,7,5,1,MORTGAGE,credit_card,0
APP100518,44,65371.57,7.0,5739.73,722.0,8914.17,9,9,1,OWN,car,0
APP100519,50,15039.83,4.0,11790.89,642.0,9636.77,2,0,1,RENT,debt_consolidation,1
APP100520,38,65786.39,21.0,4298.01,758.0,7980.9,7,27,2,MORTGAGE,other,0
APP100521,28,31068.58,13.0,5013.74,640.0,10192.93,11,25,2,RENT,home_improvement,1
APP100522,30,52352.09,39.0,4870.11,620.0,6031.99,14,8,2,RENT,car,1
APP100523,61,18737.6,3.0,8318.65,752.0,3247.33,2,5,1,RENT,business,0
APP100524,36,36405.62,30.0,11028.4,651.0,2307.4,13,26,0,MORTGAGE,credit_card,0
APP100525,36,40869.34,24.0,12318.45,639.0,1790.6,4,2,2,MORTGAGE,debt_consolidation,1
APP100526,66,64723.23,35.0,3417.48,,4098.04,12,22,3,OWN,credit_card,1
APP100527,28,16438.36,39.0,8944.7,,9234.25,14,3,2,MORTGAGE,credit_card,0
APP100528,65,36878.21,34.0,6308.52,674.0,5940.38,11,2,0,MORTGAGE,other,0
APP100529,66,21107.47,14.0,13636.52,749.0,5005.83,14,27,0,RENT,debt_consolidation,0
APP100530,50,46758.35,27.0,8428.87,631.0,2112.65,8,16,1,RENT,credit_card,1
APP100531,29,,6.0,9428.59,737.0,38693.02,11,10,1,RENT,car,1
APP100532,28,69119.01,19.0,6329.84,669.0,2539.27,13,1,1,RENT,car,0
APP100533,34,27791.49,10.0,27855.58,720.0,5412.63,3,19,1,MORTGAGE,car,0
APP100534,49,57734.68,10.0,4581.82,727.0,10964.45,10,16,1,MORTGAGE,other,0
APP100535,28,71714.68,22.0,7786.6,574.0,5084.06,11,0,2,RENT,home_improvement,0
APP100536,43,15968.55,5.0,10557.15,,2577.17,7,21,4,MORTGAGE,business,1
APP100537,26,49324.32,22.0,8511.59,726.0,9385.57,8,15,2,MORTGAGE,other,0
APP100538,47,58644.88,16.0,6258.14,739.0,1683.04,9,25,0,OWN,debt_consolidation,0
APP100539,22,31908.79,9.0,3337.54,750.0,19803.99,6,22,0,MORTGAGE,home_improvement,1
APP100540,55,19823.3,22.0,6536.09,658.0,6159.73,8,17,2,MORTGAGE,credit_card,1
APP100541,23,58190.53,30.0,5565.65,773.0,4012.91,6,1,4,RENT,car,0
APP100542,30,19935.27,24.0,27106.66,597.0,1582.71,7,6,3,MORTGAGE,debt_consolidation,1
APP100543,29,33217.24,3.0,38515.56,530.0,1955.53,6,8,0,MORTGAGE,business,1
APP100544,61,35594.2,22.0,9600.06,627.0,4714.16,6,28,0,OWN,credit_card,0
APP100545,23,51936.08,24.0,4260.52,745.0,22341.43,4,9,0,MORTGAGE,credit_card,0
APP100546,42,26547.32,27.0,15410.84,563.0,5921.71,1,15,1,RENT,car,1
APP100547,49,25789.12,17.0,5493.68,532.0,6487.6,8,26,2,MORTGAGE,credit_card,1
APP100548,46,38156.74,3.0,7118.82,512.0,6693.45,6,0,5,OWN,business,1
APP100549,54,60065.76,5.0,6786.5,708.0,32572.83,0,19,1,MORTGAGE,business,1
APP100550,60,113973.93,13.0,7329.75,534.0,3452.62,7,26,2,MORTGAGE,debt_consolidation,1
APP100551,40,17090.18,25.0,7999.77,693.0,17195.0,12,25,2,MORTGAGE,debt_consolidation,0
APP100552,61,42517.5,29.0,4500.3,623.0,3572.91,3,15,0,RENT,car,0
APP100553,36,21093.76,26.0,6495.03,588.0,2799.26,13,11,1,RENT,credit_card,1
APP100554,69,60439.95,12.0,18250.84,570.0,4611.51,8,5,3,MORTGAGE,debt_consolidation,0
APP100555,45,22713.79,17.0,9699.85,666.0,4593.35,5,17,0,OWN,credit_card,1
APP100556,57,25917.56,1.0,10669.97,589.0,7704.89,13,26,2,MORTGAGE,debt_consolidation,1
APP100557,63,27047.9,31.0,2593.21,649.0,765.72,14,15,1,RENT,debt_consolidation,1
APP100558,59,34957.93,14.0,17477.51,682.0,5531.91,13,19,1,RENT,debt_consolidation,0
APP100559,62,42684.83,20.0,6559.62,699.0,3044.23,11,8,4,RENT,car,1
APP100560,47,,17.0,19426.26,724.0,2754.08,9,22,1,MORTGAGE,business,0
APP100561,23,36210.93,11.0,10857.0,663.0,1743.03,12,12,0,RENT,car,0
APP100562,45,18677.12,6.0,7064.01,,3670.77,12,10,0,RENT,debt_consolidation,1
APP100563,29,52255.12,38.0,3616.73,687.0,3250.99,13,7,1,OWN,car,0
APP100564,64,35366.51,4.0,36494.16,702.0,3493.63,12,19,3,RENT,home_improvement,1
APP100565,32,64917.17,37.0,16025.69,635.0,1324.93,5,0,1,MORTGAGE,home_improvement,0
APP100566,32,25492.27,4.0,16611.4,626.0,5316.23,14,27,1,OWN,debt_consolidation,0
APP100567,33,16299.06,3.0,29474.97,848.0,2608.93,12,29,0,MORTGAGE,debt_consolidation,0
APP100568,52,35702.89,36.0,11321.42,546.0,1328.72,12,28,1,MORTGAGE,debt_consolidation,0
APP100569,48,69423.2,37.0,22279.9,689.0,3169.95,2,28,3,MORTGAGE,debt_consolidation,0
APP100570,67,39358.65,35.0,7426.83,733.0,2645.83,0,25,0,RENT,home_improvement,0
APP100571,41,32865.05,31.0,15406.54,622.0,5079.2,14,24,0,OWN,credit_card,0
APP100572,34,23501.66,19.0,6781.42,636.0,3136.28,9,12,0,RENT,credit_card,0
APP100573,23,87455.31,4.0,7315.02,617.0,1541.28,8,5,0,MORTGAGE,car,0
APP100574,21,21702.85,23.0,10490.24,650.0,2414.67,10,0,1,OWN,credit_card,0
APP100575,39,25268.22,20.0,4626.52,721.0,1234.82,10,0,0,RENT,credit_card,1
APP100576,66,48291.8,29.0,12060.06,634.0,12206.24,0,21,0,RENT,business,0
APP100577,46,14356.95,1.0,8207.68,850.0,13881.18,4,5,0,MORTGAGE,home_improvement,0
APP100578,64,,3.0,3003.29,613.0,15292.71,8,4,0,MORTGAGE,home_improvement,1
APP100579,25,49617.39,23.0,7520.61,760.0,3065.98,0,26,0,OWN,debt_consolidation,0
APP100580,25,56932.15,34.0,8046.3,,13872.83,13,4,0,MORTGAGE,home_improvement,0
APP100581,61,48004.91,37.0,16509.68,658.0,6806.26,2,4,2,OWN,credit_card,0
APP100582,26,33504.61,22.0,11744.25,767.0,2545.99,6,14,0,MORTGAGE,business,0
APP100583,23,21341.86,14.0,23587.76,521.0,2972.58,2,7,2,MORTGAGE,car,1
APP100584,40,33859.07,18.0,13521.9,684.0,4283.03,0,2,0,MORTGAGE,car,0
APP100585,66,22300.89,20.0,7098.39,592.0,5334.56,6,20,1,OWN,home_improvement,0
APP100586,54,46308.35,24.0,9556.57,615.0,6570.36,11,15,2,MORTGAGE,credit_card,1
APP100587,25,54360.33,9.0,8031.86,611.0,4907.75,4,14,0,OWN,home_improvement,1
APP100588,62,75993.59,15.0,13263.67,572.0,3718.9,6,7,0,OWN,other,0
APP100589,62,43734.12,21.0,10258.82,517.0,14496.65,14,19,4,MORTGAGE,credit_card,1
APP100590,60,57658.2,34.0,6787.68,681.0,4487.15,5,16,1,RENT,debt_consolidation,1
APP100591,65,31301.7,32.0,9948.33,644.0,4286.29,12,16,0,MORTGAGE,credit_card,0
APP100592,32,28591.41,30.0,13052.15,625.0,4130.62,14,27,1,RENT,car,0
APP100593,68,,8.0,5410.77,710.0,4489.24,8,17,2,RENT,debt_consolidation,0
APP100594,36,29934.4,16.0,11970.56,686.0,1652.53,9,27,0,RENT,business,0
APP100595,60,41547.51,22.0,3838.32,628.0,2202.88,12,26,0,OWN,car,0
APP100596,49,21362.75,38.0,19213.01,850.0,34779.71,10,3,1,RENT,home_improvement,0
APP100597,59,23369.48,14.0,13579.39,731.0,1312.47,8,6,1,RENT,debt_consolidation,1
APP100598,51,49896.43,36.0,26306.46,845.0,6108.41,13,20,0,OWN,credit_card,1
APP100599,52,56576.28,29.0,5064.66,616.0,6464.1,13,4,1,RENT,debt_consolidation,0
APP100600,51,22185.01,25.0,19537.11,669.0,11049.93,4,21,2,RENT,home_improvement,1
APP100601,59,50782.5,28.0,17352.09,550.0,6590.76,11,12,1,RENT,debt_consolidation,0
APP100602,57,27823.39,31.0,8872.05,623.0,22307.84,3,9,2,MORTGAGE,credit_card,1
APP100603,27,36616.44,27.0,7895.23,603.0,5953.39,11,16,1,RENT,credit_card,0
APP100604,61,73752.65,26.0,5161.14,850.0,14447.6,1,8,0,OWN,credit_card,0
APP100605,47,54379.56,15.0,4413.9,594.0,11293.45,4,14,1,RENT,home_improvement,1
APP100606,36,54064.66,17.0,6306.02,631.0,16875.06,11,22,0,RENT,other,0
APP100607,46,94314.97,23.0,4658.9,533.0,5013.4,11,16,0,MORTGAGE,other,1
APP100608,68,25541.51,33.0,25782.04,692.0,6756.87,7,29,5,MORTGAGE,home_improvement,1
APP100609,63,22182.58,26.0,4018.92,577.0,3657.95,11,14,1,MORTGAGE,debt_consolidation,0
APP100610,61,25309.6,39.0,10822.01,723.0,5584.79,7,24,1,RENT,debt_consolidation,0
APP100611,43,31976.27,27.0,12854.16,506.0,5837.1,1,15,2,RENT,other,1
APP100612,59,11189.43,16.0,12264.93,640.0,932.69,12,25,0,MORTGAGE,home_improvement,0
APP100613,39,32737.81,23.0,12928.29,502.0,4382.98,0,27,2,OWN,home_improvement,1
APP100614,54,27659.23,24.0,17463.01,610.0,10015.59,12,26,0,RENT,debt_consolidation,0
APP100615,52,53738.23,,7573.77,627.0,1668.78,13,1,3,MORTGAGE,business,0
APP100616,33,43313.07,10.0,10430.93,602.0,2232.61,0,4,3,RENT,debt_consolidation,1
APP100617,34,26893.82,9.0,8298.77,609.0,12388.42,14,28,1,MORTGAGE,credit_card,1
APP100618,23,48775.35,8.0,21623.05,727.0,14393.07,9,23,1,MORTGAGE,credit_card,0
APP100619,27,52137.07,2.0,34888.74,823.0,2991.07,9,17,1,RENT,credit_card,0
APP100620,42,24728.88,27.0,4835.02,677.0,5648.74,4,19,2,RENT,credit_card,0
APP100621,44,28381.36,38.0,2925.85,581.0,4617.27,2,1,2,MORTGAGE,debt_consolidation,1
APP100622,29,11936.05,24.0,13925.53,655.0,12601.62,0,15,1,MORTGAGE,debt_consolidation,1
APP100623,41,21050.3,2.0,18811.5,621.0,3207.74,6,1,2,RENT,debt_consolidation,1
APP100624,50,25053.41,14.0,32022.25,721.0,3630.35,11,18,3,RENT,debt_consolidation,1
APP100625,32,37687.47,36.0,15409.42,673.0,14365.92,0,17,0,MORTGAGE,credit_card,0
APP100626,37,22636.27,2.0,22867.42,523.0,2202.47,3,19,2,MORTGAGE,debt_consolidation,1
APP100627,39,28092.95,24.0,26796.76,737.0,3299.85,12,20,1,RENT,credit_card,0
APP100628,45,,17.0,23833.96,727.0,5466.09,6,29,2,OWN,debt_consolidation,1
APP100629,38,39559.33,36.0,16792.65,769.0,16630.87,1,15,2,MORTGAGE,credit_card,0
APP100630,57,44929.83,20.0,4585.59,608.0,1891.7,14,24,0,OWN,home_improvement,0
APP100631,37,44408.34,22.0,9847.6,674.0,2783.68,5,13,0,RENT,credit_card,0
APP100632,42,36540.65,28.0,11849.29,555.0,7895.44,2,22,1,OWN,credit_card,1
APP100633,39,16805.53,32.0,9321.83,645.0,8933.47,8,8,1,MORTGAGE,other,1
APP100634,29,26636.11,20.0,9673.41,681.0,5821.1,1,12,1,RENT,credit_card,0
APP100635,54,29624.19,28.0,25345.0,599.0,4476.62,10,18,1,MORTGAGE,credit_card,0
APP100636,32,29683.67,32.0,6284.87,677.0,5451.91,9,29,2,RENT,home_improvement,1
APP100637,35,37702.84,21.0,15985.41,663.0,1471.72,13,26,0,OWN,debt_consolidation,0
APP100638,59,74070.36,28.0,11966.48,614.0,5330.17,4,8,1,OWN,credit_card,0
APP100639,67,54505.02,14.0,5916.38,761.0,16085.9,6,12,4,OWN,debt_consolidation,1
APP100640,53,22164.37,14.0,5187.67,631.0,1709.37,10,2,1,RENT,debt_consolidation,0
APP100641,65,,0.0,3566.04,660.0,2624.8,2,20,1,MORTGAGE,car,0
APP100642,62,50018.65,26.0,13244.61,532.0,3577.78,5,2,1,RENT,debt_consolidation,1
APP100643,44,24269.27,10.0,9528.6,691.0,3762.58,1,0,1,MORTGAGE,credit_card,0
APP100644,58,55516.36,32.0,6030.19,611.0,21441.68,10,22,2,OWN,home_improvement,1
APP100645,37,33517.12,38.0,3211.0,726.0,2331.98,9,13,1,MORTGAGE,other,0
APP100646,43,17944.22,35.0,12831.09,545.0,1987.5,1,5,0,OWN,home_improvement,1
APP100647,47,45597.19,11.0,8917.43,684.0,9107.53,1,22,1,MORTGAGE,business,1
APP100648,68,40476.66,26.0,6449.67,475.0,2929.29,6,23,1,RENT,debt_consolidation,1
APP100649,62,32408.02,30.0,5550.13,699.0,9229.31,9,25,0,MORTGAGE,debt_consolidation,0
APP100650,44,35641.77,20.0,8577.13,636.0,4197.95,11,24,0,MORTGAGE,credit_card,0
APP100651,52,25348.05,20.0,13121.38,681.0,7095.5,6,16,1,OWN,home_improvement,1
APP100652,30,49269.73,17.0,8119.39,601.0,1402.06,12,28,0,MORTGAGE,credit_card,0
APP100653,60,35535.05,12.0,4850.73,574.0,7076.43,6,16,3,MORTGAGE,car,1
APP100654,48,39467.17,22.0,9557.92,615.0,5850.24,8,20,1,MORTGAGE,home_improvement,0
APP100655,47,43415.46,39.0,18533.38,665.0,4006.59,3,4,0,MORTGAGE,home_improvement,0
APP100656,58,20388.11,8.0,10139.16,696.0,1833.18,9,16,5,RENT,business,1
APP100657,52,23222.07,1.0,10311.9,674.0,5845.74,13,8,0,OWN,debt_consolidation,1
APP100658,24,12028.42,2.0,8140.43,575.0,8771.27,4,24,0,MORTGAGE,credit_card,1
APP100659,35,48164.19,23.0,5803.41,797.0,3213.37,10,20,0,OWN,car,0
APP100660,29,19809.07,10.0,5688.84,676.0,3264.32,6,21,3,MORTGAGE,credit_card,0
APP100661,57,38804.24,18.0,3651.48,600.0,9275.31,7,23,1,OWN,business,0
APP100662,22,43717.08,38.0,20105.23,683.0,19306.11,8,18,1,MORTGAGE,debt_consolidation,0
APP100663,30,49078.5,3.0,13062.13,670.0,10422.22,6,2,2,MORTGAGE,credit_card,1
APP100664,50,19890.38,6.0,10399.28,635.0,5905.09,9,6,1,RENT,car,1
APP100665,55,35151.38,8.0,11817.65,626.0,4045.74,5,28,2,RENT,home_improvement,1
APP100666,45,83712.22,18.0,12133.4,,4807.82,2,20,1,MORTGAGE,debt_consolidation,0
APP100667,63,85575.76,27.0,6369.47,788.0,1702.08,5,28,1,RENT,home_improvement,0
APP100668,66,59495.83,7.0,8142.42,487.0,4343.74,6,2,4,MORTGAGE,credit_card,1
APP100669,27,42991.02,4.0,7446.32,748.0,12039.01,12,5,2,MORTGAGE,other,0
APP100670,67,21970.3,3.0,44660.93,651.0,5073.1,9,19,2,OWN,home_improvement,1
APP100671,51,52016.22,32.0,18253.67,668.0,2979.77,6,1,1,MORTGAGE,credit_card,0
APP100672,52,33556.62,1.0,10946.0,758.0,2767.23,12,2,1,RENT,credit_card,0
APP100673,25,48062.82,25.0,22462.23,437.0,4791.44,0,10,1,MORTGAGE,debt_consolidation,1
APP100674,51,26465.0,23.0,20822.99,715.0,1830.4,10,20,2,OWN,car,1
APP100675,56,33307.35,4.0,4322.92,752.0,2375.96,13,28,5,RENT,business,1
APP100676,49,39421.78,22.0,8658.42,594.0,16751.68,10,29,0,OWN,home_improvement,0
APP100677,25,41074.35,11.0,9800.66,538.0,2145.48,8,13,0,OWN,home_improvement,0
APP100678,46,46483.9,20.0,14284.31,781.0,2588.33,7,22,1,OWN,debt_consolidation,0
APP100679,66,27184.51,5.0,8652.51,509.0,6204.75,2,9,0,RENT,debt_consolidation,1
APP100680,56,18552.46,26.0,9328.98,683.0,3451.58,2,21,1,MORTGAGE,other,0
APP100681,27,81829.45,31.0,7503.99,731.0,5275.91,1,26,0,RENT,credit_card,0
APP100682,68,126074.35,0.0,18571.09,681.0,9801.6,14,18,2,OWN,car,1
APP100683,67,45420.12,21.0,4163.02,695.0,1425.58,5,4,1,RENT,business,0
APP100684,29,18732.29,25.0,7658.62,628.0,8985.77,14,8,0,OWN,debt_consolidation,0
APP100685,60,24671.46,0.0,3274.09,687.0,3084.33,9,28,1,RENT,business,0
APP100686,40,46843.09,28.0,5335.92,593.0,3909.4,11,23,1,OWN,debt_consolidation,0
APP100687,50,71008.71,21.0,11971.77,603.0,22872.11,14,24,1,OWN,car,1
APP100688,42,19802.33,12.0,12108.86,652.0,1600.23,7,1,1,MORTGAGE,debt_consolidation,0
APP100689,59,34126.64,,8201.6,526.0,7883.78,0,11,2,MORTGAGE,car,1
APP100690,69,40053.29,27.0,19426.46,,12117.71,12,15,2,RENT,credit_card,1
APP100691,59,55954.23,25.0,22301.87,451.0,2844.59,5,23,1,RENT,credit_card,1
APP100692,66,30583.0,31.0,9494.46,679.0,2880.78,2,3,2,MORTGAGE,home_improvement,1
APP100693,67,16615.52,1.0,11501.81,686.0,3659.44,3,22,0,MORTGAGE,business,0
APP100694,25,49543.12,31.0,7543.74,586.0,2831.14,14,18,2,MORTGAGE,debt_consolidation,1
APP100695,33,63729.19,1.0,14416.56,551.0,5183.19,6,17,0,RENT,other,1
APP100696,56,34846.37,26.0,4834.65,617.0,10037.52,8,25,0,OWN,car,0
APP100697,49,44472.22,13.0,29071.13,701.0,3675.38,11,23,0,MORTGAGE,credit_card,0
APP100698,23,28645.58,2.0,19613.85,677.0,10330.37,8,21,0,OWN,debt_consolidation,1
APP100699,25,23792.21,27.0,4820.55,561.0,15075.23,2,15,1,MORTGAGE,debt_consolidation,0
APP100700,46,60670.5,22.0,6164.66,658.0,6938.55,1,29,1,MORTGAGE,home_improvement,0
APP100701,51,44079.4,26.0,12743.15,670.0,7482.98,14,25,1,RENT,car,0
APP100702,29,46406.01,15.0,8079.21,667.0,3055.92,3,8,0,MORTGAGE,business,0
APP100703,29,76961.27,11.0,13722.06,571.0,602.82,3,23,0,RENT,credit_card,1
APP100704,27,21430.68,24.0,7977.36,662.0,7852.32,0,17,2,RENT,debt_consolidation,1
APP100705,48,27556.31,8.0,24708.12,723.0,9294.53,11,27,1,MORTGAGE,car,0
APP100706,21,39299.48,32.0,9946.58,692.0,5966.74,7,11,1,OWN,credit_card,0
APP100707,49,27387.54,27.0,42291.15,682.0,10176.29,9,23,0,OWN,home_improvement,0
APP100708,44,53721.48,39.0,14208.64,781.0,3169.69,2,7,3,MORTGAGE,credit_card,0
APP100709,43,33067.31,1.0,4404.39,663.0,7441.39,8,27,0,RENT,home_improvement,0
APP100710,54,22108.86,23.0,34610.0,582.0,15957.99,8,5,1,MORTGAGE,debt_consolidation,1
APP100711,46,37529.62,22.0,19133.72,582.0,8371.05,12,5,0,MORTGAGE,debt_consolidation,1
APP100712,56,39544.01,34.0,12432.74,664.0,14388.79,10,29,0,RENT,debt_consolidation,0
APP100713,58,57950.3,16.0,14588.37,534.0,14462.66,9,8,2,MORTGAGE,business,1
APP100714,66,44204.0,37.0,4849.21,625.0,1849.91,10,15,1,OWN,business,1
APP100715,60,45732.9,9.0,3352.21,687.0,8737.2,11,13,1,OWN,business,0
APP100716,46,42622.85,34.0,9652.29,743.0,2964.42,3,23,3,RENT,home_improvement,0
APP100717,45,33053.7,20.0,22635.22,526.0,2026.39,8,7,1,MORTGAGE,credit_card,1
APP100718,32,25384.41,37.0,12549.36,657.0,3910.72,14,10,0,RENT,debt_consolidation,0
APP100719,50,41957.78,8.0,27598.12,644.0,19996.79,10,26,2,MORTGAGE,home_improvement,1
APP100720,27,30743.62,10.0,21866.97,653.0,3181.03,12,27,3,OWN,credit_card,1
APP100721,66,84534.19,22.0,10020.27,661.0,1204.03,0,5,0,OWN,home_improvement,0
APP100722,62,71046.59,22.0,20135.79,647.0,1547.37,12,14,1,OWN,credit_card,1
APP100723,26,49832.35,5.0,24675.28,761.0,7206.25,9,13,2,OWN,debt_consolidation,0
APP100724,59,43880.86,26.0,9432.26,749.0,2678.31,2,15,3,MORTGAGE,home_improvement,0
APP100725,26,34752.98,16.0,8705.71,821.0,958.58,13,15,2,RENT,other,0
APP100726,56,19330.47,6.0,10767.31,649.0,1597.04,13,1,1,RENT,credit_card,1
APP100727,25,32594.99,20.0,2328.21,617.0,5616.9,9,26,0,RENT,debt_consolidation,0
APP100728,44,38204.17,27.0,11710.71,572.0,9169.05,14,7,1,RENT,car,1
APP100729,53,40730.33,1.0,15248.9,608.0,3440.69,12,7,2,RENT,credit_card,1
APP100730,56,45925.15,36.0,10793.58,707.0,8260.03,6,24,0,RENT,car,0
APP100731,41,57564.72,24.0,12170.92,719.0,10218.38,14,29,1,MORTGAGE,business,0
APP100732,66,25691.69,10.0,9642.29,704.0,2625.51,7,27,2,MORTGAGE,debt_consolidation,0
APP100733,58,25808.58,30.0,2986.29,596.0,4460.54,2,8,3,OWN,debt_consolidation,1
APP100734,31,75013.87,33.0,26837.54,597.0,3040.01,1,22,4,RENT,credit_card,1
APP100735,53,53395.98,38.0,7937.1,806.0,7563.61,10,4,1,MORTGAGE,debt_consolidation,0
APP100736,56,29870.14,31.0,6831.76,583.0,3011.56,2,12,0,OWN,debt_consolidation,1
APP100737,37,34420.05,8.0,22354.65,763.0,1862.1,13,7,1,OWN,credit_card,0
APP100738,57,34497.53,6.0,17804.75,682.0,5125.94,13,6,2,OWN,credit_card,1
APP100739,65,36893.37,8.0,11659.07,591.0,11947.48,0,26,3,RENT,credit_card,1
APP100740,61,45997.46,35.0,15703.23,555.0,7394.25,2,26,3,RENT,home_improvement,1
APP100741,58,128990.8,12.0,4949.33,594.0,10997.99,2,4,1,MORTGAGE,business,1
APP100742,52,39929.8,13.0,9428.23,683.0,10251.89,10,11,0,RENT,business,1
APP100743,34,50579.37,35.0,21522.85,577.0,5083.31,3,0,1,MORTGAGE,credit_card,1
APP100744,59,15627.1,8.0,6592.68,774.0,3047.29,10,24,1,MORTGAGE,home_improvement,0
APP100745,38,28496.88,16.0,5437.09,633.0,2450.91,13,8,0,MORTGAGE,credit_card,1
APP100746,47,67131.42,,10375.08,706.0,1381.21,9,17,0,MORTGAGE,car,0
APP100747,36,,12.0,10522.11,699.0,12729.02,14,16,0,OWN,credit_card,0
APP100748,36,4045.83,23.0,14596.59,779.0,3772.59,7,5,0,MORTGAGE,debt_consolidation,0
APP100749,28,50869.13,29.0,4329.07,614.0,1256.62,13,10,2,OWN,credit_card,0
APP100750,68,94758.06,10.0,2143.88,658.0,13193.24,11,3,1,RENT,other,0
APP100751,28,13387.09,1.0,17201.28,537.0,5299.74,7,4,0,RENT,debt_consolidation,0
APP100752,25,77628.81,25.0,5167.84,658.0,10659.59,4,25,2,MORTGAGE,car,1
APP100753,66,9081.75,21.0,6863.73,741.0,3986.89,10,10,3,MORTGAGE,debt_consolidation,1
APP100754,48,58046.49,26.0,2670.6,667.0,2605.5,11,13,2,MORTGAGE,car,0
APP100755,42,36158.8,18.0,18283.38,835.0,7020.57,1,20,4,RENT,credit_card,0
APP100756,57,,31.0,12212.35,691.0,7501.87,4,26,1,MORTGAGE,car,0
APP100757,39,45390.99,24.0,11921.71,606.0,3928.76,14,13,3,RENT,car,1
APP100758,27,64564.49,30.0,11873.6,686.0,14056.25,2,26,1,RENT,debt_consolidation,1
APP100759,56,43562.13,29.0,2875.27,532.0,10471.11,14,17,1,RENT,home_improvement,1
APP100760,29,48650.33,19.0,5480.22,586.0,7721.87,1,1,1,RENT,debt_consolidation,1
APP100761,48,29559.54,12.0,7547.44,552.0,2022.36,8,28,2,RENT,business,1
APP100762,67,14318.46,23.0,6315.45,651.0,1806.8,4,7,1,MORTGAGE,credit_card,0
APP100763,66,51324.94,25.0,8409.3,645.0,12825.8,2,22,0,OWN,debt_consolidation,0
APP100764,38,87105.64,,11472.63,746.0,853.48,3,26,0,MORTGAGE,home_improvement,0
APP100765,59,63881.84,20.0,18103.54,642.0,4569.76,14,24,1,RENT,home_improvement,0
APP100766,51,13440.96,13.0,4071.95,569.0,5526.53,4,18,3,OWN,credit_card,1
APP100767,44,17026.95,5.0,9844.8,774.0,3321.69,13,8,2,MORTGAGE,business,0
APP100768,27,23789.89,17.0,15167.74,414.0,4777.84,9,19,1,MORTGAGE,other,1
APP100769,39,,35.0,5684.79,,6879.06,14,15,0,MORTGAGE,credit_card,1
APP100770,52,37126.82,28.0,8815.8,667.0,3072.43,6,19,1,OWN,car,0
APP100771,69,44210.07,30.0,13094.29,649.0,9948.01,7,10,0,RENT,debt_consolidation,0
APP100772,21,17763.01,29.0,9963.91,690.0,7832.06,1,20,3,MORTGAGE,credit_card,1
APP100773,56,53560.34,36.0,14831.65,658.0,4255.78,5,14,1,MORTGAGE,car,0
APP100774,62,49047.87,9.0,10475.76,689.0,2537.3,8,29,1,MORTGAGE,debt_consolidation,0
APP100775,67,,28.0,8208.15,601.0,4570.93,5,3,0,MORTGAGE,debt_consolidation,1
APP100776,41,33314.2,2.0,4896.98,533.0,26596.53,2,21,1,OWN,home_improvement,1
APP100777,26,13699.29,9.0,11479.31,646.0,2681.3,7,15,2,RENT,credit_card,0
APP100778,34,30756.88,1.0,10508.96,567.0,16724.41,14,17,2,OWN,business,1
APP100779,62,36449.85,17.0,5455.07,591.0,1206.95,13,15,2,MORTGAGE,other,1
APP100780,64,39512.56,5.0,14033.93,742.0,2468.51,5,4,1,MORTGAGE,credit_card,0
APP100781,52,43889.85,15.0,21178.76,774.0,3184.01,1,17,0,RENT,other,0
APP100782,27,41032.55,5.0,6660.46,741.0,10501.47,0,12,2,RENT,home_improvement,1
APP100783,26,31819.3,1.0,6395.95,726.0,5137.31,9,7,2,MORTGAGE,credit_card,0
APP100784,44,41902.36,19.0,6257.34,654.0,14017.44,10,27,1,MORTGAGE,credit_card,1
APP100785,49,59935.0,16.0,3614.84,731.0,3766.44,13,6,0,RENT,business,0
APP100786,22,34622.22,16.0,32948.1,678.0,4707.5,8,12,1,OWN,debt_consolidation,1
APP100787,54,42565.42,13.0,7560.32,805.0,3778.4,4,11,1,MORTGAGE,credit_card,0
APP100788,47,33087.62,16.0,5913.11,576.0,24862.63,0,13,0,OWN,credit_card,1
APP100789,21,26281.5,0.0,5033.82,703.0,2005.82,7,16,0,OWN,credit_card,0
APP100790,25,47166.53,19.0,7841.77,548.0,3272.94,4,18,2,OWN,home_improvement,1
APP100791,43,27512.26,33.0,6521.6,704.0,2247.63,11,10,0,OWN,debt_consolidation,0
APP100792,56,44049.68,5.0,23455.12,512.0,7774.85,9,10,0,MORTGAGE,home_improvement,1
APP100793,61,36832.2,5.0,4678.61,552.0,1972.77,7,21,2,RENT,business,1
APP100794,42,31195.61,31.0,3931.91,547.0,21114.54,11,20,1,RENT,credit_card,1
APP100795,35,30820.29,20.0,13781.34,670.0,5242.45,7,17,0,RENT,credit_card,0
APP100796,68,28167.93,10.0,9280.55,678.0,6835.63,9,15,1,RENT,debt_consolidation,0
APP100797,43,15948.17,31.0,8657.95,846.0,7118.71,11,3,3,MORTGAGE,car,0
APP100798,36,43978.12,12.0,13846.42,642.0,4836.53,1,16,1,MORTGAGE,home_improvement,1
APP100799,42,40772.92,24.0,10743.19,711.0,5417.18,2,6,0,MORTGAGE,home_improvement,0
APP100800,21,55538.69,22.0,9622.98,662.0,5259.47,7,2,1,RENT,other,1
APP100801,35,,6.0,4258.24,705.0,7445.72,10,18,1,MORTGAGE,credit_card,1
APP100802,46,93684.85,30.0,3637.83,661.0,2545.56,6,15,1,RENT,home_improvement,0
APP100803,66,30035.4,24.0,6501.21,737.0,2222.39,13,15,3,OWN,business,0
APP100804,57,23445.77,8.0,5163.56,565.0,9478.43,14,21,1,RENT,car,1
APP100805,59,22096.13,30.0,11632.1,454.0,4907.23,1,10,0,MORTGAGE,home_improvement,1
APP100806,47,15260.74,24.0,3363.61,683.0,987.17,9,10,1,MORTGAGE,home_improvement,0
APP100807,26,78144.42,34.0,7568.15,505.0,3360.51,0,5,0,RENT,debt_consolidation,1
APP100808,40,72080.13,32.0,8920.93,754.0,16713.62,11,2,0,OWN,debt_consolidation,0
APP100809,69,49039.07,12.0,9664.42,606.0,4322.97,1,27,0,OWN,debt_consolidation,1
APP100810,23,23201.11,37.0,12573.9,566.0,3213.79,1,8,1,RENT,home_improvement,0
APP100811,64,89826.37,1.0,8136.18,850.0,1486.48,11,13,4,OWN,credit_card,0
APP100812,54,30459.11,13.0,6630.96,648.0,3120.46,5,27,0,OWN,business,1
APP100813,34,31744.89,24.0,20882.95,633.0,1937.2,5,6,0,RENT,debt_consolidation,0
APP100814,59,74505.6,21.0,8168.01,709.0,6928.26,6,5,1,MORTGAGE,home_improvement,1
APP100815,62,50486.2,9.0,23190.04,715.0,5112.45,6,21,1,RENT,debt_consolidation,0
APP100816,23,109157.99,7.0,8143.08,741.0,3674.71,10,10,1,RENT,credit_card,0
APP100817,26,41124.57,31.0,9800.99,543.0,2671.05,10,7,4,OWN,car,1
APP100818,53,29776.79,,9106.57,692.0,16666.44,14,23,0,OWN,credit_card,0
APP100819,69,26744.86,27.0,11369.97,626.0,2795.45,7,7,0,OWN,credit_card,0
APP100820,22,14421.88,21.0,7693.19,576.0,2803.77,12,0,0,MORTGAGE,car,1
APP100821,53,31593.36,30.0,10484.79,653.0,4046.57,9,24,1,OWN,debt_consolidation,0
APP100822,27,64363.16,9.0,24797.26,505.0,4525.6,1,29,0,RENT,debt_consolidation,1
APP100823,52,48992.23,38.0,18570.16,723.0,7227.42,12,27,0,RENT,car,1
APP100824,51,36686.13,4.0,18647.05,626.0,10346.01,6,3,0,MORTGAGE,credit_card,1
APP100825,25,22082.32,23.0,4424.19,611.0,9744.5,6,14,1,MORTGAGE,car,0
APP100826,54,40677.75,13.0,4875.26,638.0,34334.83,12,26,0,MORTGAGE,car,0
APP100827,64,60258.98,36.0,11278.47,636.0,1268.64,13,18,2,RENT,car,1
APP100828,63,45042.4,9.0,15716.13,741.0,5911.65,14,8,2,OWN,other,0
APP100829,22,39472.82,25.0,7248.27,562.0,3240.86,7,10,1,OWN,credit_card,1
APP100830,33,24380.07,6.0,6512.31,619.0,24533.82,6,9,1,MORTGAGE,debt_consolidation,1
APP100831,32,56027.11,7.0,22840.85,632.0,5656.06,6,19,0,MORTGAGE,credit_card,0
APP100832,43,7585.91,16.0,14935.94,564.0,969.0,5,19,4,RENT,business,1
APP100833,28,43977.04,31.0,18672.22,662.0,6956.08,3,21,1,RENT,home_improvement,0
APP100834,62,131289.62,11.0,7594.12,592.0,6084.29,4,8,0,OWN,home_improvement,0
APP100835,59,17082.56,27.0,7244.43,537.0,9010.96,10,21,1,MORTGAGE,debt_consolidation,1
APP100836,60,32186.91,,17489.12,692.0,2755.01,4,13,0,MORTGAGE,car,0
APP100837,30,36172.14,39.0,8453.74,773.0,6388.54,9,1,1,OWN,home_improvement,0
APP100838,21,28816.65,12.0,6860.16,653.0,3958.46,3,23,4,RENT,car,1
APP100839,65,60973.04,9.0,5722.05,641.0,2872.42,12,2,2,MORTGAGE,car,1
APP100840,35,45992.13,36.0,7282.45,640.0,6465.13,6,0,2,MORTGAGE,credit_card,1
APP100841,53,39188.95,13.0,16731.53,608.0,5553.75,8,21,0,MORTGAGE,debt_consolidation,1
APP100842,65,54102.53,8.0,4000.61,743.0,11384.89,14,2,0,MORTGAGE,debt_consolidation,0
APP100843,22,36620.94,32.0,14435.29,657.0,5022.04,13,15,0,OWN,debt_consolidation,0
APP100844,21,178070.04,32.0,6470.89,475.0,7967.47,4,10,2,RENT,other,1
APP100845,21,39170.28,2.0,8723.88,745.0,1870.67,4,28,0,OWN,credit_card,0
APP100846,28,40040.27,34.0,9065.69,,14997.12,8,9,0,MORTGAGE,debt_consolidation,0
APP100847,23,15440.76,25.0,8669.38,698.0,2639.22,10,3,5,RENT,other,1
APP100848,61,27674.73,11.0,8330.87,429.0,10120.76,14,4,3,MORTGAGE,car,1
APP100849,50,64452.83,21.0,7580.89,649.0,6066.24,5,29,1,MORTGAGE,credit_card,0
APP100850,69,18625.21,9.0,7024.4,721.0,5481.09,8,28,1,RENT,debt_consolidation,0
APP100851,60,12347.65,6.0,21847.99,680.0,9029.72,1,4,0,MORTGAGE,debt_consolidation,0
APP100852,68,36907.05,5.0,10047.0,666.0,887.15,10,10,3,OWN,credit_card,1
APP100853,32,72068.49,6.0,9176.77,721.0,3106.28,7,0,3,OWN,business,1
APP100854,35,37093.26,23.0,6722.45,661.0,8927.61,9,24,2,OWN,home_improvement,0
APP100855,62,30697.54,32.0,7748.34,746.0,22872.13,3,26,1,MORTGAGE,debt_consolidation,0
APP100856,32,14339.25,19.0,6736.51,662.0,4819.92,6,21,2,RENT,debt_consolidation,1
APP100857,23,45530.02,0.0,15665.35,656.0,699.17,0,15,0,OWN,car,1
APP100858,53,50545.92,17.0,6297.08,721.0,3813.2,5,11,0,RENT,credit_card,0
APP100859,60,14900.26,29.0,2571.52,618.0,4683.87,5,8,1,MORTGAGE,car,1
APP100860,68,64040.2,33.0,10249.51,562.0,11939.02,6,21,2,MORTGAGE,business,1
APP100861,66,53255.04,29.0,8369.63,650.0,5108.57,14,17,2,MORTGAGE,car,1
APP100862,26,63969.26,14.0,6964.12,697.0,1769.8,9,13,4,RENT,home_improvement,1
APP100863,58,48618.65,25.0,17101.71,724.0,10623.22,13,11,0,RENT,car,0
APP100864,62,50354.4,2.0,1919.63,724.0,7743.84,3,21,1,OWN,credit_card,1
APP100865,55,47115.65,16.0,25482.48,,2809.4,14,29,2,RENT,home_improvement,1
APP100866,61,56063.27,21.0,18635.18,636.0,8742.03,9,3,1,MORTGAGE,car,0
APP100867,62,14626.95,1.0,6789.74,602.0,3173.88,0,23,3,MORTGAGE,business,1
APP100868,42,17145.14,0.0,7551.71,669.0,3871.64,12,13,0,MORTGAGE,credit_card,0
APP100869,22,25134.48,32.0,13394.94,518.0,3217.14,2,19,2,OWN,credit_card,1
APP100870,43,34033.14,8.0,13612.31,651.0,3835.47,12,23,0,MORTGAGE,debt_consolidation,0
APP100871,30,44093.54,5.0,6766.04,850.0,10151.82,3,9,1,OWN,business,0
APP100872,26,42716.51,23.0,3751.59,529.0,1177.76,10,6,1,MORTGAGE,home_improvement,1
APP100873,27,63484.62,11.0,35179.39,662.0,11888.22,11,0,1,RENT,home_improvement,1
APP100874,55,64488.85,39.0,17565.19,680.0,5659.32,1,28,0,MORTGAGE,debt_consolidation,0
APP100875,45,23477.73,37.0,10873.8,690.0,3597.27,14,23,1,OWN,credit_card,1
APP100876,47,40916.47,32.0,10997.96,572.0,4997.09,13,21,1,MORTGAGE,debt_consolidation,0
APP100877,57,23767.73,12.0,14368.45,691.0,2375.16,6,1,0,MORTGAGE,credit_card,0
APP100878,47,33053.29,35.0,15438.78,607.0,1332.25,3,27,2,RENT,other,0
APP100879,51,42654.83,10.0,2830.42,535.0,2429.35,8,3,0,MORTGAGE,home_improvement,1
APP100880,25,6605.41,9.0,8018.26,726.0,1078.8,11,8,3,RENT,home_improvement,1
APP100881,62,121251.48,38.0,7533.4,703.0,1665.51,1,17,3,MORTGAGE,home_improvement,0
APP100882,42,48204.34,26.0,8983.45,572.0,1341.84,2,0,2,OWN,home_improvement,1
APP100883,28,26961.05,3.0,15716.66,606.0,13082.82,9,22,1,RENT,business,1
APP100884,60,95195.21,35.0,3381.08,603.0,1759.23,4,27,0,OWN,business,0
APP100885,56,30524.48,6.0,4405.08,518.0,4755.24,13,12,0,RENT,debt_consolidation,1
APP100886,23,38803.27,27.0,6574.49,710.0,12008.73,8,3,0,RENT,debt_consolidation,1
APP100887,30,28465.33,17.0,10857.45,713.0,9701.84,9,17,1,MORTGAGE,debt_consolidation,1
APP100888,21,82950.22,0.0,16305.79,623.0,3881.17,5,23,3,OWN,business,1
APP100889,34,34458.39,31.0,26338.69,647.0,3895.35,9,29,1,OWN,car,0
APP100890,25,39133.81,27.0,8334.74,659.0,5676.67,3,8,0,RENT,business,0
APP100891,55,66296.41,35.0,16289.7,669.0,26629.7,7,8,2,OWN,debt_consolidation,0
APP100892,46,48657.91,24.0,15155.18,542.0,6839.28,0,2,0,MORTGAGE,home_improvement,1
APP100893,69,35341.95,30.0,13697.95,689.0,8388.16,6,1,0,RENT,debt_consolidation,0
APP100894,57,63271.83,36.0,9753.99,555.0,30125.2,11,22,1,RENT,debt_consolidation,1
APP100895,50,129216.12,39.0,7787.54,704.0,6138.04,5,6,0,OWN,car,0
APP100896,45,42561.49,22.0,5222.65,564.0,12311.48,0,9,1,RENT,home_improvement,1
APP100897,23,38498.71,0.0,5019.29,545.0,7202.48,12,13,3,OWN,credit_card,1
APP100898,24,39549.71,13.0,12188.51,647.0,7119.03,4,2,2,MORTGAGE,debt_consolidation,1
APP100899,51,69927.53,24.0,9579.17,645.0,2274.08,9,23,1,MORTGAGE,debt_consolidation,0
APP100900,21,26913.98,4.0,7713.26,658.0,1991.57,10,17,2,MORTGAGE,credit_card,1
APP100901,23,31597.75,4.0,14748.33,578.0,3262.17,4,12,1,RENT,credit_card,1
APP100902,31,16836.06,15.0,8775.39,666.0,9952.19,4,6,0,RENT,debt_consolidation,0
APP100903,64,20091.78,36.0,5722.11,673.0,9581.34,7,17,1,OWN,debt_consolidation,0
APP100904,43,28031.94,12.0,8434.63,743.0,14279.05,6,21,3,RENT,home_improvement,1
APP100905,55,35313.88,37.0,16193.71,664.0,4871.3,1,16,3,OWN,home_improvement,1
APP100906,41,87951.58,32.0,5355.57,602.0,7556.73,1,22,3,MORTGAGE,credit_card,0
APP100907,29,47476.8,12.0,11221.27,542.0,7582.49,0,14,2,RENT,credit_card,1
APP100908,39,23016.36,9.0,9573.41,527.0,4509.78,4,3,1,OWN,car,1
APP100909,25,25235.57,33.0,6269.89,675.0,3800.06,2,4,2,OWN,debt_consolidation,0
APP100910,58,72212.93,30.0,8299.82,713.0,1498.17,11,23,4,MORTGAGE,debt_consolidation,1
APP100911,29,63787.03,25.0,3854.48,578.0,4350.18,13,2,1,MORTGAGE,credit_card,1
APP100912,39,36830.26,39.0,10570.1,670.0,4522.41,11,13,1,MORTGAGE,debt_consolidation,0
APP100913,69,29107.08,4.0,4364.07,636.0,12179.5,3,6,1,MORTGAGE,debt_consolidation,1
APP100914,50,63733.55,15.0,18834.82,707.0,13179.18,5,22,3,RENT,credit_card,0
APP100915,43,22100.08,24.0,9365.77,,5522.42,14,8,2,MORTGAGE,debt_consolidation,1
APP100916,47,44179.46,2.0,7022.76,468.0,25609.19,2,22,1,RENT,debt_consolidation,1
APP100917,59,113134.14,39.0,19857.47,732.0,5721.52,5,5,0,MORTGAGE,home_improvement,0
APP100918,33,40242.46,22.0,5328.85,670.0,11229.91,6,18,2,MORTGAGE,home_improvement,1
APP100919,52,24641.7,12.0,6319.47,607.0,4536.63,6,5,1,OWN,debt_consolidation,1
APP100920,63,44586.41,9.0,3302.56,609.0,1974.12,14,14,2,RENT,debt_consolidation,1
APP100921,49,28709.85,0.0,21713.81,652.0,3497.57,12,18,1,RENT,credit_card,1
APP100922,42,18086.88,23.0,30446.29,609.0,15982.36,14,4,2,OWN,debt_consolidation,1
APP100923,28,51560.85,39.0,3625.85,575.0,3978.41,3,13,1,RENT,other,1
APP100924,33,63507.75,1.0,6066.5,593.0,3383.96,1,21,2,MORTGAGE,debt_consolidation,1
APP100925,67,31087.05,16.0,10320.51,566.0,4898.81,13,7,2,MORTGAGE,home_improvement,1
APP100926,47,30072.97,26.0,7263.26,757.0,3598.97,2,1,1,MORTGAGE,debt_consolidation,0
APP100927,35,22453.85,,9712.91,654.0,12771.96,9,7,1,OWN,credit_card,1
APP100928,41,33692.56,26.0,9222.87,830.0,22211.46,13,11,0,RENT,debt_consolidation,0
APP100929,49,27414.18,,12638.86,679.0,4938.16,0,4,0,MORTGAGE,debt_consolidation,1
APP100930,47,21905.29,38.0,5560.37,,7573.15,9,24,2,MORTGAGE,debt_consolidation,0
APP100931,55,93534.39,,11109.94,565.0,10694.66,14,20,0,OWN,home_improvement,0
APP100932,33,45855.32,28.0,5066.08,632.0,5360.64,14,15,1,RENT,debt_consolidation,0
APP100933,52,48348.84,12.0,7730.16,655.0,2434.92,4,14,0,RENT,credit_card,0
APP100934,42,56483.27,6.0,3491.02,599.0,3542.0,3,23,1,OWN,debt_consolidation,1
APP100935,67,53397.44,3.0,7764.14,612.0,6833.68,3,19,1,MORTGAGE,home_improvement,0
APP100936,28,29538.36,4.0,7018.87,683.0,6734.84,8,20,2,MORTGAGE,debt_consolidation,1
APP100937,28,41617.51,33.0,17433.48,685.0,1171.74,13,11,0,MORTGAGE,home_improvement,0
APP100938,43,31744.82,1.0,9551.41,543.0,3465.82,13,0,0,MORTGAGE,home_improvement,1
APP100939,45,45217.15,19.0,10651.99,672.0,2725.47,4,2,2,RENT,debt_consolidation,1
APP100940,54,43081.35,24.0,9764.7,694.0,9955.03,7,22,0,MORTGAGE,home_improvement,0
APP100941,40,29991.52,26.0,2758.75,602.0,2811.31,10,24,0,MORTGAGE,debt_consolidation,0
APP100942,65,18682.65,2.0,2986.42,594.0,3398.48,10,2,3,OWN,debt_consolidation,1
APP100943,44,39070.33,34.0,8174.65,685.0,3304.79,0,1,1,RENT,debt_consolidation,0
APP100944,27,32789.55,17.0,11697.57,444.0,9256.35,13,7,1,MORTGAGE,other,1
APP100945,26,14112.47,0.0,8596.25,650.0,10668.76,13,11,2,OWN,debt_consolidation,1
APP100946,68,46809.01,5.0,5893.26,780.0,7294.38,9,5,1,MORTGAGE,business,1
APP100947,27,58845.52,34.0,8568.19,442.0,11909.93,6,17,1,OWN,credit_card,1
APP100948,67,128563.5,37.0,8133.52,715.0,13204.75,11,26,1,MORTGAGE,business,0
APP100949,34,29863.77,30.0,15794.26,693.0,1154.88,2,19,1,RENT,car,0
APP100950,25,27740.37,13.0,15272.54,534.0,7891.4,3,9,2,MORTGAGE,debt_consolidation,1
APP100951,35,20853.76,37.0,7100.72,691.0,3656.13,14,14,0,MORTGAGE,credit_card,0
APP100952,51,40308.63,11.0,9605.06,730.0,1798.31,5,28,1,RENT,debt_consolidation,0
APP100953,41,40181.38,9.0,11681.01,555.0,3805.54,11,23,1,MORTGAGE,credit_card,1
APP100954,59,24205.9,30.0,12769.14,593.0,8819.22,6,4,1,RENT,other,1
APP100955,50,33274.12,12.0,26677.05,652.0,15743.74,11,14,2,MORTGAGE,credit_card,1
APP100956,40,13503.0,20.0,9731.38,728.0,1675.59,12,2,1,MORTGAGE,debt_consolidation,0
APP100957,52,,26.0,19955.24,606.0,8060.51,7,25,2,MORTGAGE,credit_card,0
APP100958,68,24702.52,6.0,4934.22,646.0,23682.77,5,20,0,RENT,car,0
APP100959,41,35691.64,37.0,6750.66,596.0,21260.43,10,7,1,OWN,credit_card,1
APP100960,28,17794.65,6.0,2747.66,651.0,310.24,3,22,0,RENT,credit_card,0
APP100961,41,27141.61,39.0,10837.68,733.0,28088.18,4,14,3,MORTGAGE,car,1
APP100962,62,31577.64,11.0,14596.17,658.0,10602.37,0,23,2,RENT,credit_card,1
APP100963,31,36111.06,16.0,2136.17,621.0,775.95,7,0,1,OWN,business,1
APP100964,67,46159.88,10.0,11080.83,647.0,2663.7,9,12,0,MORTGAGE,car,0
APP100965,49,74573.28,21.0,14221.73,,13442.97,5,17,1,OWN,car,1
APP100966,50,52383.95,0.0,13743.79,570.0,6556.61,11,3,1,OWN,business,1
APP100967,36,58752.11,6.0,4829.43,746.0,3105.21,6,12,2,MORTGAGE,home_improvement,0
APP100968,66,74835.83,20.0,15738.61,781.0,5183.16,3,22,1,OWN,credit_card,0
APP100969,22,48283.92,27.0,9952.54,506.0,7606.32,0,20,3,MORTGAGE,business,1
APP100970,35,35655.06,38.0,14109.77,696.0,3092.04,12,3,1,MORTGAGE,home_improvement,0
APP100971,41,60147.55,33.0,9177.27,718.0,4439.54,12,22,1,RENT,credit_card,0
APP100972,44,62100.21,36.0,12439.38,553.0,10072.19,6,21,1,RENT,debt_consolidation,1
APP100973,44,50225.74,31.0,19255.3,612.0,2805.52,3,12,1,MORTGAGE,credit_card,1
APP100974,28,17547.84,31.0,8756.81,603.0,1659.73,8,24,1,RENT,car,1
APP100975,32,23843.57,13.0,11736.55,802.0,2951.74,7,18,2,OWN,debt_consolidation,0
APP100976,25,31652.52,36.0,20949.31,782.0,2413.59,5,29,0,RENT,home_improvement,0
APP100977,49,53627.14,38.0,9136.77,576.0,3029.36,9,21,1,MORTGAGE,credit_card,1
APP100978,38,35929.96,20.0,5037.99,533.0,1234.02,3,29,1,MORTGAGE,debt_consolidation,1
APP100979,48,64115.04,4.0,14848.08,711.0,5934.26,0,25,2,RENT,home_improvement,0
APP100980,49,70095.81,1.0,23410.19,693.0,9838.72,2,10,2,MORTGAGE,other,0
APP100981,55,66143.72,19.0,21445.5,749.0,2567.32,5,3,0,MORTGAGE,debt_consolidation,0
APP100982,47,66354.73,25.0,15199.12,565.0,2917.33,12,18,1,RENT,home_improvement,1
APP100983,52,21622.79,22.0,2424.8,707.0,4230.56,3,16,1,MORTGAGE,debt_consolidation,0
APP100984,49,46226.93,35.0,6758.12,591.0,2370.74,14,29,1,OWN,debt_consolidation,1
APP100985,52,26802.1,21.0,6969.09,699.0,10797.03,1,27,1,RENT,debt_consolidation,0
APP100986,51,15922.16,26.0,10167.19,647.0,2414.07,14,0,2,OWN,debt_consolidation,1
APP100987,36,31453.47,30.0,27254.09,802.0,3226.91,12,8,1,OWN,debt_consolidation,0
APP100988,33,70429.57,35.0,5175.42,685.0,2668.8,1,15,2,OWN,home_improvement,0
APP100989,59,45723.65,24.0,37999.23,624.0,11003.64,8,18,0,RENT,business,0
APP100990,37,99598.73,22.0,7868.35,,4085.24,10,11,3,MORTGAGE,debt_consolidation,1
APP100991,47,39680.5,3.0,6247.02,641.0,24209.19,6,8,0,RENT,debt_consolidation,1
APP100992,30,123488.26,25.0,16434.25,557.0,6522.49,14,13,0,MORTGAGE,debt_consolidation,1
APP100993,42,39686.27,7.0,17233.02,803.0,12416.05,1,24,1,MORTGAGE,credit_card,0
APP100994,46,36726.0,14.0,14617.4,777.0,3791.75,8,28,0,RENT,credit_card,0
APP100995,51,19154.73,21.0,6237.45,635.0,2312.08,7,22,0,MORTGAGE,business,0
APP100996,46,63277.26,3.0,13375.99,705.0,4786.1,9,4,1,OWN,debt_consolidation,0
APP100997,38,28252.51,27.0,5323.39,814.0,2854.82,4,28,0,RENT,credit_card,0
APP100998,68,26277.71,11.0,6134.31,748.0,993.44,7,15,1,MORTGAGE,car,0
APP100999,46,68914.04,20.0,9349.5,625.0,11056.97,1,20,2,MORTGAGE,car,1
APP101000,60,64803.27,14.0,6051.26,642.0,5045.21,1,20,2,MORTGAGE,home_improvement,1
APP101001,57,63960.8,14.0,18613.62,512.0,2806.68,7,14,2,RENT,home_improvement,1
APP101002,48,30300.04,15.0,6996.04,711.0,6641.0,11,15,1,MORTGAGE,car,0
APP101003,64,35401.59,2.0,8670.89,749.0,5102.81,10,16,0,MORTGAGE,credit_card,0
APP101004,27,35244.78,7.0,5836.47,749.0,15181.5,14,3,2,MORTGAGE,credit_card,0
APP101005,66,53704.88,,18445.32,706.0,6948.31,0,23,0,MORTGAGE,debt_consolidation,0
APP101006,62,78966.76,4.0,6636.39,678.0,4334.95,6,9,1,OWN,other,0
APP101007,45,43655.01,19.0,19637.7,570.0,8559.03,0,22,1,MORTGAGE,business,0
APP101008,56,97484.2,5.0,18790.87,675.0,4775.38,5,0,1,OWN,home_improvement,0
APP101009,46,56874.21,21.0,7573.69,599.0,5693.42,11,3,0,RENT,credit_card,1
APP101010,34,32292.82,25.0,10074.88,692.0,13107.42,8,7,2,RENT,home_improvement,1
APP101011,60,54959.71,18.0,7448.55,588.0,1929.74,3,8,1,MORTGAGE,debt_consolidation,1
APP101012,33,85218.19,30.0,13731.3,691.0,2463.61,1,3,2,OWN,home_improvement,0
APP101013,36,98631.35,10.0,8807.13,755.0,3514.02,2,20,1,MORTGAGE,car,0
APP101014,46,65738.87,22.0,7704.13,680.0,3950.42,6,1,0,RENT,home_improvement,1
APP101015,62,36784.7,11.0,10175.19,676.0,12397.27,14,3,0,RENT,debt_consolidation,1
APP101016,39,32586.5,20.0,3830.19,723.0,1584.84,5,18,1,RENT,debt_consolidation,0
APP101017,45,,2.0,9456.82,791.0,4800.14,2,19,0,RENT,debt_consolidation,0
APP101018,23,83866.98,10.0,14614.47,641.0,3163.32,3,19,0,OWN,car,1
APP101019,26,45111.14,28.0,10751.84,691.0,19156.28,10,25,1,OWN,credit_card,0
APP101020,23,45581.9,31.0,17518.17,770.0,9967.43,4,23,3,RENT,car,1
APP101021,24,37260.87,10.0,7892.13,703.0,5948.85,12,11,1,MORTGAGE,other,1
APP101022,63,30824.17,10.0,7513.27,489.0,10668.75,0,19,2,RENT,credit_card,1
APP101023,62,33487.68,11.0,5062.46,592.0,1710.34,4,6,2,OWN,credit_card,1
APP101024,61,38859.7,11.0,7758.57,710.0,24884.58,3,24,3,MORTGAGE,home_improvement,1
APP101025,23,85737.88,39.0,32194.01,617.0,2506.18,6,25,1,MORTGAGE,credit_card,0
APP101026,24,32213.57,26.0,11676.41,765.0,13434.21,5,16,2,RENT,credit_card,1
APP101027,34,37283.5,15.0,6965.18,798.0,7641.28,8,14,2,OWN,debt_consolidation,0
APP101028,48,23560.13,18.0,5411.68,602.0,6072.1,4,18,0,OWN,credit_card,1
APP101029,37,51964.47,20.0,3792.88,567.0,12993.18,3,24,2,MORTGAGE,other,0
APP101030,44,71922.15,22.0,6013.51,621.0,10908.15,9,27,0,MORTGAGE,car,0
APP101031,29,81817.7,15.0,15607.64,616.0,5355.64,4,2,1,OWN,business,1
APP101032,56,40202.41,38.0,7660.1,772.0,3507.72,13,18,0,RENT,credit_card,0
APP101033,36,48396.23,11.0,5569.7,567.0,5423.1,14,6,4,RENT,debt_consolidation,1
APP101034,24,33631.72,17.0,5949.66,709.0,4526.73,3,1,1,OWN,debt_consolidation,0
APP101035,57,47287.88,0.0,14613.32,761.0,6523.67,4,0,3,RENT,home_improvement,1
APP101036,65,42488.24,19.0,9426.14,715.0,11119.68,14,2,2,RENT,car,1
APP101037,21,37389.01,34.0,6793.2,684.0,7149.91,12,13,1,OWN,other,0
APP101038,42,38904.95,39.0,8225.27,637.0,5698.14,6,25,2,RENT,debt_consolidation,0
APP101039,61,45522.46,18.0,37180.13,797.0,2912.67,8,26,0,MORTGAGE,debt_consolidation,0
APP101040,55,31348.57,5.0,20573.8,630.0,6372.36,3,23,2,RENT,credit_card,1
APP101041,62,32168.78,28.0,23889.04,725.0,1265.54,9,19,0,MORTGAGE,credit_card,0
APP101042,41,85278.79,25.0,3459.01,637.0,2596.69,14,18,0,MORTGAGE,home_improvement,0
APP101043,39,140825.02,38.0,9039.31,502.0,7982.4,6,0,1,RENT,home_improvement,1
APP101044,55,19886.9,20.0,6721.9,628.0,9978.12,6,24,0,RENT,home_improvement,0
APP101045,28,19346.45,0.0,13715.81,637.0,4834.19,8,0,1,RENT,other,1
APP101046,32,22503.44,36.0,18692.62,638.0,5772.11,12,23,4,RENT,car,1
APP101047,50,34487.62,27.0,12038.39,597.0,6609.14,8,21,1,MORTGAGE,credit_card,0
APP101048,53,56834.01,32.0,5863.59,700.0,8477.31,6,7,1,MORTGAGE,debt_consolidation,0
APP101049,26,48806.88,4.0,6656.79,708.0,4183.37,7,2,2,MORTGAGE,car,0
APP101050,45,39577.48,18.0,14362.02,625.0,2238.66,0,26,2,RENT,debt_consolidation,1
APP101051,38,47309.56,18.0,15245.56,624.0,6699.17,12,6,1,RENT,credit_card,1
APP101052,45,25692.56,10.0,10770.56,565.0,23544.42,5,15,0,RENT,credit_card,1
APP101053,67,32142.63,33.0,10698.67,670.0,2349.69,13,20,2,OWN,debt_consolidation,0
APP101054,24,35952.46,7.0,10199.29,760.0,4440.27,5,13,3,MORTGAGE,credit_card,1
APP101055,69,16446.89,2.0,11631.33,760.0,3608.34,3,7,2,MORTGAGE,debt_consolidation,1
APP101056,43,20319.67,9.0,15208.0,602.0,33879.27,13,14,2,RENT,home_improvement,1
APP101057,58,20727.51,,14444.94,809.0,2278.84,2,14,4,MORTGAGE,debt_consolidation,1
APP101058,41,53212.79,4.0,10038.18,621.0,4322.69,11,13,2,RENT,business,0
APP101059,36,41055.39,23.0,9610.1,568.0,3671.12,12,11,2,RENT,car,1
APP101060,58,49292.67,7.0,9392.07,541.0,1801.77,3,1,0,RENT,debt_consolidation,1
APP101061,54,14474.92,15.0,6196.88,563.0,1725.16,3,10,1,OWN,car,1
APP101062,28,17295.76,22.0,6149.85,676.0,7744.26,4,10,2,RENT,business,1
APP101063,55,50594.98,0.0,13716.76,629.0,8663.92,12,7,0,MORTGAGE,debt_consolidation,1
APP101064,57,9051.31,9.0,6452.86,599.0,3141.32,5,3,1,OWN,credit_card,1
APP101065,40,66991.07,23.0,16128.78,582.0,15171.85,1,12,0,MORTGAGE,business,1
APP101066,66,14593.64,0.0,9596.89,563.0,811.88,6,27,1,RENT,debt_consolidation,1
APP101067,52,55363.31,19.0,16183.66,578.0,1795.83,1,5,1,RENT,car,1
APP101068,37,23288.33,24.0,14503.94,731.0,2540.77,7,20,2,RENT,debt_consolidation,0
APP101069,21,61356.22,8.0,16411.83,794.0,4879.69,2,28,1,RENT,debt_consolidation,0
APP101070,54,180607.32,6.0,7436.69,799.0,3426.43,4,28,1,RENT,home_improvement,0
APP101071,31,11654.08,19.0,12649.08,704.0,4184.58,0,9,4,RENT,debt_consolidation,1
APP101072,58,51415.17,28.0,15409.4,610.0,7244.84,0,4,1,RENT,car,1
APP101073,46,14704.64,0.0,3901.84,596.0,15766.7,11,21,3,MORTGAGE,home_improvement,1
APP101074,43,44953.53,13.0,27474.57,710.0,9338.91,13,9,1,MORTGAGE,business,0
APP101075,29,32748.55,39.0,38544.62,630.0,5140.59,5,8,0,MORTGAGE,debt_consolidation,0
APP101076,55,38750.2,13.0,17472.32,682.0,4609.56,0,21,0,MORTGAGE,debt_consolidation,0
APP101077,29,23020.88,13.0,16051.03,804.0,11862.4,14,7,0,RENT,credit_card,1
APP101078,41,53651.81,29.0,14090.49,667.0,22189.8,6,15,1,RENT,car,0
APP101079,61,17602.94,19.0,8151.36,832.0,8189.71,5,14,2,OWN,credit_card,0
APP101080,66,67563.19,15.0,9264.06,559.0,3320.65,11,25,1,RENT,debt_consolidation,1
APP101081,69,29595.42,31.0,17652.68,685.0,6047.39,10,21,2,MORTGAGE,debt_consolidation,1
APP101082,67,18009.5,1.0,5519.65,675.0,7818.51,11,11,1,RENT,credit_card,1
APP101083,48,80617.29,28.0,5237.34,571.0,3152.29,10,0,0,MORTGAGE,debt_consolidation,1
APP101084,30,35113.07,15.0,7797.84,714.0,9824.2,0,7,3,RENT,debt_consolidation,1
APP101085,62,94260.55,35.0,14672.82,772.0,6070.72,4,5,1,MORTGAGE,debt_consolidation,0
APP101086,60,66881.53,28.0,5886.63,826.0,12478.05,10,23,1,RENT,home_improvement,0
APP101087,69,24365.59,37.0,8645.12,682.0,2249.82,13,23,4,RENT,car,0
APP101088,52,34804.61,5.0,9283.51,497.0,1220.26,9,1,0,OWN,debt_consolidation,1
APP101089,27,38581.15,7.0,5393.12,688.0,3589.6,5,10,3,MORTGAGE,credit_card,1
APP101090,45,77897.69,36.0,2289.62,709.0,5008.99,13,4,1,MORTGAGE,car,0
APP101091,42,45195.77,15.0,5345.94,631.0,1163.6,8,25,1,MORTGAGE,business,0
APP101092,62,39661.9,32.0,11574.18,667.0,3020.67,1,21,2,MORTGAGE,debt_consolidation,0
APP101093,40,32861.6,27.0,13249.12,611.0,13723.22,5,3,0,MORTGAGE,car,1
APP101094,37,35409.01,19.0,13314.62,639.0,7529.82,12,20,2,RENT,credit_card,1
APP101095,24,69723.73,1.0,14267.56,731.0,5489.44,6,24,1,OWN,home_improvement,0
APP101096,61,36382.85,2.0,6796.5,761.0,2111.96,8,1,0,MORTGAGE,credit_card,0
APP101097,58,29807.08,28.0,5976.76,548.0,13362.74,0,18,4,RENT,car,1
APP101098,23,27384.88,3.0,12394.83,609.0,3519.67,9,15,0,MORTGAGE,car,1
APP101099,42,27532.36,0.0,8716.3,522.0,5302.83,4,5,2,OWN,credit_card,1
APP101100,44,18014.86,8.0,17055.83,797.0,6808.46,1,27,1,RENT,other,0
APP101101,43,24954.57,36.0,12441.89,719.0,5636.4,14,0,0,MORTGAGE,business,0
APP101102,66,76819.22,25.0,21381.74,489.0,16210.63,6,14,1,RENT,credit_card,1
APP101103,28,32751.38,28.0,7485.16,644.0,7786.07,12,26,0,RENT,debt_consolidation,0
APP101104,36,51647.95,26.0,18779.49,627.0,6442.51,10,9,1,OWN,debt_consolidation,0
APP101105,29,10515.67,22.0,33550.45,589.0,4586.43,13,8,1,MORTGAGE,debt_consolidation,1
APP101106,32,48250.22,10.0,10221.47,732.0,6943.25,6,21,2,MORTGAGE,home_improvement,0
APP101107,65,33500.77,17.0,13354.17,731.0,4154.73,10,7,1,OWN,debt_consolidation,0
APP101108,67,28546.23,21.0,5662.85,671.0,5718.74,14,15,0,MORTGAGE,home_improvement,0
APP101109,23,39754.57,39.0,16923.08,598.0,3739.21,9,5,0,MORTGAGE,car,1
APP101110,51,28341.64,35.0,19485.68,599.0,3295.96,9,2,0,RENT,debt_consolidation,1
APP101111,32,12557.36,29.0,7356.42,653.0,2361.74,13,10,0,RENT,credit_card,0
APP101112,30,57591.14,32.0,14068.53,613.0,3956.23,5,4,3,RENT,debt_consolidation,0
APP101113,35,41007.44,32.0,11711.0,649.0,3753.95,8,15,1,RENT,debt_consolidation,0
APP101114,30,31039.9,26.0,12512.35,694.0,21237.01,10,14,1,OWN,credit_card,0
APP101115,45,22402.04,33.0,16110.26,527.0,10869.16,13,14,1,MORTGAGE,debt_consolidation,1
APP101116,69,17414.72,2.0,13512.08,589.0,4415.07,11,29,1,MORTGAGE,debt_consolidation,1
APP101117,49,40617.18,0.0,9105.26,647.0,3502.92,6,25,1,RENT,credit_card,0
APP101118,56,,17.0,16317.25,775.0,8038.87,11,13,2,RENT,debt_consolidation,0
APP101119,45,40198.43,2.0,19285.59,717.0,23244.49,8,5,1,RENT,car,1
APP101120,21,18189.85,13.0,7097.4,649.0,9295.15,6,6,1,RENT,home_improvement,1
APP101121,25,40642.04,7.0,9886.45,682.0,1241.35,7,22,0,OWN,debt_consolidation,0
APP101122,34,35359.72,38.0,3424.75,641.0,9803.86,11,25,1,MORTGAGE,debt_consolidation,1
APP101123,32,55939.26,26.0,14046.93,736.0,11296.59,0,27,0,MORTGAGE,debt_consolidation,0
APP101124,62,49186.11,1.0,20616.99,684.0,28549.4,14,27,2,MORTGAGE,home_improvement,1
APP101125,62,8160.73,24.0,8481.33,752.0,4029.2,2,1,0,OWN,debt_consolidation,0
APP101126,62,47696.87,29.0,10722.09,541.0,5490.94,10,24,0,MORTGAGE,credit_card,0
APP101127,52,21988.18,13.0,8672.24,585.0,7045.84,13,22,0,RENT,home_improvement,0
APP101128,48,17838.88,35.0,7860.95,671.0,2667.29,3,4,1,OWN,credit_card,0
APP101129,52,33049.55,38.0,11376.47,689.0,2480.81,8,8,0,MORTGAGE,debt_consolidation,0
APP101130,40,44599.84,39.0,6182.35,842.0,6764.79,8,29,2,MORTGAGE,credit_card,0
APP101131,53,15988.62,3.0,8594.12,505.0,1430.21,0,13,2,RENT,business,1
APP101132,59,51652.21,17.0,5751.81,647.0,1713.65,9,20,1,OWN,debt_consolidation,0
APP101133,58,,31.0,14093.18,643.0,9438.4,14,1,1,RENT,credit_card,1
APP101134,51,37178.58,17.0,11424.81,669.0,7319.31,13,19,1,MORTGAGE,credit_card,0
APP101135,23,23533.69,19.0,7640.8,788.0,13356.96,13,8,0,MORTGAGE,debt_consolidation,0
APP101136,56,22254.76,13.0,10119.78,720.0,7119.46,7,23,0,MORTGAGE,home_improvement,0
APP101137,38,60655.53,16.0,8669.49,521.0,4955.92,10,3,2,RENT,credit_card,1
APP101138,57,17058.24,27.0,19659.92,772.0,13783.88,3,29,2,OWN,credit_card,0
APP101139,47,61835.64,1.0,7596.12,770.0,3504.15,4,6,1,OWN,debt_consolidation,0
APP101140,64,33436.4,31.0,14487.29,671.0,3764.35,13,12,1,RENT,credit_card,0
APP101141,37,34616.4,29.0,6482.59,520.0,4667.53,4,0,2,RENT,other,1
APP101142,66,15459.15,5.0,16131.72,637.0,7047.11,10,2,1,MORTGAGE,business,1
APP101143,62,33746.83,30.0,18441.95,687.0,4659.68,12,28,0,RENT,debt_consolidation,0
APP101144,37,49354.92,20.0,18971.7,729.0,1498.11,9,21,2,RENT,home_improvement,0
APP101145,44,18616.34,12.0,23923.35,508.0,3970.81,0,26,0,OWN,credit_card,1
APP101146,47,46598.23,18.0,11795.42,588.0,4792.25,14,25,1,OWN,home_improvement,0
APP101147,58,37968.27,20.0,20801.24,737.0,5387.61,3,19,2,MORTGAGE,business,0
APP101148,54,26321.0,8.0,26226.04,770.0,3430.56,14,19,0,RENT,debt_consolidation,0
APP101149,62,55677.79,24.0,5048.11,684.0,7364.99,2,9,2,OWN,home_improvement,0
APP101150,39,12074.75,25.0,6891.59,741.0,1355.03,5,21,2,MORTGAGE,debt_consolidation,0
APP101151,45,43188.97,14.0,4034.27,686.0,6854.14,10,28,3,RENT,credit_card,0
APP101152,42,81610.86,18.0,18707.63,727.0,20625.59,0,7,2,MORTGAGE,credit_card,1
APP101153,65,74605.65,24.0,4003.33,661.0,3024.66,5,29,2,OWN,debt_consolidation,0
APP101154,35,44130.36,20.0,3401.92,,5146.58,13,15,0,OWN,debt_consolidation,0
APP101155,49,31230.79,17.0,5123.35,552.0,4033.46,13,23,0,MORTGAGE,home_improvement,0
APP101156,26,26425.87,38.0,3487.75,707.0,4088.21,8,10,1,MORTGAGE,debt_consolidation,0
APP101157,62,31211.35,35.0,11652.72,549.0,2158.62,12,20,1,OWN,car,0
APP101158,39,47662.66,15.0,5163.01,707.0,24179.17,11,16,0,MORTGAGE,home_improvement,0
APP101159,37,24255.0,28.0,3589.72,614.0,6691.73,14,9,5,MORTGAGE,credit_card,1
APP101160,49,53035.24,32.0,9651.57,679.0,2873.72,6,0,1,OWN,home_improvement,0
APP101161,45,105512.03,4.0,9999.27,573.0,2623.55,4,26,0,MORTGAGE,credit_card,0
APP101162,62,35209.05,23.0,3223.2,609.0,5162.63,13,20,3,RENT,credit_card,1
APP101163,47,18542.16,31.0,6449.64,679.0,867.71,7,14,2,MORTGAGE,credit_card,0
APP101164,46,18538.92,2.0,9463.68,710.0,11410.14,8,16,3,RENT,business,1
APP101165,26,53545.27,13.0,7989.68,737.0,3258.17,9,18,1,OWN,debt_consolidation,0
APP101166,22,35246.69,31.0,8121.82,557.0,6707.86,12,0,2,MORTGAGE,debt_consolidation,1
APP101167,40,56298.07,37.0,20081.86,529.0,6963.78,14,5,0,MORTGAGE,debt_consolidation,0
APP101168,69,27810.89,39.0,35879.7,571.0,10638.55,5,29,0,MORTGAGE,car,0
APP101169,65,55012.28,24.0,8201.08,564.0,7288.85,5,0,0,MORTGAGE,credit_card,1
APP101170,51,33551.96,1.0,4477.73,775.0,8906.53,13,3,1,MORTGAGE,home_improvement,0
APP101171,51,25178.56,1.0,8597.7,757.0,11106.13,4,29,1,OWN,debt_consolidation,0
APP101172,40,29717.78,32.0,11120.84,570.0,3773.67,9,23,0,RENT,debt_consolidation,1
APP101173,29,19959.75,29.0,9585.75,786.0,27477.14,9,18,1,OWN,home_improvement,0
APP101174,21,98191.98,7.0,14277.14,752.0,6517.85,6,27,1,OWN,home_improvement,0
APP101175,37,34606.93,5.0,37314.81,519.0,4805.97,9,20,1,MORTGAGE,credit_card,1
APP101176,36,50124.09,5.0,3540.87,567.0,2507.69,10,2,2,OWN,car,1
APP101177,30,27765.94,35.0,7300.89,517.0,4164.54,2,1,3,RENT,car,1
APP101178,33,21461.93,30.0,24951.42,643.0,6778.32,2,26,0,RENT,debt_consolidation,0
APP101179,22,32307.66,37.0,7235.63,651.0,5304.03,6,12,1,MORTGAGE,debt_consolidation,0
APP101180,50,62981.5,4.0,15893.99,651.0,21204.28,12,10,6,MORTGAGE,home_improvement,1
APP101181,66,27990.88,27.0,14451.31,487.0,3597.56,5,8,0,RENT,business,1
APP101182,54,23499.49,36.0,20787.93,535.0,8462.9,7,23,0,MORTGAGE,car,1
APP101183,42,39251.0,21.0,31194.71,670.0,1997.32,6,25,1,MORTGAGE,home_improvement,0
APP101184,41,46607.25,30.0,12086.49,699.0,28185.6,11,18,3,OWN,credit_card,1
APP101185,36,82571.85,24.0,3472.06,488.0,1891.43,2,14,2,OWN,debt_consolidation,1
APP101186,27,43341.91,0.0,6501.29,547.0,25833.5,9,17,3,MORTGAGE,business,1
APP101187,50,50111.03,17.0,36740.38,731.0,4408.67,9,11,1,MORTGAGE,car,0
APP101188,48,52033.22,10.0,4236.45,552.0,822.51,3,10,3,RENT,debt_consolidation,1
APP101189,21,20404.12,3.0,13334.15,648.0,14496.03,2,4,2,OWN,credit_card,1
APP101190,41,22434.02,23.0,2189.21,544.0,5249.35,10,14,1,RENT,debt_consolidation,1
APP101191,34,21121.61,37.0,4399.58,716.0,3419.49,0,11,1,MORTGAGE,business,0
APP101192,29,18656.08,2.0,16850.95,488.0,8211.95,3,8,1,OWN,credit_card,1
APP101193,55,54053.52,13.0,10113.0,625.0,8362.62,7,10,1,OWN,business,0
APP101194,46,41983.21,26.0,7896.18,725.0,6847.69,0,21,1,RENT,home_improvement,0
APP101195,52,37788.04,12.0,6071.65,698.0,12185.85,0,23,1,OWN,credit_card,0
APP101196,55,9933.24,,2987.15,612.0,6015.17,9,24,2,OWN,business,1
APP101197,69,101492.32,7.0,15003.57,594.0,8264.95,9,25,3,RENT,debt_consolidation,1
APP101198,60,23222.2,0.0,8350.79,631.0,3237.6,14,29,0,RENT,debt_consolidation,0
APP101199,51,101306.55,39.0,3971.43,546.0,9067.49,8,11,1,MORTGAGE,home_improvement,0
APP101200,64,17595.16,19.0,10078.03,641.0,3248.92,1,26,0,OWN,business,0
APP101201,44,24192.54,37.0,14027.13,643.0,1998.93,8,12,0,RENT,debt_consolidation,0
APP101202,69,,27.0,8774.42,616.0,4167.16,0,24,1,MORTGAGE,debt_consolidation,1
APP101203,58,43523.77,13.0,10610.46,730.0,3941.73,1,29,0,RENT,credit_card,0
APP101204,52,20939.06,37.0,10126.15,564.0,10323.73,3,23,1,RENT,business,1
APP101205,65,21236.99,10.0,6476.42,513.0,1536.77,1,11,0,RENT,business,1
APP101206,46,18283.29,7.0,10224.64,607.0,11788.82,14,11,2,OWN,other,1
APP101207,56,53566.41,32.0,15384.72,,2985.79,9,18,1,RENT,car,1
APP101208,34,51830.38,22.0,18412.52,641.0,684.09,8,29,1,RENT,credit_card,0
APP101209,68,89860.79,16.0,15905.78,,1870.74,0,4,1,OWN,debt_consolidation,1
APP101210,51,25774.65,23.0,6600.77,559.0,3842.86,2,7,1,RENT,home_improvement,1
APP101211,59,40514.28,38.0,14497.44,571.0,7012.02,1,12,1,RENT,business,0
APP101212,43,19059.72,11.0,13085.76,610.0,4417.64,9,24,1,MORTGAGE,credit_card,0
APP101213,63,30714.2,36.0,6465.11,604.0,1867.52,11,7,0,RENT,credit_card,0
APP101214,24,28017.3,36.0,7490.66,737.0,2636.41,9,13,1,MORTGAGE,car,0
APP101215,26,45808.5,30.0,14880.63,671.0,1892.61,2,7,4,RENT,credit_card,1
APP101216,45,60385.9,6.0,22609.94,607.0,6045.11,3,21,2,MORTGAGE,car,1
APP101217,56,59607.3,3.0,3337.57,737.0,4571.17,7,7,1,OWN,debt_consolidation,0
APP101218,60,23827.46,4.0,26477.13,685.0,8030.62,6,2,1,OWN,home_improvement,1
APP101219,42,59828.29,28.0,19900.41,541.0,1192.54,1,14,1,RENT,home_improvement,0
APP101220,52,35523.77,15.0,11153.08,390.0,3206.11,6,0,0,OWN,credit_card,1
APP101221,48,30874.98,39.0,8566.12,543.0,24910.34,3,8,1,MORTGAGE,credit_card,1
APP101222,68,25482.42,0.0,12509.71,697.0,8207.7,2,28,0,RENT,home_improvement,1
APP101223,53,27447.55,14.0,6738.96,721.0,3878.15,13,24,2,RENT,business,0
APP101224,41,86782.21,10.0,8896.23,517.0,2230.8,1,18,0,MORTGAGE,credit_card,0
APP101225,68,42349.22,35.0,4084.62,702.0,11922.68,11,13,3,MORTGAGE,debt_consolidation,0
APP101226,26,39628.58,4.0,3481.04,699.0,16749.72,0,24,0,OWN,business,0
APP101227,69,31852.67,16.0,40110.12,761.0,1960.72,2,1,1,OWN,debt_consolidation,0
APP101228,28,123375.68,34.0,10278.87,726.0,2114.86,13,13,1,RENT,debt_consolidation,0
APP101229,35,69738.32,38.0,11183.71,758.0,6142.83,3,13,2,MORTGAGE,debt_consolidation,0
APP101230,61,25323.01,36.0,9716.3,689.0,6619.84,0,0,0,MORTGAGE,car,0
APP101231,56,31672.13,26.0,6022.97,686.0,7231.65,7,2,0,RENT,debt_consolidation,0
APP101232,68,32626.42,6.0,8231.82,,21476.1,3,12,0,MORTGAGE,credit_card,1
APP101233,57,39063.19,3.0,10453.72,715.0,2259.3,9,4,0,MORTGAGE,debt_consolidation,1
APP101234,52,25575.42,16.0,8795.69,543.0,5074.01,8,29,0,OWN,home_improvement,1
APP101235,37,45225.13,19.0,6302.35,638.0,8751.28,8,4,0,OWN,credit_card,0
APP101236,21,75060.07,20.0,13196.32,693.0,8676.17,0,0,0,RENT,credit_card,0
APP101237,27,18829.61,1.0,11081.35,762.0,2927.04,4,23,3,OWN,home_improvement,0
APP101238,35,20659.42,27.0,12528.29,611.0,3020.99,0,12,1,OWN,credit_card,1
APP101239,23,28521.71,15.0,15108.71,727.0,3403.71,14,12,1,RENT,car,0
APP101240,45,29190.61,4.0,8934.59,634.0,19201.92,1,7,1,MORTGAGE,business,1
APP101241,59,98640.08,36.0,8943.37,728.0,2246.71,12,0,1,RENT,credit_card,1
APP101242,68,59925.33,14.0,24088.06,585.0,3791.63,13,21,0,OWN,debt_consolidation,1
APP101243,44,58230.3,9.0,5617.21,708.0,9139.51,9,15,1,RENT,credit_card,1
APP101244,63,31818.95,19.0,3215.77,642.0,2056.89,12,11,3,RENT,car,1
APP101245,69,31471.68,38.0,13812.42,555.0,6041.54,13,6,1,MORTGAGE,debt_consolidation,1
APP101246,63,17573.5,32.0,6784.46,637.0,1075.32,13,4,1,RENT,debt_consolidation,1
APP101247,43,53683.99,3.0,5185.33,755.0,5733.5,4,21,0,OWN,other,0
APP101248,36,46421.93,27.0,16833.78,568.0,5125.07,11,2,3,RENT,home_improvement,1
APP101249,68,69078.49,26.0,9073.73,531.0,5602.05,4,28,0,RENT,credit_card,0
APP101250,32,32682.18,35.0,4637.18,681.0,2452.48,1,16,2,MORTGAGE,business,1
APP101251,41,33830.24,38.0,31601.75,515.0,5896.88,4,5,1,RENT,credit_card,1
APP101252,24,39538.21,29.0,3765.32,775.0,4763.61,14,26,0,OWN,credit_card,0
APP101253,59,56723.78,26.0,9395.56,773.0,13895.17,2,8,2,MORTGAGE,credit_card,0
APP101254,52,17411.6,14.0,3185.72,733.0,8186.76,8,8,0,MORTGAGE,home_improvement,0
APP101255,25,52471.64,35.0,11642.24,649.0,1541.97,2,21,0,OWN,car,0
APP101256,31,35945.25,37.0,6736.76,783.0,2524.84,7,3,1,MORTGAGE,debt_consolidation,1
APP101257,48,21390.05,39.0,16180.55,757.0,3001.64,13,18,1,OWN,car,0
APP101258,47,12806.36,38.0,9794.42,607.0,5677.74,14,8,1,OWN,credit_card,1
APP101259,60,33920.1,25.0,22255.95,765.0,4292.85,12,24,1,RENT,credit_card,0
APP101260,34,74896.05,38.0,7647.79,577.0,4278.66,12,13,2,RENT,business,1
APP101261,66,83896.76,31.0,3779.22,634.0,46825.65,8,19,3,MORTGAGE,debt_consolidation,1
APP101262,42,43377.15,9.0,11413.01,,3260.65,0,13,2,MORTGAGE,credit_card,1
APP101263,61,96858.15,,8505.48,661.0,14953.38,9,5,3,MORTGAGE,credit_card,1
APP101264,32,35544.1,39.0,3322.4,,4368.22,6,9,0,OWN,home_improvement,0
APP101265,22,58492.38,17.0,5254.14,613.0,860.21,3,25,3,RENT,debt_consolidation,1
APP101266,23,28980.68,34.0,6359.6,636.0,5727.65,10,15,0,RENT,debt_consolidation,0
APP101267,39,28076.85,11.0,25165.52,603.0,12032.72,0,4,1,MORTGAGE,debt_consolidation,0
APP101268,67,25880.51,14.0,15130.49,653.0,8158.03,2,2,0,OWN,car,0
APP101269,23,12961.46,32.0,8033.37,752.0,6032.52,6,2,1,RENT,debt_consolidation,1
APP101270,39,69116.32,21.0,13128.25,565.0,5008.95,2,24,2,RENT,home_improvement,1
APP101271,26,26348.95,27.0,2911.21,719.0,3308.58,10,28,2,OWN,debt_consolidation,0
APP101272,66,24325.5,12.0,7051.93,667.0,10066.7,11,15,1,OWN,home_improvement,1
APP101273,54,20130.96,24.0,12589.23,679.0,3472.53,10,17,2,MORTGAGE,debt_consolidation,0
APP101274,58,32788.08,19.0,10929.55,647.0,2944.61,1,15,2,MORTGAGE,home_improvement,1
APP101275,55,87706.05,37.0,7160.87,592.0,6826.08,9,9,1,MORTGAGE,car,0
APP101276,53,103454.73,,9672.24,685.0,3865.86,14,23,0,MORTGAGE,other,0
APP101277,58,15828.49,3.0,12123.06,691.0,13693.71,13,7,2,RENT,car,1
APP101278,21,30417.58,29.0,9841.72,585.0,7142.54,2,22,2,MORTGAGE,business,1
APP101279,63,21651.31,38.0,16590.78,542.0,2637.6,3,2,1,OWN,business,1
APP101280,57,59526.02,35.0,11982.72,656.0,1966.91,2,17,2,OWN,debt_consolidation,1
APP101281,57,41910.71,4.0,13450.13,710.0,3106.11,3,16,2,RENT,credit_card,1
APP101282,40,26415.74,39.0,27670.8,730.0,31900.13,13,3,0,OWN,credit_card,0
APP101283,60,37657.47,13.0,16260.66,746.0,4064.08,1,26,0,RENT,credit_card,0
APP101284,39,28603.68,,28129.53,679.0,9014.8,8,5,1,MORTGAGE,car,1
APP101285,23,81399.39,25.0,6613.39,628.0,1729.32,14,20,0,OWN,credit_card,0
APP101286,65,47737.84,38.0,3806.83,649.0,2066.34,12,14,2,OWN,business,1
APP101287,32,50762.43,13.0,9098.2,550.0,4227.03,6,22,0,MORTGAGE,home_improvement,1
APP101288,25,9571.46,24.0,8644.19,595.0,19165.72,8,13,1,OWN,credit_card,1
APP101289,51,35122.8,27.0,23757.38,645.0,1750.07,6,17,0,RENT,car,0
APP101290,32,102909.52,6.0,5023.96,628.0,2969.69,10,22,4,OWN,home_improvement,1
APP101291,63,70478.61,31.0,9439.64,657.0,10110.76,14,0,1,MORTGAGE,credit_card,1
APP101292,42,14421.21,5.0,12620.88,540.0,17572.16,8,6,0,MORTGAGE,business,1
APP101293,21,31047.92,33.0,10509.78,557.0,6973.85,6,13,0,RENT,credit_card,1
APP101294,67,19915.23,,8929.2,712.0,8439.64,13,10,3,RENT,debt_consolidation,1
APP101295,46,85438.39,7.0,12272.8,583.0,2398.17,5,1,0,RENT,car,1
APP101296,33,41033.3,19.0,18910.23,595.0,1705.59,0,19,1,MORTGAGE,car,1
APP101297,54,24738.16,7.0,24870.74,657.0,1965.18,3,2,0,MORTGAGE,debt_consolidation,1
APP101298,46,36941.06,3.0,10093.88,575.0,2443.81,9,22,1,RENT,debt_consolidation,1
APP101299,22,9860.75,2.0,6066.23,738.0,5886.88,6,5,2,RENT,business,1
APP101300,58,21110.36,11.0,24852.67,549.0,1852.5,13,18,2,OWN,debt_consolidation,1
APP101301,40,36983.3,19.0,5184.45,650.0,6004.84,10,26,1,RENT,home_improvement,0
APP101302,55,55427.86,1.0,28979.6,590.0,3819.41,8,10,2,MORTGAGE,debt_consolidation,1
APP101303,64,13757.55,5.0,22169.69,662.0,3133.75,13,6,0,MORTGAGE,car,0
APP101304,50,30014.09,24.0,24188.66,610.0,9976.92,11,6,2,OWN,debt_consolidation,1
APP101305,53,60164.81,12.0,14931.59,,2281.93,2,13,1,RENT,home_improvement,0
APP101306,33,17575.71,30.0,2786.4,747.0,15499.51,10,8,1,RENT,other,0
APP101307,32,40724.75,33.0,5305.65,595.0,9553.61,10,26,1,RENT,home_improvement,0
APP101308,41,37533.43,1.0,11898.09,594.0,2225.9,14,25,0,OWN,credit_card,0
APP101309,62,85578.57,37.0,6598.59,624.0,12858.87,0,20,2,OWN,credit_card,1
APP101310,46,32368.21,27.0,8191.33,767.0,2025.17,2,10,1,OWN,other,0
APP101311,38,33329.55,32.0,14295.28,642.0,13828.18,12,3,2,MORTGAGE,home_improvement,1
APP101312,59,55685.77,19.0,8937.54,748.0,6414.7,14,6,0,MORTGAGE,other,0
APP101313,62,18710.23,0.0,4762.78,635.0,1389.5,4,13,1,MORTGAGE,debt_consolidation,1
APP101314,65,32518.3,35.0,16838.03,745.0,1743.58,14,24,0,RENT,car,0
APP101315,35,28915.63,22.0,13479.72,682.0,3554.68,0,23,0,MORTGAGE,debt_consolidation,0
APP101316,55,33878.78,1.0,8523.67,694.0,9840.25,10,29,1,OWN,credit_card,0
APP101317,49,55503.6,6.0,15165.22,535.0,4287.45,5,13,0,OWN,home_improvement,1
APP101318,42,47910.06,8.0,10477.95,523.0,4202.79,9,16,0,MORTGAGE,car,1
APP101319,40,24975.71,15.0,22000.42,735.0,5075.27,13,6,3,RENT,home_improvement,0
APP101320,26,38884.45,17.0,10837.04,734.0,996.18,8,20,0,MORTGAGE,debt_consolidation,0
APP101321,34,76513.37,17.0,21902.51,843.0,9503.17,3,19,0,RENT,debt_consolidation,0
APP101322,47,23964.22,34.0,3215.73,531.0,14353.18,14,2,1,OWN,business,1
APP101323,64,39049.42,37.0,13036.8,688.0,9241.77,4,12,2,MORTGAGE,debt_consolidation,0
APP101324,63,32972.19,27.0,7795.35,568.0,3502.43,7,27,1,MORTGAGE,home_improvement,1
APP101325,30,35189.31,25.0,5910.99,590.0,2421.07,2,15,1,RENT,car,1
APP101326,54,16069.39,34.0,19832.96,609.0,2068.23,13,13,0,OWN,car,1
APP101327,25,73525.05,10.0,16872.7,680.0,1985.22,14,3,0,MORTGAGE,debt_consolidation,0
APP101328,54,24657.2,22.0,2969.4,596.0,30081.04,5,23,3,MORTGAGE,car,1
APP101329,37,60659.77,25.0,15203.75,652.0,4614.42,6,27,1,MORTGAGE,business,0
APP101330,43,26617.17,11.0,14136.12,716.0,10134.99,6,27,1,MORTGAGE,car,0
APP101331,56,26562.29,,6413.48,740.0,9698.34,14,27,2,MORTGAGE,credit_card,0
APP101332,41,66606.78,9.0,5995.82,705.0,5508.72,9,28,1,OWN,debt_consolidation,0
APP101333,60,59691.34,2.0,3811.03,,2332.45,1,9,1,MORTGAGE,home_improvement,1
APP101334,47,40309.12,12.0,8082.7,638.0,7442.45,11,22,3,RENT,car,1
APP101335,69,53134.16,,8897.34,604.0,2067.26,6,8,4,OWN,debt_consolidation,1
APP101336,52,31436.46,14.0,15965.7,693.0,7957.29,1,10,2,OWN,home_improvement,0
APP101337,35,36163.88,8.0,11633.31,565.0,2144.15,7,5,3,OWN,business,1
APP101338,58,26086.88,34.0,5239.89,659.0,3467.09,0,1,2,RENT,credit_card,1
APP101339,40,57069.92,6.0,11422.32,563.0,3462.45,3,17,5,MORTGAGE,credit_card,1
APP101340,47,25675.52,6.0,8497.89,646.0,15050.42,11,2,0,OWN,car,1
APP101341,27,76311.44,35.0,5648.27,565.0,701.15,7,5,1,MORTGAGE,car,0
APP101342,26,31010.56,12.0,3813.47,617.0,31717.65,6,5,1,OWN,home_improvement,1
APP101343,49,36689.81,0.0,14398.54,595.0,2579.31,5,18,4,RENT,credit_card,1
APP101344,30,53069.84,17.0,12936.89,586.0,4452.9,13,14,2,OWN,car,1
APP101345,69,36751.42,29.0,13822.62,643.0,6840.7,3,28,1,RENT,car,0
APP101346,62,31289.75,30.0,6393.6,456.0,6387.46,14,19,1,MORTGAGE,business,1
APP101347,55,35774.42,3.0,10967.02,505.0,9651.84,5,5,0,MORTGAGE,credit_card,1
APP101348,57,56778.28,11.0,4336.32,714.0,8008.82,5,7,1,RENT,car,0
APP101349,50,26070.87,24.0,5475.56,661.0,25074.23,9,6,1,MORTGAGE,credit_card,1
APP101350,23,34094.16,26.0,10099.48,592.0,8824.41,11,13,1,MORTGAGE,business,1
APP101351,40,36502.77,24.0,11584.37,727.0,4474.32,7,2,3,MORTGAGE,car,0
APP101352,45,55954.41,13.0,3724.58,598.0,3157.67,9,12,1,MORTGAGE,car,0
APP101353,65,34547.05,34.0,5247.32,603.0,3093.06,6,9,2,OWN,credit_card,1
APP101354,31,89693.14,3.0,7948.7,587.0,13829.99,11,3,0,MORTGAGE,credit_card,1
APP101355,45,33581.5,32.0,17590.45,802.0,20013.49,12,26,0,MORTGAGE,car,0
APP101356,37,32246.29,37.0,6076.22,668.0,10973.96,12,10,1,OWN,debt_consolidation,0
APP101357,27,33339.03,27.0,10768.12,665.0,390.9,9,0,1,MORTGAGE,home_improvement,1
APP101358,26,18801.26,17.0,11467.08,687.0,814.26,4,22,3,MORTGAGE,debt_consolidation,1
APP101359,38,21625.68,15.0,8520.11,501.0,4885.13,9,19,2,MORTGAGE,home_improvement,1
APP101360,25,27852.18,,11623.82,602.0,4301.19,9,10,1,OWN,credit_card,0
APP101361,24,64081.75,6.0,4416.27,686.0,4993.67,3,11,1,MORTGAGE,home_improvement,0
APP101362,38,35718.96,8.0,6677.69,649.0,13378.36,12,5,4,RENT,debt_consolidation,1
APP101363,30,28500.53,25.0,23402.92,826.0,12855.31,11,9,1,MORTGAGE,business,0
APP101364,48,67054.93,22.0,24412.7,607.0,5652.94,6,4,0,RENT,home_improvement,0
APP101365,21,78872.55,19.0,16411.74,725.0,1452.29,0,5,3,MORTGAGE,debt_consolidation,0
APP101366,35,68029.13,,19153.4,714.0,1838.37,10,11,0,RENT,car,0
APP101367,43,23705.33,3.0,3309.17,661.0,5187.17,3,24,1,RENT,home_improvement,0
APP101368,68,28349.81,34.0,5601.46,675.0,6859.97,11,5,1,OWN,credit_card,0
APP101369,52,89937.3,38.0,8211.9,626.0,1855.95,6,24,1,MORTGAGE,debt_consolidation,0
APP101370,64,40968.95,9.0,42166.66,492.0,8336.66,10,24,0,RENT,credit_card,1
APP101371,37,31767.1,12.0,8202.13,677.0,1209.67,13,1,2,OWN,debt_consolidation,1
APP101372,43,52009.1,25.0,15474.4,684.0,583.75,1,8,2,OWN,credit_card,1
APP101373,41,60093.05,0.0,12419.5,696.0,2440.35,0,17,2,OWN,credit_card,0
APP101374,64,27289.99,,12254.81,655.0,14741.92,10,4,0,MORTGAGE,car,1
APP101375,68,40526.85,36.0,9758.38,727.0,16611.13,6,12,0,MORTGAGE,home_improvement,1
APP101376,68,57715.44,,4817.36,580.0,1372.03,10,21,1,MORTGAGE,debt_consolidation,1
APP101377,57,20330.07,23.0,1957.26,767.0,1458.57,1,0,3,RENT,other,0
APP101378,45,36540.36,35.0,21356.37,570.0,9033.98,13,19,0,MORTGAGE,debt_consolidation,0
APP101379,47,20802.02,29.0,6836.98,641.0,3454.55,3,9,0,MORTGAGE,home_improvement,1
APP101380,69,22208.04,10.0,3228.37,704.0,14663.25,1,23,1,OWN,credit_card,1
APP101381,34,27404.16,6.0,12871.57,,8917.13,6,5,1,MORTGAGE,debt_consolidation,1
APP101382,37,46099.61,28.0,12724.36,709.0,10230.36,12,21,1,MORTGAGE,car,1
APP101383,64,,16.0,15689.32,622.0,2546.55,1,22,1,RENT,home_improvement,0
APP101384,39,26259.71,38.0,19330.31,659.0,7009.69,7,13,7,RENT,credit_card,1
APP101385,32,37263.79,25.0,5702.2,635.0,24664.17,12,13,1,OWN,credit_card,1
APP101386,48,20465.97,0.0,5854.76,603.0,5507.13,7,12,2,MORTGAGE,car,1
APP101387,36,44999.27,10.0,8174.53,830.0,4740.98,1,23,1,MORTGAGE,business,0
APP101388,64,63939.55,29.0,16203.53,582.0,3468.39,3,12,3,MORTGAGE,car,1
APP101389,65,34905.44,28.0,2802.92,467.0,1364.37,8,29,0,RENT,debt_consolidation,1
APP101390,35,32816.13,29.0,10688.5,585.0,2040.28,9,4,2,RENT,debt_consolidation,1
APP101391,46,43770.71,9.0,17314.04,,2407.98,2,12,1,MORTGAGE,debt_consolidation,1
APP101392,69,13170.9,9.0,16890.62,619.0,1318.91,5,16,0,RENT,credit_card,0
APP101393,57,47496.38,8.0,15140.63,731.0,1429.69,1,16,1,MORTGAGE,debt_consolidation,0
APP101394,31,171260.81,27.0,18728.47,728.0,693.29,8,13,2,OWN,debt_consolidation,0
APP101395,49,34154.92,0.0,1903.96,624.0,2628.03,6,29,0,OWN,car,1
APP101396,51,34215.62,32.0,26058.03,515.0,8435.45,9,14,1,OWN,home_improvement,1
APP101397,53,52670.12,11.0,12067.16,547.0,3815.34,5,4,1,RENT,debt_consolidation,1
APP101398,22,82674.49,19.0,22043.89,647.0,3829.2,14,11,0,OWN,car,0
APP101399,35,59129.42,9.0,4891.33,524.0,9076.31,0,1,0,RENT,home_improvement,1
APP101400,62,12359.7,17.0,3455.44,620.0,18980.59,3,8,0,OWN,credit_card,1
APP101401,32,48131.85,30.0,28906.64,763.0,30292.77,0,14,0,RENT,debt_consolidation,0
APP101402,35,131395.23,7.0,5676.48,677.0,5517.11,12,2,3,MORTGAGE,home_improvement,1
APP101403,36,49573.94,22.0,8213.14,653.0,3922.79,4,14,0,MORTGAGE,car,0
APP101404,29,20387.94,2.0,13581.62,566.0,3531.71,0,6,1,RENT,debt_consolidation,1
APP101405,28,41811.0,7.0,15736.4,664.0,7886.92,11,27,3,RENT,debt_consolidation,1
APP101406,38,19142.31,27.0,18902.51,629.0,4337.07,13,4,0,RENT,credit_card,0
APP101407,63,67265.44,22.0,11316.67,669.0,4349.5,12,13,0,RENT,car,0
APP101408,21,22517.74,24.0,5257.52,708.0,4586.28,3,5,1,OWN,other,0
APP101409,34,37688.93,9.0,15123.11,721.0,2312.98,0,13,1,MORTGAGE,credit_card,0
APP101410,23,23649.8,8.0,15268.29,660.0,760.7,4,14,0,MORTGAGE,car,1
APP101411,48,27633.28,17.0,3330.84,690.0,2877.31,2,14,4,RENT,car,1
APP101412,33,76349.39,5.0,23183.84,609.0,15771.87,11,14,2,OWN,business,1
APP101413,59,38243.49,35.0,2225.54,740.0,15189.82,5,13,2,OWN,home_improvement,1
APP101414,49,27457.61,10.0,18410.0,579.0,10423.58,6,8,3,OWN,business,1
APP101415,59,,28.0,6765.11,,3311.04,9,26,2,MORTGAGE,business,0
APP101416,52,14244.83,6.0,15112.93,748.0,2611.26,6,19,1,OWN,debt_consolidation,0
APP101417,42,19425.85,26.0,13441.69,611.0,18027.92,4,18,0,MORTGAGE,credit_card,1
APP101418,63,38406.41,8.0,9679.12,542.0,2066.26,3,12,1,OWN,credit_card,1
APP101419,44,59285.31,11.0,12973.34,617.0,5072.14,3,23,2,OWN,car,1
APP101420,67,27441.84,,9396.86,761.0,18988.61,1,20,0,OWN,credit_card,0
APP101421,69,79640.0,4.0,15189.66,468.0,5427.08,8,4,1,MORTGAGE,business,1
APP101422,49,25368.15,4.0,36723.17,658.0,3886.32,3,13,3,OWN,business,1
APP101423,54,32241.0,30.0,4426.02,599.0,12430.04,10,26,2,OWN,credit_card,0
APP101424,33,21167.28,13.0,1461.34,636.0,5206.22,5,26,4,OWN,home_improvement,1
APP101425,60,59598.21,22.0,7712.48,622.0,5749.89,7,29,3,RENT,debt_consolidation,1
APP101426,53,103647.95,25.0,7402.58,726.0,16510.8,12,22,4,OWN,credit_card,0
APP101427,65,15049.37,24.0,7890.85,654.0,641.66,10,28,1,MORTGAGE,home_improvement,0
APP101428,34,30543.86,25.0,5676.76,730.0,6549.03,4,7,1,OWN,debt_consolidation,0
APP101429,59,68349.53,39.0,16704.95,752.0,2662.3,0,29,0,MORTGAGE,debt_consolidation,0
APP101430,44,17615.37,,4320.83,652.0,4163.96,10,28,1,OWN,other,0
APP101431,30,48210.97,13.0,12970.92,621.0,5379.58,4,20,0,MORTGAGE,home_improvement,0
APP101432,29,66885.41,11.0,14517.05,680.0,2862.99,1,20,0,RENT,home_improvement,0
APP101433,48,37764.11,32.0,11966.66,695.0,5900.65,9,20,0,MORTGAGE,car,0
APP101434,36,47816.76,16.0,13257.07,557.0,6689.48,12,3,1,MORTGAGE,home_improvement,1
APP101435,25,87592.55,22.0,17493.07,668.0,5783.5,9,2,0,RENT,home_improvement,0
APP101436,41,96202.76,32.0,10220.38,629.0,5372.95,12,7,1,MORTGAGE,credit_card,0
APP101437,52,35207.57,9.0,8039.34,616.0,4473.47,2,8,0,MORTGAGE,credit_card,1
APP101438,36,27828.36,8.0,13250.92,594.0,4544.41,12,1,0,MORTGAGE,debt_consolidation,1
APP101439,67,22925.61,2.0,14188.96,599.0,5237.05,4,23,0,MORTGAGE,home_improvement,1
APP101440,59,59188.47,2.0,16878.71,750.0,2312.46,7,1,2,MORTGAGE,home_improvement,0
APP101441,46,18290.05,24.0,3542.42,620.0,13576.47,3,10,1,MORTGAGE,debt_consolidation,1
APP101442,66,32007.1,20.0,8865.13,741.0,4569.27,9,3,2,RENT,car,1
APP101443,42,38228.82,11.0,5222.75,660.0,3559.23,13,18,1,MORTGAGE,debt_consolidation,0
APP101444,27,28240.11,8.0,13857.46,559.0,6745.8,14,28,0,MORTGAGE,home_improvement,1
APP101445,22,41769.02,27.0,15306.39,665.0,4483.9,4,17,1,MORTGAGE,debt_consolidation,0
APP101446,66,130908.86,3.0,8394.67,554.0,13281.13,6,16,3,RENT,business,1
APP101447,68,34173.33,28.0,6389.68,698.0,10054.21,13,17,0,RENT,debt_consolidation,0
APP101448,57,29210.9,36.0,14160.02,633.0,5294.12,4,8,3,RENT,debt_consolidation,1
APP101449,26,60334.9,18.0,9136.7,718.0,10416.35,13,11,0,OWN,debt_consolidation,0
APP101450,35,40937.09,19.0,23292.34,764.0,5932.58,8,9,1,MORTGAGE,credit_card,0
APP101451,23,74583.0,21.0,28674.74,511.0,1952.2,7,26,1,MORTGAGE,home_improvement,1
APP101452,23,39432.43,3.0,18041.44,613.0,10015.55,14,10,0,OWN,debt_consolidation,1
APP101453,33,32073.6,25.0,11379.79,553.0,1074.54,13,7,1,RENT,car,1
APP101454,49,14885.42,14.0,29594.53,822.0,294.86,13,15,0,RENT,debt_consolidation,0
APP101455,24,16157.39,18.0,11434.98,614.0,8590.37,1,23,0,MORTGAGE,business,0
APP101456,69,14503.58,0.0,7424.08,544.0,7008.3,1,11,1,RENT,credit_card,1
APP101457,43,43900.0,35.0,6599.81,829.0,6643.55,1,0,2,MORTGAGE,credit_card,0
APP101458,33,18377.37,13.0,6489.23,591.0,14937.73,8,12,0,RENT,car,1
APP101459,46,68035.76,3.0,9859.38,520.0,4818.54,6,25,1,RENT,car,1
APP101460,59,36868.89,31.0,13067.09,557.0,3631.5,3,25,3,OWN,car,1
APP101461,36,32141.6,39.0,4234.01,661.0,9295.74,10,22,0,OWN,credit_card,0
APP101462,23,23815.04,20.0,7560.14,653.0,2776.55,3,15,0,RENT,car,0
APP101463,23,49569.42,1.0,11245.36,583.0,4062.33,14,29,1,MORTGAGE,debt_consolidation,0
APP101464,62,24288.33,39.0,14562.07,611.0,6015.28,5,3,2,MORTGAGE,home_improvement,1
APP101465,26,22188.09,8.0,9744.38,654.0,6412.68,7,3,3,MORTGAGE,credit_card,1
APP101466,52,65786.83,9.0,11461.0,755.0,3765.29,0,21,1,MORTGAGE,debt_consolidation,0
APP101467,39,43360.78,28.0,4707.38,676.0,3319.66,0,24,2,MORTGAGE,car,0
APP101468,59,32290.72,13.0,5726.89,604.0,2006.33,2,6,3,MORTGAGE,business,1
APP101469,23,50046.93,3.0,9542.23,631.0,2618.25,2,9,1,MORTGAGE,debt_consolidation,1
APP101470,64,36478.05,27.0,13444.57,711.0,21062.95,1,6,1,MORTGAGE,debt_consolidation,1
APP101471,55,43980.72,10.0,11370.55,784.0,3974.04,6,7,0,RENT,debt_consolidation,0
APP101472,43,24138.81,34.0,5947.38,561.0,5718.15,10,0,1,RENT,other,1
APP101473,31,102252.38,6.0,8587.5,739.0,1490.66,10,6,1,RENT,debt_consolidation,0
APP101474,68,27178.73,36.0,24516.53,624.0,38199.16,12,20,1,RENT,home_improvement,1
APP101475,35,79063.62,28.0,13719.25,520.0,2467.17,8,21,2,OWN,debt_consolidation,1
APP101476,45,33043.02,,8977.53,504.0,1919.73,2,26,0,RENT,home_improvement,0
APP101477,40,54368.95,23.0,5348.11,756.0,4680.0,13,28,3,RENT,other,0
APP101478,32,52423.58,37.0,6450.92,766.0,2406.71,12,6,3,OWN,debt_consolidation,0
APP101479,41,64435.88,2.0,9936.34,604.0,6581.28,3,19,4,RENT,home_improvement,1
APP101480,28,23853.55,32.0,11679.24,633.0,1466.58,12,11,0,MORTGAGE,car,0
APP101481,21,62181.8,18.0,13895.75,507.0,12205.47,8,7,0,RENT,credit_card,1
APP101482,35,91420.03,37.0,12491.35,710.0,10424.22,5,20,1,MORTGAGE,business,0
APP101483,26,31909.32,8.0,7925.64,647.0,4469.61,2,11,2,RENT,home_improvement,1
APP101484,41,36951.19,28.0,7283.28,525.0,1307.12,14,18,2,RENT,debt_consolidation,1
APP101485,63,27952.91,38.0,33799.23,666.0,2566.24,9,7,0,RENT,debt_consolidation,0
APP101486,28,30539.67,13.0,7087.72,538.0,5166.86,6,12,2,OWN,car,1
APP101487,21,85452.11,,4559.54,694.0,1866.07,11,2,1,OWN,debt_consolidation,1
APP101488,26,21979.88,15.0,3702.52,563.0,2125.46,11,1,2,MORTGAGE,business,1
APP101489,45,22673.24,23.0,8007.12,676.0,11378.03,7,23,0,RENT,debt_consolidation,0
APP101490,34,81263.36,25.0,17395.91,597.0,5563.23,3,26,1,OWN,business,0
APP101491,44,49626.2,19.0,7005.36,460.0,5424.41,6,3,1,OWN,debt_consolidation,1
APP101492,22,104839.42,37.0,24016.8,729.0,7494.82,9,20,2,MORTGAGE,car,1
APP101493,37,28992.16,23.0,9853.98,734.0,4311.07,2,19,5,RENT,other,1
APP101494,41,38682.42,25.0,19259.02,608.0,4686.28,1,8,1,RENT,debt_consolidation,1
APP101495,42,26099.24,38.0,6281.52,671.0,7078.3,14,12,0,RENT,car,0
APP101496,48,,37.0,6340.23,685.0,9387.99,8,8,1,MORTGAGE,car,0
APP101497,59,14957.25,13.0,10452.82,687.0,7320.86,9,2,1,RENT,car,0
APP101498,43,51147.93,11.0,13220.62,788.0,15808.62,6,24,0,RENT,credit_card,0
APP101499,62,42690.73,29.0,8889.5,683.0,5012.57,12,9,0,RENT,car,0
APP101500,46,35285.33,21.0,11795.57,621.0,1672.81,5,15,5,MORTGAGE,business,1
APP101501,33,29876.21,17.0,14088.18,684.0,11738.35,0,2,2,MORTGAGE,debt_consolidation,1
APP101502,32,23216.6,27.0,4220.45,615.0,4039.72,11,1,0,RENT,car,0
APP101503,36,52253.2,26.0,8066.2,564.0,2657.25,3,18,0,MORTGAGE,debt_consolidation,0
APP101504,50,20220.56,36.0,7250.24,747.0,8689.58,11,12,1,MORTGAGE,debt_consolidation,0
APP101505,32,46908.21,14.0,7464.6,692.0,6611.84,7,20,0,MORTGAGE,credit_card,0
APP101506,65,102459.79,30.0,12633.74,501.0,1766.94,5,26,1,RENT,other,0
APP101507,44,76325.38,9.0,7310.93,595.0,8404.35,8,26,1,MORTGAGE,car,1
APP101508,63,17110.3,37.0,2971.89,710.0,22014.43,6,2,1,OWN,other,1
APP101509,54,27767.76,3.0,8587.72,524.0,6367.07,6,8,1,MORTGAGE,credit_card,1
APP101510,37,44834.15,30.0,5225.76,589.0,4004.02,4,6,3,OWN,car,1
APP101511,32,,4.0,13330.36,850.0,1292.84,5,5,2,OWN,home_improvement,0
APP101512,57,18039.1,35.0,16049.26,623.0,25361.17,4,13,0,OWN,debt_consolidation,1
APP101513,37,44031.39,38.0,2684.11,736.0,3250.07,6,14,2,MORTGAGE,debt_consolidation,1
APP101514,33,36134.07,32.0,6219.6,770.0,1593.37,14,29,0,OWN,debt_consolidation,0
APP101515,66,94576.35,31.0,12234.61,577.0,5370.5,5,24,2,MORTGAGE,credit_card,0
APP101516,44,31996.62,19.0,4250.0,671.0,11010.44,9,1,3,RENT,home_improvement,1
APP101517,23,65120.96,,15828.96,814.0,13210.03,0,16,2,MORTGAGE,debt_consolidation,0
APP101518,45,19272.91,39.0,18575.34,686.0,2870.45,0,6,0,OWN,debt_consolidation,0
APP101519,43,21720.14,21.0,8980.32,839.0,4542.26,10,28,0,OWN,car,0
APP101520,63,52095.35,32.0,6220.8,599.0,4916.39,10,7,0,MORTGAGE,debt_consolidation,0
APP101521,55,62434.01,28.0,2474.17,793.0,10734.8,11,2,1,OWN,home_improvement,0
APP101522,30,22500.74,28.0,16129.66,651.0,7897.23,8,28,2,MORTGAGE,credit_card,1
APP101523,28,36755.34,14.0,32909.68,623.0,6102.78,4,21,1,MORTGAGE,debt_consolidation,0
APP101524,50,18200.61,17.0,29067.93,701.0,10217.54,1,20,1,MORTGAGE,car,0
APP101525,23,33169.63,17.0,8804.48,641.0,1653.0,14,19,2,MORTGAGE,car,0
APP101526,36,55185.82,24.0,5137.87,643.0,6882.24,2,21,0,RENT,credit_card,0
APP101527,27,29217.43,28.0,16359.67,688.0,5868.05,14,7,2,MORTGAGE,credit_card,1
APP101528,22,32063.79,7.0,9171.71,505.0,4722.03,4,20,4,OWN,debt_consolidation,1
APP101529,66,20642.4,9.0,13185.58,586.0,4024.92,8,6,2,OWN,other,1
APP101530,25,26260.49,1.0,11868.59,707.0,5471.56,1,27,2,RENT,business,0
APP101531,21,87470.38,21.0,10465.11,729.0,3114.58,11,11,0,RENT,other,0
APP101532,66,37664.09,26.0,18344.93,678.0,43557.34,6,27,2,MORTGAGE,car,1
APP101533,30,22001.06,8.0,18758.47,672.0,14576.7,8,9,1,RENT,home_improvement,1
APP101534,61,31027.03,28.0,7232.84,682.0,11782.0,1,5,0,MORTGAGE,business,0
APP101535,22,16338.61,0.0,5688.11,726.0,3217.17,3,10,1,OWN,business,0
APP101536,28,21871.07,34.0,2209.52,535.0,2285.28,6,16,0,RENT,business,1
APP101537,26,71694.54,27.0,8040.96,609.0,4148.24,1,21,2,MORTGAGE,debt_consolidation,0
APP101538,55,33818.35,27.0,5135.87,644.0,5384.76,11,0,0,MORTGAGE,car,1
APP101539,51,93467.13,28.0,12727.47,665.0,1542.7,5,2,0,RENT,credit_card,0
APP101540,44,34624.82,14.0,8090.78,481.0,7215.46,11,8,1,MORTGAGE,car,0
APP101541,32,35668.05,39.0,8634.69,549.0,11681.01,2,22,0,MORTGAGE,debt_consolidation,1
APP101542,25,50033.45,29.0,16109.75,648.0,821.77,0,8,2,RENT,credit_card,1
APP101543,48,9544.37,7.0,12561.01,731.0,2391.57,13,14,2,RENT,other,0
APP101544,32,40234.08,36.0,9227.89,616.0,13124.91,3,29,0,MORTGAGE,home_improvement,0
APP101545,49,35436.82,29.0,27224.03,596.0,6628.75,14,5,0,OWN,debt_consolidation,1
APP101546,54,76345.12,12.0,15411.81,692.0,2457.6,10,5,3,RENT,other,0
APP101547,62,58826.03,37.0,7711.62,623.0,8851.03,7,20,1,MORTGAGE,debt_consolidation,1
APP101548,45,20602.22,9.0,7920.8,720.0,3055.29,9,23,1,MORTGAGE,business,0
APP101549,21,67580.13,25.0,15883.37,632.0,4068.8,8,11,1,RENT,debt_consolidation,1
APP101550,34,31851.59,26.0,11178.05,560.0,1976.13,5,5,2,MORTGAGE,credit_card,1
APP101551,62,23104.29,38.0,5050.81,763.0,4981.73,13,3,1,OWN,debt_consolidation,0
APP101552,47,40076.75,22.0,16929.75,748.0,11098.36,0,29,2,MORTGAGE,business,0
APP101553,51,32814.16,39.0,21043.34,573.0,3354.29,11,17,1,RENT,home_improvement,1
APP101554,43,78372.84,11.0,20107.2,681.0,8236.79,9,11,1,RENT,debt_consolidation,0
APP101555,28,43058.33,32.0,24975.47,623.0,4722.4,2,9,2,MORTGAGE,car,1
APP101556,64,40248.56,9.0,34252.64,699.0,11651.68,9,4,1,RENT,other,1
APP101557,58,56972.48,39.0,27944.49,579.0,3393.34,14,8,1,RENT,other,1
APP101558,69,62720.01,30.0,12141.65,719.0,17051.88,4,23,0,RENT,debt_consolidation,0
APP101559,62,53734.07,25.0,8733.69,745.0,8478.35,8,14,0,RENT,car,0
APP101560,35,73845.6,2.0,3301.85,574.0,5974.23,5,27,0,RENT,business,1
APP101561,33,49234.07,19.0,9961.88,655.0,6151.22,0,15,4,MORTGAGE,other,1
APP101562,33,39490.91,5.0,13514.0,747.0,3388.05,0,18,2,RENT,business,0
APP101563,66,67479.97,36.0,10159.17,569.0,3218.04,2,21,2,RENT,business,1
APP101564,48,34701.98,15.0,3187.74,596.0,6061.75,9,5,1,RENT,business,1
APP101565,43,36924.23,33.0,8333.4,702.0,1883.74,11,14,1,MORTGAGE,debt_consolidation,0
APP101566,68,85887.06,36.0,14576.99,637.0,3037.06,1,26,1,OWN,other,0
APP101567,50,81712.48,4.0,5347.86,523.0,2322.03,1,16,1,OWN,car,1
APP101568,65,36167.35,30.0,10931.62,624.0,7765.58,12,7,0,OWN,credit_card,1
APP101569,69,28947.07,12.0,12822.75,789.0,7860.63,12,17,2,OWN,credit_card,0
APP101570,24,75477.26,4.0,19356.44,815.0,13551.57,7,19,1,RENT,credit_card,0
APP101571,38,54187.7,10.0,27655.04,599.0,3760.39,11,27,1,MORTGAGE,home_improvement,0
APP101572,56,42522.59,21.0,7889.63,576.0,2575.47,3,22,1,MORTGAGE,debt_consolidation,1
APP101573,60,30917.07,34.0,11050.76,613.0,1517.11,0,3,0,OWN,credit_card,0
APP101574,28,42866.6,27.0,11260.33,794.0,6104.37,13,17,0,MORTGAGE,car,0
APP101575,36,35923.46,9.0,14612.39,717.0,15024.47,4,19,1,OWN,car,1
APP101576,47,26051.51,11.0,13662.93,767.0,4629.99,5,22,1,RENT,credit_card,0
APP101577,60,38735.86,12.0,23271.93,729.0,5020.6,7,1,0,RENT,home_improvement,0
APP101578,26,41469.44,29.0,2443.59,544.0,4890.4,9,8,2,RENT,car,1
APP101579,50,30100.66,20.0,12718.5,574.0,6022.2,1,7,0,OWN,credit_card,1
APP101580,35,57063.09,0.0,13259.2,594.0,10912.23,8,5,2,MORTGAGE,home_improvement,1
APP101581,31,69176.48,3.0,8594.37,608.0,22819.05,8,23,1,MORTGAGE,debt_consolidation,1
APP101582,46,58979.71,3.0,2544.26,595.0,7322.04,11,13,2,MORTGAGE,other,1
APP101583,41,31630.46,38.0,9541.47,605.0,7718.82,14,10,1,MORTGAGE,debt_consolidation,1
APP101584,52,52992.77,20.0,6461.8,701.0,4058.58,10,16,3,MORTGAGE,credit_card,1
APP101585,36,37759.06,,27086.03,660.0,4508.64,9,0,1,MORTGAGE,business,0
APP101586,61,19577.32,30.0,12396.57,747.0,4460.22,13,6,0,RENT,credit_card,0
APP101587,24,50836.24,7.0,6140.79,,3666.83,7,15,1,RENT,debt_consolidation,1
APP101588,63,39068.27,1.0,2888.27,595.0,5442.65,0,6,1,OWN,car,1
APP101589,22,132823.17,10.0,14106.21,665.0,8102.27,13,13,0,OWN,debt_consolidation,0
APP101590,57,75254.83,8.0,15028.29,529.0,5171.12,14,9,0,RENT,car,0
APP101591,37,51822.26,31.0,8695.26,465.0,3926.81,14,27,2,RENT,debt_consolidation,1
APP101592,39,41133.79,32.0,14217.16,701.0,5436.0,13,26,3,MORTGAGE,debt_consolidation,0
APP101593,21,39413.4,25.0,8030.79,731.0,2280.42,13,28,0,MORTGAGE,debt_consolidation,0
APP101594,55,21985.87,36.0,18775.9,655.0,9345.71,10,11,1,RENT,credit_card,0
APP101595,29,15222.14,18.0,17954.77,618.0,3531.48,0,8,0,MORTGAGE,credit_card,1
APP101596,53,23475.68,9.0,3702.06,542.0,1950.86,11,15,0,MORTGAGE,car,1
APP101597,56,35459.32,13.0,4285.04,743.0,7110.98,1,24,0,MORTGAGE,business,0
APP101598,62,12673.02,5.0,33482.19,689.0,7399.05,2,24,1,RENT,credit_card,1
APP101599,55,27662.67,36.0,17314.82,673.0,2470.2,9,15,0,MORTGAGE,debt_consolidation,0
APP101600,35,32086.59,24.0,4640.47,649.0,8093.81,13,16,2,RENT,credit_card,0
APP101601,57,32607.15,30.0,3857.49,612.0,8160.98,3,16,1,MORTGAGE,car,1
APP101602,61,26085.59,11.0,11211.14,560.0,23858.71,2,13,1,OWN,other,1
APP101603,36,30614.93,28.0,4987.1,670.0,4072.37,7,3,1,OWN,debt_consolidation,0
APP101604,27,85986.61,13.0,8184.32,606.0,4705.55,5,10,0,OWN,debt_consolidation,1
APP101605,64,50567.92,17.0,9620.32,616.0,3024.69,12,25,2,OWN,business,1
APP101606,28,27442.54,26.0,9374.39,787.0,7294.97,2,25,0,RENT,credit_card,0
APP101607,50,35095.43,39.0,19456.24,646.0,4896.7,14,18,3,RENT,home_improvement,1
APP101608,32,35805.02,22.0,29758.01,453.0,10832.9,3,29,3,MORTGAGE,debt_consolidation,1
APP101609,27,24736.18,28.0,7425.31,607.0,3473.23,5,28,0,MORTGAGE,credit_card,0
APP101610,59,24721.66,23.0,5022.11,569.0,7168.74,10,15,1,RENT,credit_card,1
APP101611,28,60190.03,16.0,12497.8,638.0,4063.19,12,23,1,RENT,home_improvement,0
APP101612,53,29439.95,37.0,26341.16,536.0,1125.54,7,6,0,MORTGAGE,home_improvement,1
APP101613,54,21007.86,38.0,7770.35,684.0,8122.82,7,13,1,MORTGAGE,credit_card,1
APP101614,23,35540.56,12.0,16485.15,626.0,1213.86,9,12,3,RENT,other,0
APP101615,29,38522.77,35.0,5989.23,611.0,4326.06,9,25,1,MORTGAGE,other,0
APP101616,59,13543.31,18.0,10024.25,661.0,4380.45,11,12,2,RENT,debt_consolidation,1
APP101617,45,35583.13,29.0,4928.72,643.0,4881.97,1,9,3,OWN,credit_card,1
APP101618,26,56049.47,20.0,9961.66,639.0,5104.35,14,11,4,RENT,credit_card,1
APP101619,69,45506.69,30.0,9229.19,632.0,5064.31,0,25,3,OWN,credit_card,0
APP101620,33,110735.26,34.0,14255.15,648.0,6571.24,3,18,1,RENT,debt_consolidation,0
APP101621,21,67883.94,16.0,28762.77,677.0,4505.32,11,3,0,MORTGAGE,home_improvement,1
APP101622,66,74941.79,28.0,7837.4,667.0,39837.26,4,0,1,RENT,debt_consolidation,1
APP101623,21,147272.95,20.0,2981.44,740.0,3737.18,8,10,1,OWN,debt_consolidation,0
APP101624,48,53054.67,31.0,8766.89,606.0,1848.1,2,24,3,MORTGAGE,home_improvement,1
APP101625,69,39400.55,7.0,11844.16,669.0,1590.8,12,26,0,MORTGAGE,business,0
APP101626,49,59093.14,29.0,11171.71,845.0,8321.56,4,4,0,MORTGAGE,debt_consolidation,0
APP101627,49,27457.15,23.0,9005.1,646.0,1375.66,1,0,2,MORTGAGE,car,1
APP101628,40,38324.44,18.0,24164.24,649.0,1867.21,1,7,3,RENT,home_improvement,1
APP101629,27,26268.77,14.0,10739.98,548.0,1664.02,2,26,2,RENT,credit_card,1
APP101630,49,44311.18,28.0,9293.98,592.0,7084.85,10,12,0,OWN,home_improvement,0
APP101631,64,26213.91,13.0,6206.65,641.0,14250.77,0,1,2,RENT,credit_card,1
APP101632,25,25758.91,1.0,3470.22,692.0,2309.63,8,15,1,RENT,home_improvement,0
APP101633,64,44655.67,37.0,12058.67,701.0,6888.67,9,19,0,MORTGAGE,credit_card,0
APP101634,41,33899.12,17.0,11467.25,676.0,596.12,4,2,2,RENT,credit_card,0
APP101635,47,13852.76,6.0,5241.7,714.0,2708.65,9,19,2,MORTGAGE,debt_consolidation,0
APP101636,29,17539.69,9.0,9637.11,570.0,7958.37,4,24,1,MORTGAGE,credit_card,1
APP101637,51,,33.0,9078.73,689.0,3828.22,6,1,2,OWN,credit_card,1
APP101638,29,23353.78,13.0,6804.23,651.0,10885.89,0,1,0,RENT,debt_consolidation,1
APP101639,34,44676.89,11.0,6148.81,659.0,823.4,2,25,3,MORTGAGE,debt_consolidation,0
APP101640,56,40516.7,19.0,12620.14,621.0,2729.9,1,13,0,MORTGAGE,other,1
APP101641,23,61860.66,1.0,8643.07,573.0,7059.98,0,2,0,MORTGAGE,debt_consolidation,1
APP101642,42,52912.82,22.0,6942.41,552.0,6989.44,5,4,0,RENT,debt_consolidation,1
APP101643,50,62065.87,1.0,5901.71,675.0,7431.98,3,25,1,OWN,business,0
APP101644,27,49227.03,33.0,9154.57,689.0,5802.3,3,25,1,MORTGAGE,credit_card,0
APP101645,35,40329.55,17.0,17234.87,639.0,1967.86,0,29,0,OWN,business,0
APP101646,37,62923.56,8.0,11203.53,648.0,2635.18,11,20,1,OWN,debt_consolidation,0
APP101647,53,57509.56,18.0,8584.61,592.0,31354.34,14,20,0,MORTGAGE,credit_card,1
APP101648,68,43828.86,7.0,11909.53,690.0,1794.53,11,26,1,MORTGAGE,credit_card,0
APP101649,61,68564.89,12.0,22440.69,654.0,1583.74,2,27,1,MORTGAGE,credit_card,0
APP101650,30,11238.56,5.0,13283.11,620.0,8466.84,11,0,2,MORTGAGE,car,1
APP101651,21,31406.45,26.0,11569.42,,2106.08,3,18,1,MORTGAGE,car,0
APP101652,23,31166.68,39.0,14517.61,701.0,20614.93,4,22,0,OWN,credit_card,0
APP101653,50,64624.02,19.0,9001.91,,43807.36,11,29,1,MORTGAGE,debt_consolidation,1
APP101654,28,79673.91,3.0,11052.82,653.0,4053.14,3,1,1,RENT,business,0
APP101655,32,17586.91,2.0,7380.72,573.0,6295.32,14,23,1,MORTGAGE,debt_consolidation,1
APP101656,62,73539.91,33.0,3903.65,661.0,1141.7,12,16,1,MORTGAGE,credit_card,0
APP101657,63,20216.97,13.0,12157.5,397.0,11218.1,9,20,2,MORTGAGE,debt_consolidation,1
APP101658,62,20524.87,11.0,12185.57,665.0,819.82,7,29,1,MORTGAGE,credit_card,0
APP101659,33,,4.0,8327.95,706.0,1683.06,3,29,3,MORTGAGE,debt_consolidation,1
APP101660,51,30973.79,26.0,18425.53,641.0,5403.89,9,5,3,OWN,debt_consolidation,1
APP101661,50,16660.42,2.0,6419.13,556.0,7616.91,6,14,1,OWN,car,1
APP101662,30,50258.7,36.0,3419.23,806.0,1499.49,9,12,0,RENT,debt_consolidation,0
APP101663,48,51006.14,8.0,6514.14,742.0,3184.25,0,14,3,MORTGAGE,debt_consolidation,0
APP101664,46,61514.04,,3926.24,607.0,1300.81,5,12,5,OWN,debt_consolidation,1
APP101665,40,29239.4,28.0,12122.54,629.0,3813.79,1,25,0,OWN,car,0
APP101666,57,35603.84,14.0,6302.83,491.0,2589.96,6,26,0,RENT,home_improvement,1
APP101667,54,35767.2,27.0,17868.84,687.0,2955.56,10,20,1,RENT,car,0
APP101668,47,84456.99,1.0,17646.26,540.0,8274.82,1,19,3,MORTGAGE,credit_card,1
APP101669,56,8803.26,34.0,5681.76,703.0,6156.45,12,4,0,MORTGAGE,home_improvement,0
APP101670,58,,12.0,6094.46,732.0,7699.8,12,10,4,RENT,credit_card,1
APP101671,48,36416.25,30.0,13638.66,644.0,4432.15,4,9,1,MORTGAGE,car,1
APP101672,34,21103.94,,17816.92,564.0,8721.5,2,3,0,RENT,credit_card,1
APP101673,58,31915.27,21.0,2958.47,,4778.7,11,17,2,MORTGAGE,debt_consolidation,0
APP101674,56,34096.92,13.0,11719.42,650.0,3317.25,11,19,0,RENT,debt_consolidation,1
APP101675,69,,12.0,2647.7,657.0,7757.82,9,0,1,RENT,home_improvement,1
APP101676,28,37505.18,27.0,7121.62,575.0,3502.61,2,13,2,RENT,debt_consolidation,1
APP101677,41,49715.63,0.0,19076.15,665.0,3775.96,7,15,1,OWN,debt_consolidation,1
APP101678,66,32269.14,5.0,60226.16,633.0,11552.02,3,13,2,MORTGAGE,business,1
APP101679,46,28952.23,25.0,8575.85,543.0,10713.61,4,7,1,MORTGAGE,credit_card,1
APP101680,67,33426.94,1.0,4683.17,757.0,3874.96,8,0,3,MORTGAGE,debt_consolidation,1
APP101681,21,36180.73,11.0,7272.86,790.0,9880.18,14,7,1,OWN,home_improvement,0
APP101682,22,15212.01,25.0,10297.35,731.0,1767.75,2,29,1,RENT,car,0
APP101683,60,45742.22,10.0,6620.03,719.0,3892.98,3,26,1,MORTGAGE,debt_consolidation,0
APP101684,38,28984.0,37.0,5682.27,791.0,2693.4,3,20,1,MORTGAGE,credit_card,0
APP101685,46,68238.73,38.0,7660.94,566.0,4907.89,3,8,1,MORTGAGE,debt_consolidation,0
APP101686,41,48802.01,1.0,12548.37,565.0,8845.54,14,0,1,RENT,debt_consolidation,1
APP101687,40,65188.16,6.0,8940.57,616.0,7665.93,1,26,2,OWN,debt_consolidation,1
APP101688,67,21905.61,36.0,5831.55,673.0,6875.39,2,12,0,RENT,car,0
APP101689,25,30161.05,1.0,6620.74,626.0,5486.21,9,16,3,RENT,debt_consolidation,1
APP101690,58,19511.72,19.0,7720.89,568.0,4326.46,5,29,2,MORTGAGE,debt_consolidation,1
APP101691,64,25524.76,37.0,5433.53,650.0,12848.08,13,27,0,MORTGAGE,credit_card,0
APP101692,53,67917.75,23.0,6475.06,642.0,1426.21,8,16,3,MORTGAGE,other,0
APP101693,40,76400.56,12.0,14562.16,717.0,2882.99,2,21,1,RENT,credit_card,0
APP101694,28,20453.99,0.0,8619.72,653.0,6829.63,7,16,1,RENT,credit_card,0
APP101695,54,28878.75,15.0,3456.14,497.0,16685.66,1,12,2,RENT,car,1
APP101696,43,34957.98,21.0,18305.73,680.0,3726.89,6,7,3,MORTGAGE,credit_card,1
APP101697,28,48669.26,3.0,12708.57,776.0,3988.84,13,1,0,RENT,car,0
APP101698,38,15064.48,21.0,4316.15,652.0,1751.21,7,28,0,MORTGAGE,debt_consolidation,0
APP101699,68,16293.15,16.0,7948.77,728.0,3186.84,9,26,1,MORTGAGE,debt_consolidation,0
APP101700,34,46388.79,13.0,6153.28,609.0,8660.99,5,11,2,OWN,credit_card,1
APP101701,29,13704.52,38.0,14855.77,695.0,17386.25,14,21,0,OWN,credit_card,1
APP101702,54,29044.99,35.0,7918.91,590.0,3886.92,8,3,1,MORTGAGE,debt_consolidation,0
APP101703,30,39381.28,27.0,9474.28,630.0,2593.65,10,4,0,OWN,credit_card,1
APP101704,66,44704.66,23.0,8835.06,630.0,5196.81,11,25,1,MORTGAGE,debt_consolidation,0
APP101705,63,33831.28,18.0,4072.12,,1350.53,11,28,0,RENT,credit_card,0
APP101706,69,30246.07,2.0,22999.73,584.0,13206.52,14,18,1,MORTGAGE,business,1
APP101707,65,55397.26,12.0,14726.41,532.0,1836.13,6,14,2,RENT,debt_consolidation,1
APP101708,32,41881.65,0.0,6320.6,687.0,6317.22,2,19,2,RENT,credit_card,0
APP101709,31,26278.11,14.0,11104.63,684.0,6242.87,3,0,3,MORTGAGE,credit_card,1
APP101710,37,37006.97,18.0,17755.86,658.0,8120.87,3,9,1,OWN,credit_card,1
APP101711,44,43984.15,24.0,10233.73,724.0,6029.83,8,8,0,OWN,credit_card,0
APP101712,64,85743.76,14.0,25186.23,633.0,4925.45,1,15,3,MORTGAGE,debt_consolidation,1
APP101713,56,53807.16,10.0,56994.53,672.0,6924.9,5,25,0,OWN,home_improvement,0
APP101714,52,66654.54,28.0,9175.82,622.0,9583.05,10,2,0,MORTGAGE,credit_card,0
APP101715,64,26760.88,6.0,6977.75,629.0,20685.02,7,12,1,RENT,business,1
APP101716,52,27942.62,5.0,5466.28,677.0,2034.46,5,22,2,RENT,debt_consolidation,0
APP101717,39,32283.45,27.0,2622.43,831.0,1128.63,7,24,2,RENT,car,0
APP101718,41,33799.92,23.0,20928.92,709.0,1425.8,1,25,0,MORTGAGE,debt_consolidation,0
APP101719,46,21938.26,34.0,8005.66,693.0,1152.14,0,12,0,RENT,credit_card,0
APP101720,25,68388.97,29.0,16734.26,711.0,1882.31,10,28,3,RENT,credit_card,0
APP101721,57,56481.92,36.0,18880.24,462.0,1700.55,9,4,2,RENT,debt_consolidation,1
APP101722,52,31168.43,26.0,5174.09,675.0,3522.43,10,24,0,RENT,other,0
APP101723,56,50053.88,33.0,5661.88,722.0,9740.99,5,5,4,MORTGAGE,credit_card,1
APP101724,47,40597.01,6.0,28192.52,656.0,8112.72,3,20,1,MORTGAGE,business,1
APP101725,59,52047.6,21.0,9489.69,646.0,2987.57,12,26,1,MORTGAGE,home_improvement,0
APP101726,67,18542.98,37.0,6659.69,574.0,3201.3,10,20,2,OWN,other,1
APP101727,48,33764.64,31.0,5286.42,615.0,24553.78,0,5,1,MORTGAGE,other,1
APP101728,42,35276.8,16.0,9091.78,583.0,7909.56,14,26,1,RENT,debt_consolidation,1
APP101729,26,49603.72,37.0,24458.59,729.0,5642.97,8,28,0,MORTGAGE,debt_consolidation,0
APP101730,59,26523.36,12.0,14932.01,770.0,5416.48,4,14,4,MORTGAGE,business,0
APP101731,65,10404.93,0.0,11037.54,804.0,3899.5,5,8,2,MORTGAGE,credit_card,1
APP101732,55,21144.82,31.0,25670.88,582.0,24404.2,8,19,1,MORTGAGE,credit_card,1
APP101733,63,35223.76,16.0,22867.34,596.0,4222.25,1,29,3,OWN,debt_consolidation,1
APP101734,63,37494.22,1.0,12094.1,590.0,5538.27,1,29,1,OWN,car,1
APP101735,60,84277.83,8.0,52348.15,568.0,1314.15,6,2,0,MORTGAGE,credit_card,1
APP101736,45,48599.73,2.0,8531.72,569.0,2953.98,14,4,3,MORTGAGE,home_improvement,1
APP101737,25,37826.5,39.0,19126.25,608.0,3163.47,6,16,4,OWN,credit_card,1
APP101738,21,35732.09,33.0,7818.14,719.0,7252.02,12,25,1,OWN,home_improvement,0
APP101739,31,63075.75,37.0,17012.59,592.0,2643.41,11,1,1,OWN,home_improvement,1
APP101740,42,27036.55,7.0,8526.79,734.0,5108.44,12,20,1,RENT,debt_consolidation,1
APP101741,57,33855.55,32.0,13053.62,759.0,3025.76,2,7,2,RENT,debt_consolidation,0
APP101742,43,21065.06,22.0,41526.27,672.0,2037.52,14,8,2,MORTGAGE,credit_card,0
APP101743,22,73825.02,11.0,17520.22,748.0,1972.32,12,25,0,RENT,car,0
APP101744,31,44189.81,26.0,13175.37,541.0,4278.18,12,8,1,MORTGAGE,credit_card,1
APP101745,68,25495.02,38.0,6217.84,605.0,5337.17,0,5,0,RENT,home_improvement,0
APP101746,69,34295.61,18.0,11080.45,665.0,4209.17,3,28,2,MORTGAGE,credit_card,0
APP101747,39,46855.58,1.0,5405.64,667.0,2524.28,7,26,0,RENT,debt_consolidation,0
APP101748,60,32036.8,33.0,16851.35,764.0,4401.92,9,27,3,OWN,credit_card,0
APP101749,56,27799.26,7.0,16599.48,570.0,3796.48,9,17,0,OWN,credit_card,1
APP101750,66,26182.94,7.0,8885.88,607.0,2135.61,14,7,3,MORTGAGE,car,1
APP101751,64,43022.6,24.0,26852.63,643.0,5252.54,0,21,1,RENT,car,0
APP101752,51,30362.78,31.0,24679.73,608.0,20915.83,3,22,0,RENT,home_improvement,0
APP101753,40,28944.08,31.0,10826.89,566.0,4360.46,1,10,0,MORTGAGE,debt_consolidation,0
APP101754,51,18619.58,34.0,13895.31,611.0,1527.11,7,17,2,OWN,home_improvement,0
APP101755,36,37753.0,35.0,6952.98,630.0,15912.11,4,29,2,MORTGAGE,credit_card,0
APP101756,38,33169.57,5.0,8405.92,765.0,13436.06,9,17,1,RENT,other,0
APP101757,50,30920.54,12.0,5183.29,568.0,15460.16,5,24,0,MORTGAGE,credit_card,1
APP101758,48,40110.18,28.0,7427.9,715.0,4751.55,3,0,1,RENT,debt_consolidation,0
APP101759,49,52785.99,15.0,9296.25,751.0,2625.84,5,27,2,OWN,home_improvement,0
APP101760,39,51574.5,28.0,3654.74,608.0,2405.66,9,28,2,MORTGAGE,credit_card,1
APP101761,41,47875.74,18.0,13989.86,670.0,12246.3,14,4,1,RENT,credit_card,1
APP101762,21,32198.17,18.0,18274.77,696.0,17759.98,2,13,1,MORTGAGE,home_improvement,0
APP101763,50,27350.79,1.0,9850.22,,2353.6,2,8,1,RENT,credit_card,1
APP101764,49,21548.08,24.0,1961.87,656.0,654.53,14,16,1,RENT,credit_card,0
APP101765,66,26995.4,34.0,8503.26,595.0,4845.33,13,25,1,OWN,other,1
APP101766,45,36674.06,32.0,4289.68,702.0,2384.14,13,5,0,OWN,credit_card,1
APP101767,43,24510.5,13.0,6865.26,620.0,2791.09,14,20,0,MORTGAGE,credit_card,0
APP101768,24,38102.25,27.0,23651.03,652.0,4061.98,3,3,1,RENT,car,0
APP101769,30,22410.2,7.0,2296.9,664.0,6821.94,2,11,3,MORTGAGE,car,1
APP101770,37,15827.5,25.0,6064.35,718.0,2631.29,9,16,3,MORTGAGE,debt_consolidation,0
APP101771,39,54704.6,16.0,16280.8,804.0,5480.0,11,13,0,OWN,credit_card,0
APP101772,38,28646.68,37.0,6495.37,590.0,4442.96,12,3,1,MORTGAGE,credit_card,1
APP101773,40,23896.4,,6203.95,654.0,777.22,14,13,0,OWN,home_improvement,0
APP101774,58,21016.78,2.0,33504.79,531.0,7600.58,13,10,0,MORTGAGE,credit_card,1
APP101775,27,44869.7,34.0,12419.62,768.0,3426.16,3,16,1,RENT,home_improvement,0
APP101776,37,72218.67,28.0,17336.71,653.0,1788.1,4,9,1,RENT,credit_card,0
APP101777,28,29686.96,8.0,13317.07,626.0,2749.57,7,14,0,MORTGAGE,credit_card,0
APP101778,36,32604.91,11.0,10905.46,654.0,5781.23,4,28,4,MORTGAGE,other,1
APP101779,54,62057.45,6.0,21129.28,658.0,5099.95,11,13,0,RENT,business,1
APP101780,23,14687.87,12.0,31045.46,591.0,8230.04,12,21,2,RENT,other,1
APP101781,37,97093.95,37.0,3604.33,745.0,6969.28,11,9,1,RENT,home_improvement,0
APP101782,22,123259.87,36.0,9689.61,701.0,1925.07,0,20,0,MORTGAGE,car,0
APP101783,67,9384.66,22.0,9643.9,712.0,462.46,12,13,1,RENT,debt_consolidation,0
APP101784,56,34587.53,14.0,7649.79,595.0,5413.9,4,18,0,RENT,debt_consolidation,0
APP101785,32,25349.81,14.0,17829.98,591.0,8141.75,5,5,1,RENT,debt_consolidation,1
APP101786,30,31812.49,38.0,11546.44,640.0,4179.91,8,25,1,RENT,credit_card,0
APP101787,25,29460.55,7.0,31422.63,713.0,8337.21,1,5,2,RENT,debt_consolidation,1
APP101788,44,54495.83,30.0,19151.95,690.0,2205.45,10,5,2,MORTGAGE,credit_card,0
APP101789,57,34327.95,39.0,22444.96,587.0,3726.35,10,20,1,MORTGAGE,credit_card,1
APP101790,49,23029.85,34.0,4819.87,703.0,2353.22,6,8,4,RENT,home_improvement,0
APP101791,64,33319.81,28.0,6101.86,572.0,8585.57,5,28,1,OWN,business,1
APP101792,37,46976.0,35.0,6411.09,597.0,2372.45,4,20,0,MORTGAGE,business,1
APP101793,34,20093.25,8.0,21891.88,662.0,25536.89,9,6,1,MORTGAGE,home_improvement,1
APP101794,44,15944.72,39.0,5539.69,556.0,3289.22,14,29,0,RENT,business,0
APP101795,30,98358.22,3.0,5637.74,572.0,9307.21,7,27,3,MORTGAGE,debt_consolidation,1
APP101796,68,26338.49,0.0,5050.22,774.0,3323.2,14,8,2,MORTGAGE,credit_card,0
APP101797,30,33905.19,7.0,51627.84,759.0,14329.81,6,18,1,RENT,business,1
APP101798,44,29765.41,24.0,9087.55,833.0,13899.49,0,13,2,OWN,business,0
APP101799,46,47764.78,9.0,13601.47,686.0,3793.28,13,28,3,RENT,other,1
APP101800,23,88114.73,25.0,4992.19,701.0,6122.71,5,28,4,RENT,car,0
APP101801,43,48531.43,4.0,17598.26,637.0,13618.25,9,11,1,MORTGAGE,debt_consolidation,1
APP101802,43,16997.43,27.0,3414.55,621.0,6269.58,7,27,3,RENT,car,1
APP101803,33,18177.47,9.0,5500.52,719.0,2352.94,9,20,1,MORTGAGE,debt_consolidation,1
APP101804,27,29748.01,20.0,6381.61,758.0,5198.12,11,2,4,OWN,car,1
APP101805,23,31757.47,4.0,11286.05,712.0,2701.12,14,16,0,RENT,debt_consolidation,0
APP101806,21,15352.36,38.0,6149.65,582.0,5545.8,14,11,2,MORTGAGE,car,1
APP101807,44,54702.82,15.0,24696.06,681.0,2617.62,4,29,0,RENT,business,0
APP101808,25,,24.0,13385.59,588.0,6622.61,0,5,3,RENT,debt_consolidation,1
APP101809,68,76622.86,19.0,6543.57,624.0,1174.93,10,1,3,OWN,debt_consolidation,1
APP101810,32,90247.96,23.0,18007.98,780.0,2003.03,3,4,2,MORTGAGE,car,0
APP101811,52,32076.32,18.0,7816.79,554.0,2605.61,5,1,5,OWN,home_improvement,1
APP101812,54,45228.66,2.0,6944.73,,4323.54,11,14,2,RENT,credit_card,0
APP101813,45,19614.54,33.0,16940.96,693.0,1466.06,8,25,1,OWN,credit_card,0
APP101814,64,49604.57,25.0,2271.75,612.0,2424.15,8,14,0,MORTGAGE,debt_consolidation,0
APP101815,26,28308.11,10.0,15381.03,655.0,9159.04,12,1,2,OWN,car,1
APP101816,32,21086.37,3.0,6451.99,595.0,10074.19,9,25,2,MORTGAGE,business,1
APP101817,33,31424.17,35.0,6446.13,606.0,647.49,13,27,2,RENT,debt_consolidation,0
APP101818,27,28771.08,13.0,32044.54,655.0,3073.6,2,22,1,OWN,home_improvement,0
APP101819,35,30866.3,36.0,7195.94,623.0,13627.82,6,2,1,MORTGAGE,car,1
APP101820,36,58386.5,30.0,17562.98,575.0,6693.09,6,6,1,RENT,credit_card,1
APP101821,58,24522.5,38.0,11702.37,632.0,6808.17,12,3,0,MORTGAGE,business,0
APP101822,35,86466.43,26.0,12453.97,544.0,7718.06,12,19,0,MORTGAGE,debt_consolidation,0
APP101823,63,18722.29,7.0,8515.77,548.0,2282.11,5,9,0,MORTGAGE,other,1
APP101824,58,81447.6,1.0,8253.32,547.0,5832.64,13,1,2,RENT,debt_consolidation,1
APP101825,65,21845.38,9.0,24755.25,783.0,7168.04,9,21,1,RENT,debt_consolidation,0
APP101826,26,36297.11,17.0,17296.79,682.0,5354.35,3,22,1,MORTGAGE,credit_card,0
APP101827,69,28421.52,24.0,7333.38,697.0,3587.08,13,17,2,RENT,debt_consolidation,0
APP101828,51,30581.05,35.0,5284.19,650.0,4729.29,2,5,0,OWN,car,0
APP101829,69,54213.14,5.0,6969.62,690.0,1974.13,10,27,1,RENT,car,0
APP101830,38,76873.26,25.0,17834.63,744.0,8033.1,13,11,2,MORTGAGE,debt_consolidation,0
APP101831,67,65858.41,3.0,20074.69,682.0,1558.89,10,18,1,OWN,debt_consolidation,0
APP101832,49,29660.51,19.0,13807.49,781.0,2558.03,7,0,3,RENT,credit_card,1
APP101833,24,39820.12,2.0,3751.6,647.0,8479.68,12,17,1,MORTGAGE,other,1
APP101834,41,24562.13,14.0,15557.02,697.0,6199.38,2,26,2,OWN,car,0
APP101835,27,22119.72,24.0,21636.72,706.0,3336.51,3,17,2,MORTGAGE,credit_card,0
APP101836,67,20472.74,29.0,10983.33,575.0,1248.91,9,8,3,OWN,credit_card,1
APP101837,35,29179.26,32.0,32463.83,653.0,4736.69,11,12,1,MORTGAGE,car,0
APP101838,31,41142.74,20.0,4480.18,502.0,2968.64,4,7,0,RENT,credit_card,1
APP101839,48,13961.97,10.0,14926.37,639.0,7218.0,9,19,1,OWN,car,1
APP101840,41,35483.5,36.0,5366.16,627.0,3250.94,11,15,1,MORTGAGE,debt_consolidation,0
APP101841,25,77498.4,37.0,18678.44,622.0,1211.32,8,29,1,MORTGAGE,car,0
APP101842,61,63637.33,38.0,14295.73,617.0,1624.6,2,0,2,MORTGAGE,debt_consolidation,0
APP101843,62,27103.22,31.0,29167.59,690.0,3492.61,14,29,1,MORTGAGE,credit_card,0
APP101844,57,18061.96,31.0,13357.39,579.0,5361.58,5,8,3,OWN,car,1
APP101845,51,45702.81,3.0,7766.67,798.0,1936.99,6,3,0,MORTGAGE,debt_consolidation,0
APP101846,40,,22.0,7371.36,695.0,2679.03,8,7,0,RENT,other,0
APP101847,47,63264.34,16.0,8517.63,585.0,9264.81,3,13,2,MORTGAGE,credit_card,1
APP101848,46,32637.14,10.0,7284.95,701.0,11940.79,1,22,3,OWN,home_improvement,0
APP101849,29,,2.0,22209.28,729.0,6133.57,12,17,0,OWN,business,0
APP101850,25,15313.92,8.0,21277.02,679.0,3912.65,11,6,1,RENT,other,1
APP101851,33,57473.15,36.0,4032.17,569.0,2989.52,2,21,2,OWN,business,1
APP101852,43,34535.59,36.0,10127.56,828.0,7565.69,7,1,2,MORTGAGE,business,0
APP101853,28,30775.52,29.0,10275.27,701.0,3815.8,11,9,4,MORTGAGE,car,1
APP101854,26,18307.72,4.0,6193.3,550.0,10260.96,14,28,2,MORTGAGE,debt_consolidation,1
APP101855,62,48916.69,27.0,12873.81,666.0,10701.59,13,29,1,OWN,debt_consolidation,0
APP101856,39,50922.94,5.0,23777.87,632.0,6823.05,0,9,2,MORTGAGE,home_improvement,1
APP101857,49,88659.98,27.0,16900.28,650.0,3300.74,12,12,1,MORTGAGE,home_improvement,0
APP101858,46,60115.63,1.0,22208.74,554.0,3511.13,2,10,0,MORTGAGE,home_improvement,0
APP101859,57,26985.43,11.0,6431.22,654.0,1319.54,9,8,0,MORTGAGE,debt_consolidation,1
APP101860,57,21983.97,4.0,10116.31,583.0,4712.04,8,5,0,RENT,debt_consolidation,1
APP101861,35,18320.1,37.0,6251.72,622.0,4596.48,13,23,2,RENT,home_improvement,0
APP101862,62,75857.52,22.0,11426.13,680.0,1632.68,8,19,0,RENT,credit_card,0
APP101863,39,24610.12,36.0,12060.25,611.0,32575.74,7,17,1,RENT,home_improvement,1
APP101864,61,76123.7,0.0,17604.38,626.0,7669.43,9,23,1,OWN,debt_consolidation,0
APP101865,40,47218.26,29.0,21765.8,715.0,2509.01,1,27,1,RENT,credit_card,0
APP101866,26,42828.17,19.0,14963.76,578.0,25421.58,0,25,0,MORTGAGE,debt_consolidation,1
APP101867,58,31149.89,18.0,5907.03,598.0,3304.9,11,3,0,OWN,debt_consolidation,1
APP101868,22,50530.71,34.0,4397.08,549.0,9549.76,7,23,3,MORTGAGE,credit_card,1
APP101869,58,36035.67,1.0,13521.17,584.0,5271.69,10,1,2,OWN,debt_consolidation,1
APP101870,23,30193.84,37.0,24350.62,660.0,3396.81,7,21,2,MORTGAGE,credit_card,1
APP101871,31,51431.31,1.0,9751.0,701.0,3753.51,12,28,0,RENT,credit_card,0
APP101872,50,33793.17,14.0,3958.28,585.0,15511.26,4,27,0,OWN,credit_card,1
APP101873,67,24363.29,5.0,34573.87,698.0,9906.87,6,13,4,OWN,debt_consolidation,1
APP101874,41,49016.56,20.0,13275.06,658.0,4456.31,3,29,2,OWN,credit_card,0
APP101875,26,35172.06,23.0,10967.43,539.0,953.12,2,6,2,OWN,debt_consolidation,0
APP101876,32,46372.18,25.0,4910.92,663.0,6270.07,1,27,1,MORTGAGE,credit_card,0
APP101877,64,28942.61,31.0,9993.9,745.0,1813.15,1,22,0,OWN,debt_consolidation,0
APP101878,56,19839.68,30.0,14944.98,498.0,7561.87,1,23,2,MORTGAGE,home_improvement,1
APP101879,25,86468.63,37.0,13383.96,810.0,2775.97,5,29,2,MORTGAGE,debt_consolidation,0
APP101880,39,78692.7,17.0,6581.83,601.0,3018.33,6,22,0,OWN,debt_consolidation,1
APP101881,33,56494.16,7.0,9564.0,518.0,2949.92,11,29,1,OWN,other,1
APP101882,29,29914.38,6.0,6838.99,661.0,11119.01,12,13,1,RENT,home_improvement,1
APP101883,62,31252.07,11.0,26862.78,716.0,1196.3,7,28,2,OWN,car,0
APP101884,51,72487.09,24.0,16931.39,627.0,8868.04,8,24,0,RENT,debt_consolidation,0
APP101885,29,30426.98,2.0,7225.7,674.0,6462.95,2,4,0,RENT,home_improvement,1
APP101886,52,26468.8,38.0,4909.45,819.0,4637.32,3,11,1,RENT,credit_card,0
APP101887,41,92606.75,39.0,11692.34,666.0,3434.28,3,25,2,MORTGAGE,business,0
APP101888,24,35460.02,6.0,7363.64,850.0,7253.11,7,18,0,RENT,home_improvement,0
APP101889,43,87922.64,31.0,7700.31,751.0,3456.4,5,3,0,OWN,debt_consolidation,0
APP101890,30,18048.25,,5008.4,654.0,3431.47,3,17,3,OWN,debt_consolidation,1
APP101891,33,47055.94,19.0,5394.61,673.0,5171.94,7,10,2,MORTGAGE,debt_consolidation,0
APP101892,64,102287.35,29.0,10911.82,624.0,19453.93,1,3,1,OWN,home_improvement,1
APP101893,55,36859.75,23.0,8432.71,669.0,1465.14,12,5,0,RENT,credit_card,1
APP101894,27,31824.69,12.0,44263.19,694.0,7336.11,11,6,0,MORTGAGE,other,1
APP101895,62,20254.33,22.0,14137.02,617.0,4383.34,14,10,2,OWN,car,1
APP101896,49,62390.7,5.0,4959.12,539.0,4119.65,4,26,0,RENT,debt_consolidation,1
APP101897,63,24709.32,10.0,3938.75,755.0,1448.7,8,7,0,MORTGAGE,other,0
APP101898,57,34634.16,38.0,12567.92,727.0,1206.37,12,5,0,MORTGAGE,car,0
APP101899,37,19589.5,7.0,7800.01,536.0,6450.71,5,26,3,MORTGAGE,debt_consolidation,1
APP101900,47,79098.35,23.0,22001.92,663.0,1780.28,14,14,0,RENT,business,1
APP101901,47,64695.22,11.0,11720.78,732.0,11082.21,2,29,0,OWN,home_improvement,0
APP101902,56,35746.5,18.0,3012.39,723.0,2180.51,2,9,1,OWN,credit_card,1
APP101903,33,20392.56,9.0,5368.72,594.0,7637.16,7,5,0,OWN,debt_consolidation,1
APP101904,37,78272.65,22.0,6600.04,728.0,3100.0,5,25,1,MORTGAGE,car,0
APP101905,32,30243.43,22.0,12903.09,651.0,2983.34,9,3,0,RENT,debt_consolidation,0
APP101906,35,20897.77,24.0,5262.43,681.0,2365.91,12,22,4,MORTGAGE,credit_card,1
APP101907,28,15047.11,12.0,10847.51,576.0,6970.58,4,4,0,OWN,other,1
APP101908,22,26291.93,23.0,4439.56,309.0,8712.01,11,25,1,RENT,car,1
APP101909,67,17547.75,29.0,9933.93,587.0,3818.35,4,16,4,OWN,home_improvement,1
APP101910,24,26597.95,28.0,12357.46,692.0,7886.95,0,4,2,OWN,credit_card,0
APP101911,64,52691.23,22.0,23787.28,633.0,4964.59,12,26,0,RENT,home_improvement,0
APP101912,21,30100.59,11.0,11468.34,702.0,1690.23,7,8,0,MORTGAGE,home_improvement,0
APP101913,59,43384.03,21.0,6062.99,738.0,6653.02,9,22,0,MORTGAGE,debt_consolidation,0
APP101914,37,25294.26,21.0,24241.06,623.0,3864.43,5,5,1,OWN,car,1
APP101915,46,37518.32,38.0,8867.01,615.0,607.02,6,12,1,OWN,debt_consolidation,1
APP101916,34,94887.8,15.0,15742.83,475.0,3595.3,12,7,1,OWN,debt_consolidation,1
APP101917,45,30508.39,12.0,6851.77,526.0,1268.0,8,28,1,RENT,debt_consolidation,0
APP101918,43,44011.87,29.0,10451.15,542.0,1834.94,2,3,1,RENT,home_improvement,1
APP101919,46,16601.3,25.0,6119.52,694.0,4027.25,7,16,2,MORTGAGE,debt_consolidation,1
APP101920,40,77656.7,17.0,12008.33,624.0,4627.74,2,8,5,RENT,other,0
APP101921,47,28606.71,0.0,16031.28,607.0,2519.86,2,23,4,MORTGAGE,home_improvement,1
APP101922,61,61406.25,28.0,7354.89,598.0,7493.87,14,16,1,MORTGAGE,business,1
APP101923,42,34146.31,29.0,7110.98,587.0,4484.5,13,14,2,RENT,debt_consolidation,1
APP101924,38,49305.44,37.0,12259.92,723.0,3501.05,13,24,3,OWN,debt_consolidation,0
APP101925,27,50792.61,,6032.94,657.0,5088.43,1,19,1,RENT,car,1
APP101926,38,28963.16,20.0,3980.78,729.0,12887.94,14,19,1,OWN,car,0
APP101927,27,62689.75,8.0,12233.31,474.0,879.85,3,11,4,RENT,debt_consolidation,1
APP101928,29,24847.38,18.0,9277.82,692.0,13899.65,2,6,5,OWN,car,1
APP101929,67,53581.93,0.0,9160.76,611.0,3000.96,8,1,2,MORTGAGE,car,1
APP101930,25,29878.59,20.0,13529.7,627.0,2635.59,5,16,1,MORTGAGE,credit_card,0
APP101931,44,43251.14,28.0,14712.46,758.0,3562.65,6,18,1,OWN,credit_card,0
APP101932,61,28825.15,31.0,8985.78,618.0,2417.86,12,7,0,OWN,credit_card,0
APP101933,67,37234.39,26.0,5046.24,689.0,2138.16,8,8,4,MORTGAGE,car,1
APP101934,28,21219.02,32.0,6746.96,568.0,9676.55,4,1,1,MORTGAGE,credit_card,1
APP101935,29,41100.62,26.0,14058.44,652.0,5584.49,13,16,0,OWN,debt_consolidation,1
APP101936,39,37126.78,31.0,10741.19,522.0,1059.81,10,28,1,RENT,home_improvement,1
APP101937,48,27720.38,17.0,7116.31,645.0,8427.78,4,19,0,MORTGAGE,debt_consolidation,0
APP101938,68,35329.94,,6181.82,680.0,7500.72,0,2,1,OWN,home_improvement,0
APP101939,31,38832.09,25.0,14338.36,738.0,1498.66,2,13,1,MORTGAGE,debt_consolidation,0
APP101940,29,26684.05,22.0,8664.67,584.0,5677.16,3,27,1,RENT,home_improvement,1
APP101941,33,34051.21,22.0,15547.11,607.0,8073.7,1,4,1,MORTGAGE,debt_consolidation,1
APP101942,63,21965.41,31.0,16774.27,,1361.8,13,7,3,MORTGAGE,car,1
APP101943,22,117344.17,9.0,8203.34,629.0,6174.78,0,24,2,MORTGAGE,business,1
APP101944,39,61670.4,12.0,17497.07,572.0,2863.85,14,20,0,OWN,car,0
APP101945,26,41628.78,20.0,10754.14,477.0,7583.67,11,5,2,MORTGAGE,credit_card,1
APP101946,28,65254.9,25.0,11622.0,566.0,2328.74,1,0,0,MORTGAGE,credit_card,1
APP101947,65,13499.04,20.0,2661.78,646.0,11313.98,6,3,1,RENT,car,1
APP101948,21,10108.79,7.0,5527.26,638.0,4044.74,0,16,1,MORTGAGE,car,0
APP101949,36,29743.16,32.0,5710.05,694.0,3005.16,3,9,1,OWN,debt_consolidation,1
APP101950,65,18228.07,21.0,8174.76,717.0,2757.24,4,5,2,MORTGAGE,debt_consolidation,0
APP101951,50,32263.67,17.0,10600.01,614.0,9889.36,10,1,3,RENT,debt_consolidation,1
APP101952,24,40248.51,35.0,10863.35,523.0,2755.82,2,2,2,RENT,credit_card,1
APP101953,43,57538.37,17.0,11748.12,682.0,11479.94,11,10,1,MORTGAGE,debt_consolidation,1
APP101954,68,20555.17,6.0,6561.89,649.0,5829.79,10,6,1,MORTGAGE,car,1
APP101955,40,44347.67,39.0,14985.19,629.0,1622.16,14,22,2,MORTGAGE,business,0
APP101956,46,36577.73,15.0,29306.75,747.0,5017.98,8,22,0,RENT,debt_consolidation,0
APP101957,47,43206.86,,8006.47,686.0,5102.51,5,23,2,MORTGAGE,car,0
APP101958,53,28004.32,20.0,6646.19,659.0,1580.47,10,21,1,RENT,debt_consolidation,1
APP101959,30,72516.37,9.0,6560.36,663.0,4947.44,10,13,1,RENT,debt_consolidation,0
APP101960,62,34483.83,15.0,10417.9,717.0,7583.61,3,5,1,OWN,credit_card,0
APP101961,69,88176.09,36.0,7219.51,594.0,12118.91,4,5,3,MORTGAGE,other,1
APP101962,27,24460.28,37.0,3504.5,579.0,11701.45,9,18,0,RENT,debt_consolidation,0
APP101963,61,52649.59,5.0,4129.65,631.0,33230.6,12,29,3,OWN,credit_card,1
APP101964,61,35248.06,39.0,18253.54,555.0,4917.07,7,22,2,MORTGAGE,other,1
APP101965,57,30826.46,34.0,21355.75,646.0,7654.44,13,24,2,MORTGAGE,home_improvement,0
APP101966,39,49819.3,25.0,25846.58,657.0,3026.05,8,25,3,RENT,credit_card,0
APP101967,43,31269.96,7.0,11336.5,644.0,22189.7,9,0,1,RENT,credit_card,1
APP101968,62,9595.19,23.0,5461.38,621.0,2409.69,5,27,3,MORTGAGE,debt_consolidation,0
APP101969,28,7852.33,17.0,7609.79,782.0,21405.2,9,18,1,MORTGAGE,debt_consolidation,0
APP101970,61,68611.2,4.0,4044.72,,19317.18,1,26,2,RENT,debt_consolidation,0
APP101971,66,67179.89,39.0,3952.35,642.0,2623.03,9,28,1,RENT,car,0
APP101972,54,93308.87,24.0,11535.19,657.0,11260.56,6,3,1,OWN,home_improvement,0
APP101973,37,35998.62,3.0,13676.13,760.0,7082.52,8,27,0,RENT,debt_consolidation,0
APP101974,48,19028.3,13.0,32049.09,603.0,3534.8,14,16,0,OWN,credit_card,1
APP101975,23,29442.9,33.0,9415.79,572.0,4408.78,6,11,3,RENT,debt_consolidation,1
APP101976,66,36523.54,17.0,4382.17,668.0,6077.7,10,29,1,RENT,credit_card,0
APP101977,37,21949.09,19.0,9198.98,683.0,6558.46,11,18,1,RENT,home_improvement,0
APP101978,23,82808.61,5.0,8354.24,689.0,16241.96,2,19,0,MORTGAGE,debt_consolidation,0
APP101979,59,111274.06,4.0,7370.65,716.0,7761.88,14,18,3,RENT,car,1
APP101980,53,46126.38,39.0,12164.17,591.0,2654.75,8,18,1,MORTGAGE,debt_consolidation,1
APP101981,51,36118.78,38.0,4775.8,537.0,8909.7,11,21,1,RENT,debt_consolidation,1
APP101982,23,19006.12,3.0,10704.64,603.0,1214.24,1,10,0,OWN,car,0
APP101983,57,78685.72,21.0,14631.59,696.0,3607.36,4,28,2,MORTGAGE,car,0
APP101984,52,37727.83,27.0,23198.49,576.0,3896.16,14,20,3,OWN,debt_consolidation,1
APP101985,59,31426.85,35.0,11923.01,495.0,8321.95,7,13,1,OWN,debt_consolidation,1
APP101986,61,46193.16,22.0,18506.41,661.0,20264.85,0,15,1,MORTGAGE,car,1
APP101987,31,27096.08,34.0,7582.99,604.0,5849.76,8,1,0,RENT,debt_consolidation,1
APP101988,31,39082.79,4.0,8245.52,511.0,3680.88,12,2,1,RENT,car,1
APP101989,66,17654.86,0.0,22219.11,655.0,2811.23,1,21,0,MORTGAGE,home_improvement,0
APP101990,47,62538.87,18.0,4346.17,619.0,9585.75,2,11,0,OWN,car,0
APP101991,42,,10.0,7770.7,,4205.43,7,28,4,RENT,credit_card,0
APP101992,35,64822.01,30.0,19478.52,657.0,3286.04,6,12,1,MORTGAGE,home_improvement,0
APP101993,52,32840.96,13.0,8719.64,696.0,10519.96,1,26,2,MORTGAGE,debt_consolidation,1
APP101994,57,33924.75,16.0,8338.5,648.0,12524.23,2,21,1,RENT,business,1
APP101995,21,19808.0,21.0,8440.53,602.0,2281.33,7,0,2,OWN,credit_card,1
APP101996,48,53097.15,38.0,10617.84,610.0,1484.35,8,10,3,MORTGAGE,debt_consolidation,1
APP101997,69,23437.21,2.0,18989.67,736.0,4544.96,1,26,2,RENT,debt_consolidation,1
APP101998,34,28475.2,22.0,17232.27,709.0,1973.99,10,23,0,OWN,credit_card,0
APP101999,34,36334.52,15.0,9965.4,530.0,1769.33,5,4,2,MORTGAGE,debt_consolidation,1
APP102000,64,38584.74,1.0,19061.64,550.0,2137.68,14,6,3,RENT,home_improvement,1
APP102001,24,15474.54,32.0,12149.89,554.0,11352.84,14,29,2,OWN,car,1
APP102002,40,32357.37,36.0,16572.04,734.0,8269.32,9,14,0,RENT,debt_consolidation,0
APP102003,43,54047.31,6.0,5339.99,511.0,35100.93,0,22,1,RENT,credit_card,1
APP102004,60,30056.4,30.0,28088.95,712.0,2940.78,1,14,2,OWN,credit_card,0
APP102005,27,32455.79,28.0,11295.14,681.0,14240.83,4,3,3,OWN,debt_consolidation,1
APP102006,42,39387.47,28.0,1902.67,661.0,7294.28,6,16,2,RENT,credit_card,1
APP102007,28,34098.88,18.0,26788.19,612.0,3149.16,5,3,3,OWN,home_improvement,1
APP102008,59,21692.94,12.0,9927.19,745.0,4370.62,11,27,1,RENT,car,0
APP102009,51,35661.5,2.0,7806.43,659.0,3137.21,8,8,1,RENT,debt_consolidation,1
APP102010,45,,1.0,6881.49,534.0,6044.95,4,25,1,OWN,car,1
APP102011,40,21470.0,7.0,12883.48,553.0,10822.27,14,6,2,MORTGAGE,home_improvement,1
APP102012,28,30114.41,21.0,5807.86,518.0,3659.72,13,2,0,RENT,debt_consolidation,1
APP102013,66,18200.14,5.0,7001.33,746.0,9688.62,9,0,1,MORTGAGE,debt_consolidation,1
APP102014,52,58144.76,27.0,7103.0,763.0,13588.57,3,3,1,MORTGAGE,credit_card,0
APP102015,36,34676.62,24.0,8305.32,736.0,16238.39,13,26,1,MORTGAGE,car,0
APP102016,41,23739.61,13.0,7265.37,638.0,1923.0,10,2,0,RENT,credit_card,1
APP102017,56,38030.08,3.0,16509.45,535.0,4725.27,2,3,2,RENT,car,1
APP102018,56,19894.53,20.0,11645.06,565.0,8669.33,2,6,1,MORTGAGE,home_improvement,1
APP102019,43,21660.64,32.0,12529.26,570.0,2060.31,4,29,0,MORTGAGE,car,0
APP102020,35,17499.6,15.0,14276.37,646.0,1723.89,9,24,4,OWN,debt_consolidation,1
APP102021,53,21303.15,,9359.47,760.0,4812.02,13,7,0,RENT,credit_card,0
APP102022,53,71587.0,11.0,5365.87,760.0,3532.03,2,12,2,OWN,debt_consolidation,0
APP102023,50,25170.82,3.0,29234.46,610.0,4281.78,0,17,1,OWN,debt_consolidation,0
APP102024,24,45849.18,25.0,17266.45,471.0,3370.86,10,8,2,OWN,debt_consolidation,1
APP102025,44,23905.15,35.0,26048.0,556.0,27664.71,6,20,1,RENT,home_improvement,1
APP102026,51,53091.22,35.0,18411.36,745.0,3397.11,1,8,2,MORTGAGE,car,0
APP102027,67,21741.08,38.0,7508.4,668.0,7851.84,6,9,2,RENT,business,1
APP102028,46,37034.82,4.0,2419.25,621.0,7441.87,0,27,1,OWN,car,0
APP102029,37,37287.96,1.0,4734.08,615.0,1272.77,14,13,0,MORTGAGE,debt_consolidation,1
APP102030,48,116297.01,22.0,14500.13,589.0,15881.26,12,27,1,MORTGAGE,car,0
APP102031,29,49772.24,38.0,9311.0,553.0,8108.26,6,23,2,RENT,debt_consolidation,0
APP102032,25,26998.81,39.0,7693.18,815.0,5572.29,12,9,0,MORTGAGE,car,0
APP102033,54,51150.34,11.0,2214.25,787.0,11452.31,13,1,2,OWN,debt_consolidation,0
APP102034,69,105776.88,15.0,9819.48,584.0,4730.44,0,4,2,RENT,home_improvement,1
APP102035,62,16077.59,26.0,5171.58,509.0,9952.16,8,10,1,MORTGAGE,car,1
APP102036,49,23831.39,36.0,6408.44,663.0,1095.56,3,22,1,OWN,credit_card,0
APP102037,22,32258.96,6.0,16482.63,638.0,9452.37,4,23,0,RENT,credit_card,0
APP102038,69,29479.66,39.0,5337.51,700.0,5692.51,9,12,1,MORTGAGE,home_improvement,0
APP102039,43,30749.27,32.0,5652.12,718.0,5764.15,2,9,2,MORTGAGE,credit_card,1
APP102040,35,18918.28,2.0,11062.85,556.0,2505.32,13,21,1,RENT,business,0
APP102041,64,73275.24,33.0,16704.23,752.0,4125.48,7,1,1,RENT,debt_consolidation,0
APP102042,57,17831.03,25.0,7772.73,621.0,4029.93,13,12,1,MORTGAGE,debt_consolidation,1
APP102043,57,32856.13,39.0,23868.84,698.0,1975.75,0,5,1,RENT,business,0
APP102044,34,61262.02,8.0,4595.34,629.0,6546.21,11,20,1,MORTGAGE,credit_card,1
APP102045,69,35771.53,39.0,4136.34,723.0,17301.39,5,20,0,RENT,car,0
APP102046,43,22254.58,1.0,3930.13,461.0,1576.51,10,25,0,RENT,home_improvement,1
APP102047,47,18502.52,3.0,3672.73,709.0,7274.98,7,29,2,RENT,car,1
APP102048,57,32370.42,17.0,12111.73,583.0,3510.98,8,6,1,RENT,credit_card,1
APP102049,53,24871.68,26.0,5504.53,655.0,3201.17,8,6,1,MORTGAGE,business,0
APP102050,29,40239.95,6.0,4246.65,749.0,5217.69,7,12,1,RENT,debt_consolidation,0
APP102051,35,18020.66,10.0,12430.12,585.0,5281.35,6,15,1,MORTGAGE,home_improvement,0
APP102052,38,54530.63,15.0,16225.99,573.0,5697.27,14,21,1,RENT,credit_card,0
APP102053,67,38475.42,5.0,18592.53,620.0,1988.84,14,7,0,RENT,debt_consolidation,1
APP102054,56,39931.4,7.0,16733.55,615.0,11753.88,8,16,3,RENT,car,1
APP102055,38,74647.95,5.0,5705.23,565.0,5244.37,2,27,0,RENT,debt_consolidation,0
APP102056,57,29176.02,38.0,11680.25,658.0,7903.5,0,2,2,RENT,car,1
APP102057,57,25262.89,37.0,13334.67,662.0,12986.67,14,27,2,RENT,credit_card,0
APP102058,40,27615.11,25.0,7443.3,687.0,1056.91,2,5,0,RENT,home_improvement,0
APP102059,40,32982.64,27.0,10925.46,584.0,8138.55,10,11,0,MORTGAGE,credit_card,1
APP102060,64,34700.78,5.0,4670.54,574.0,4309.83,10,4,0,RENT,home_improvement,1
APP102061,48,23972.22,2.0,6791.59,640.0,11104.44,12,1,3,MORTGAGE,home_improvement,1
APP102062,28,13206.41,15.0,12370.53,630.0,2588.76,4,8,0,MORTGAGE,credit_card,0
APP102063,56,27433.92,39.0,24453.43,631.0,10386.65,9,18,0,RENT,business,0
APP102064,49,43473.76,19.0,19749.11,593.0,2113.28,6,11,1,OWN,business,1
APP102065,45,38875.87,32.0,14713.42,676.0,6780.26,3,18,3,RENT,business,1
APP102066,56,66156.42,14.0,10381.91,574.0,6169.7,10,22,1,RENT,car,1
APP102067,65,96542.95,12.0,9460.32,640.0,4340.14,11,18,1,MORTGAGE,debt_consolidation,0
APP102068,37,53085.91,32.0,4152.39,625.0,2152.38,7,20,0,RENT,other,0
APP102069,41,72494.09,18.0,5995.09,647.0,3659.35,12,8,3,MORTGAGE,home_improvement,1
APP102070,30,53283.77,29.0,6113.7,744.0,10283.47,9,24,1,MORTGAGE,debt_consolidation,1
APP102071,52,85387.04,29.0,13972.63,,16158.78,11,0,1,MORTGAGE,home_improvement,1
APP102072,40,91622.01,29.0,17447.8,458.0,23466.47,11,25,1,OWN,home_improvement,1
APP102073,37,58429.87,27.0,15397.25,602.0,7490.84,13,0,0,MORTGAGE,credit_card,0
APP102074,55,51698.81,32.0,20122.62,557.0,6009.77,9,18,0,MORTGAGE,debt_consolidation,1
APP102075,40,32773.77,18.0,10335.65,409.0,7038.42,0,23,0,RENT,home_improvement,1
APP102076,43,35572.61,12.0,5487.58,789.0,22990.01,14,27,1,RENT,debt_consolidation,0
APP102077,42,30671.26,20.0,9605.01,694.0,7453.94,14,15,1,MORTGAGE,debt_consolidation,1
APP102078,33,49544.46,12.0,6406.69,703.0,5269.88,10,24,3,RENT,car,1
APP102079,27,25332.06,1.0,14686.97,627.0,3943.23,14,8,1,RENT,home_improvement,0
APP102080,61,33006.07,14.0,7978.83,683.0,4325.0,3,8,2,MORTGAGE,debt_consolidation,1
APP102081,25,,20.0,9328.98,616.0,6695.02,13,27,2,RENT,home_improvement,1
APP102082,36,85952.06,20.0,15005.52,715.0,2694.18,1,16,3,MORTGAGE,debt_consolidation,1
APP102083,53,32524.95,13.0,6344.5,665.0,2977.53,9,26,3,OWN,car,0
APP102084,27,,29.0,17648.14,647.0,4670.13,7,15,2,MORTGAGE,credit_card,0
APP102085,53,75274.25,11.0,4409.17,653.0,3423.67,12,24,0,MORTGAGE,debt_consolidation,0
APP102086,56,42198.79,25.0,11895.68,767.0,7920.34,8,5,1,MORTGAGE,credit_card,0
APP102087,53,74769.99,10.0,9371.8,663.0,8426.52,9,18,0,OWN,business,0
APP102088,35,19518.76,39.0,16259.05,567.0,6063.31,4,6,0,OWN,debt_consolidation,0
APP102089,21,120413.66,25.0,4338.9,676.0,7272.93,7,18,0,MORTGAGE,car,0
APP102090,64,62539.59,22.0,3950.22,689.0,5399.57,5,9,0,RENT,business,0
APP102091,37,40319.93,17.0,15522.2,638.0,236.56,13,15,1,OWN,debt_consolidation,1
APP102092,60,74053.25,30.0,7827.88,645.0,2438.91,8,27,2,OWN,debt_consolidation,0
APP102093,30,20245.39,17.0,9372.35,564.0,8654.86,3,5,3,MORTGAGE,business,1
APP102094,28,31435.48,32.0,6661.84,657.0,2512.28,0,21,4,MORTGAGE,credit_card,0
APP102095,59,74766.5,6.0,17114.58,552.0,9743.28,12,21,1,OWN,debt_consolidation,1
APP102096,67,14277.92,32.0,11843.44,629.0,10191.44,9,9,0,MORTGAGE,credit_card,1
APP102097,63,48061.12,38.0,11434.59,596.0,3974.31,6,15,3,MORTGAGE,credit_card,1
APP102098,57,47386.28,9.0,4906.07,728.0,3064.27,4,27,2,RENT,credit_card,0
APP102099,33,97208.45,8.0,13371.8,773.0,4952.62,4,16,0,MORTGAGE,credit_card,0
APP102100,65,16457.26,38.0,5457.1,558.0,4744.73,9,4,0,RENT,credit_card,1
APP102101,53,81211.78,16.0,6666.62,649.0,8116.08,7,20,1,RENT,credit_card,1
APP102102,29,27453.93,27.0,4362.46,625.0,755.3,7,3,1,MORTGAGE,business,1
APP102103,27,29041.91,7.0,9009.86,687.0,2731.88,9,11,1,MORTGAGE,car,0
APP102104,63,19712.29,17.0,18745.03,657.0,2186.56,13,25,5,MORTGAGE,home_improvement,1
APP102105,34,21079.87,28.0,11339.15,619.0,655.47,2,21,0,OWN,credit_card,0
APP102106,58,44434.04,35.0,7592.43,657.0,3308.17,9,20,2,MORTGAGE,car,0
APP102107,27,20823.43,17.0,10566.96,632.0,1480.78,11,7,0,MORTGAGE,credit_card,0
APP102108,34,52582.69,3.0,10531.95,777.0,3604.77,7,0,1,MORTGAGE,business,0
APP102109,34,26069.39,16.0,10297.34,586.0,3326.35,5,25,2,RENT,debt_consolidation,0
APP102110,34,19800.91,25.0,11008.25,670.0,7063.56,7,7,0,RENT,debt_consolidation,0
APP102111,54,,35.0,5302.87,690.0,4023.34,10,29,2,OWN,home_improvement,1
APP102112,65,42974.13,33.0,10550.44,685.0,1270.07,5,9,0,OWN,home_improvement,0
APP102113,65,31612.99,30.0,3452.49,626.0,6484.89,2,17,1,RENT,business,1
APP102114,57,36942.02,6.0,13979.88,759.0,34061.11,1,21,0,MORTGAGE,credit_card,0
APP102115,30,51436.52,20.0,5106.91,482.0,11615.13,0,11,1,OWN,credit_card,1
APP102116,68,62393.15,23.0,20061.52,562.0,8462.41,13,23,3,MORTGAGE,debt_consolidation,1
APP102117,47,31099.67,18.0,2282.12,703.0,4203.35,2,8,0,RENT,home_improvement,0
APP102118,47,21544.78,36.0,27028.71,579.0,3318.52,9,13,0,MORTGAGE,car,1
APP102119,55,37723.83,38.0,3701.4,574.0,3139.36,2,26,1,MORTGAGE,debt_consolidation,0
APP102120,58,45950.72,8.0,4817.64,612.0,5958.14,7,9,2,RENT,home_improvement,1
APP102121,67,17494.42,38.0,11842.31,587.0,1980.79,11,9,2,OWN,debt_consolidation,1
APP102122,49,23264.78,33.0,14346.04,700.0,5862.19,2,2,0,MORTGAGE,car,1
APP102123,50,25346.77,28.0,8349.6,722.0,2890.23,7,24,0,OWN,debt_consolidation,0
APP102124,57,32731.36,15.0,16908.36,657.0,1246.91,6,1,1,RENT,credit_card,1
APP102125,33,24821.94,30.0,6136.85,734.0,2857.8,11,12,2,MORTGAGE,business,0
APP102126,36,51715.89,23.0,7786.8,539.0,13372.53,8,8,0,RENT,other,1
APP102127,51,16275.78,35.0,8256.48,656.0,5490.1,11,26,1,MORTGAGE,car,0
APP102128,24,16483.92,28.0,7164.99,757.0,286.57,8,14,3,MORTGAGE,debt_consolidation,0
APP102129,36,30731.87,38.0,3101.04,,2867.22,3,12,1,MORTGAGE,credit_card,0
APP102130,56,33262.09,16.0,9751.73,764.0,10123.43,8,15,3,OWN,credit_card,0
APP102131,68,17547.7,3.0,9237.21,602.0,3871.15,13,17,2,MORTGAGE,credit_card,0
APP102132,46,26812.56,19.0,18899.86,723.0,7472.87,6,6,2,OWN,credit_card,0
APP102133,40,29717.11,39.0,4575.33,615.0,3582.32,11,3,1,MORTGAGE,debt_consolidation,1
APP102134,42,29832.42,26.0,6743.64,697.0,5693.91,9,5,2,OWN,home_improvement,0
APP102135,54,39180.75,28.0,20375.63,754.0,5055.52,1,29,1,OWN,home_improvement,0
APP102136,47,26087.47,25.0,11801.4,586.0,2931.56,1,1,3,RENT,credit_card,1
APP102137,22,76032.65,23.0,13761.47,501.0,7763.47,8,16,1,MORTGAGE,car,1
APP102138,47,46355.83,2.0,12991.62,797.0,16734.56,2,22,0,RENT,home_improvement,1
APP102139,40,24256.58,16.0,13026.27,689.0,6685.63,6,18,1,RENT,credit_card,0
APP102140,55,38072.81,3.0,29514.29,641.0,5341.0,6,24,4,MORTGAGE,credit_card,1
APP102141,63,38638.62,13.0,10455.93,637.0,2503.54,6,3,2,OWN,credit_card,1
APP102142,68,66660.03,28.0,5394.82,482.0,10410.49,10,11,2,RENT,credit_card,1
APP102143,50,26898.04,32.0,14519.94,666.0,3265.47,5,20,0,MORTGAGE,credit_card,0
APP102144,38,53298.81,8.0,7044.97,607.0,7696.72,1,1,1,MORTGAGE,credit_card,1
APP102145,42,37083.49,26.0,9265.36,654.0,9039.5,7,12,3,RENT,home_improvement,1
APP102146,29,76556.42,9.0,12358.61,652.0,10829.25,12,23,1,RENT,home_improvement,1
APP102147,66,69247.74,8.0,6046.21,379.0,10991.76,5,12,2,RENT,credit_card,1
APP102148,62,40074.27,38.0,7286.82,689.0,10678.28,11,23,3,RENT,business,0
APP102149,62,31852.1,24.0,13167.53,665.0,1799.06,6,14,2,OWN,credit_card,1
APP102150,37,46784.3,7.0,7121.07,675.0,2471.89,2,3,2,RENT,debt_consolidation,1
APP102151,36,33182.4,5.0,17748.05,635.0,1639.29,8,16,2,OWN,credit_card,1
APP102152,62,84132.95,1.0,5476.96,653.0,1553.31,7,12,1,MORTGAGE,home_improvement,1
APP102153,47,37768.66,19.0,5465.91,663.0,16651.38,10,24,2,MORTGAGE,debt_consolidation,0
APP102154,55,29648.85,4.0,31058.68,671.0,2233.35,10,25,2,OWN,credit_card,1
APP102155,45,28859.44,23.0,3951.55,688.0,1995.75,2,10,1,MORTGAGE,debt_consolidation,0
APP102156,42,19800.89,17.0,9739.74,672.0,4699.94,0,27,1,MORTGAGE,car,0
APP102157,51,47967.53,25.0,30058.19,797.0,2705.98,2,26,2,RENT,credit_card,0
APP102158,60,24100.66,8.0,9728.79,591.0,30017.12,10,14,0,OWN,debt_consolidation,1
APP102159,37,62885.7,5.0,22204.77,620.0,3949.17,7,3,1,MORTGAGE,credit_card,1
APP102160,60,19025.44,4.0,14639.59,785.0,7017.34,5,21,2,MORTGAGE,credit_card,0
APP102161,32,38701.0,3.0,9854.45,637.0,2632.33,7,15,0,MORTGAGE,business,1
APP102162,40,64544.61,2.0,9150.95,724.0,1300.33,0,19,1,OWN,home_improvement,0
APP102163,65,12380.48,10.0,2775.01,660.0,2743.61,8,20,3,OWN,credit_card,1
APP102164,67,99621.45,32.0,8172.52,631.0,2767.27,2,22,1,MORTGAGE,other,0
APP102165,66,29359.09,24.0,11376.8,,2751.81,9,29,2,MORTGAGE,car,0
APP102166,36,38970.01,10.0,11373.0,691.0,1366.43,2,9,4,OWN,debt_consolidation,1
APP102167,62,48325.98,37.0,43456.48,527.0,5479.99,4,11,2,RENT,credit_card,1
APP102168,66,52211.84,30.0,11714.41,663.0,3753.95,14,5,3,RENT,credit_card,1
APP102169,68,41645.22,31.0,14444.76,570.0,1431.48,9,20,1,OWN,business,1
APP102170,22,59795.89,35.0,19910.01,751.0,5350.89,13,21,2,OWN,home_improvement,0
APP102171,57,,29.0,13688.36,790.0,9043.36,7,23,1,OWN,home_improvement,0
APP102172,69,87591.62,38.0,9399.11,799.0,12812.6,10,4,0,RENT,debt_consolidation,0
APP102173,58,47153.51,13.0,9426.57,678.0,708.94,7,24,2,OWN,credit_card,0
APP102174,32,96985.6,34.0,8019.31,613.0,2738.81,9,18,2,RENT,debt_consolidation,1
APP102175,58,56984.78,4.0,12919.93,675.0,1641.52,8,27,4,RENT,credit_card,1
APP102176,26,14722.39,12.0,8935.68,574.0,2916.52,0,0,1,OWN,business,1
APP102177,44,133994.14,35.0,14399.69,837.0,14925.73,9,10,0,RENT,business,0
APP102178,51,27250.52,5.0,5402.12,745.0,2746.89,1,28,3,MORTGAGE,debt_consolidation,1
APP102179,43,76708.82,20.0,10808.73,674.0,3360.91,9,25,2,MORTGAGE,credit_card,0
APP102180,55,36805.28,13.0,25115.5,729.0,2531.94,1,19,0,RENT,other,0
APP102181,32,61731.22,4.0,8649.23,610.0,18047.2,12,28,2,MORTGAGE,debt_consolidation,1
APP102182,50,25738.95,9.0,29905.6,561.0,780.7,8,19,2,RENT,debt_consolidation,1
APP102183,52,49655.89,21.0,10918.38,472.0,3149.21,7,14,1,MORTGAGE,debt_consolidation,1
APP102184,52,,25.0,9567.19,656.0,2459.01,14,8,2,MORTGAGE,credit_card,0
APP102185,35,79977.57,27.0,10614.45,633.0,1240.24,14,20,1,RENT,other,0
APP102186,35,45221.78,5.0,8210.31,691.0,11870.06,4,15,0,OWN,business,0
APP102187,33,57986.84,12.0,3015.94,651.0,1161.56,14,9,3,RENT,debt_consolidation,1
APP102188,43,12307.47,4.0,16782.72,687.0,3403.1,6,4,2,RENT,car,1
APP102189,49,34794.47,0.0,36887.5,714.0,4614.76,5,7,1,MORTGAGE,debt_consolidation,0
APP102190,38,44590.49,15.0,13203.77,533.0,2695.29,14,15,1,RENT,home_improvement,1
APP102191,41,40611.54,24.0,13695.09,719.0,1227.32,13,8,0,OWN,business,0
APP102192,35,58722.52,14.0,8870.13,617.0,4295.8,12,17,1,RENT,credit_card,0
APP102193,31,30243.84,1.0,19824.49,691.0,2671.87,6,1,1,RENT,credit_card,1
APP102194,53,37212.26,8.0,9666.65,731.0,9385.48,8,10,2,OWN,home_improvement,0
APP102195,60,65552.94,17.0,11618.25,732.0,7427.09,14,17,1,MORTGAGE,business,0
APP102196,35,11622.0,14.0,3869.46,660.0,23281.67,0,21,3,MORTGAGE,credit_card,1
APP102197,63,48760.47,32.0,7204.02,664.0,5366.77,13,25,0,RENT,business,0
APP102198,48,30731.93,23.0,12337.66,721.0,7874.63,14,4,2,OWN,home_improvement,0
APP102199,29,23013.61,39.0,17057.19,529.0,3688.05,6,8,2,MORTGAGE,credit_card,1
APP102200,38,42970.63,7.0,17343.34,573.0,19329.42,0,19,1,MORTGAGE,car,1
APP102201,21,67085.66,14.0,3837.17,627.0,4955.31,5,0,2,RENT,car,1
APP102202,22,61057.54,3.0,4077.88,543.0,4527.64,1,16,1,MORTGAGE,home_improvement,1
APP102203,37,33943.19,0.0,14051.47,628.0,7573.89,10,8,2,MORTGAGE,debt_consolidation,1
APP102204,43,56267.39,36.0,6322.78,623.0,2933.74,5,15,1,OWN,debt_consolidation,0
APP102205,60,56051.93,19.0,16928.53,656.0,3295.48,5,23,2,RENT,debt_consolidation,0
APP102206,27,34763.19,26.0,3721.56,645.0,7569.53,8,5,1,OWN,debt_consolidation,0
APP102207,62,25679.79,11.0,9329.66,735.0,8828.91,9,13,0,MORTGAGE,debt_consolidation,0
APP102208,32,26433.38,2.0,9695.9,695.0,7924.01,1,22,0,OWN,home_improvement,0
APP102209,27,55211.51,,13204.07,644.0,4609.4,6,23,3,OWN,credit_card,0
APP102210,55,35558.22,26.0,5331.05,623.0,6101.82,1,9,0,RENT,debt_consolidation,0
APP102211,58,21523.68,28.0,3041.0,646.0,10597.13,7,6,1,OWN,business,1
APP102212,50,15639.71,21.0,10968.29,647.0,2048.41,4,12,1,MORTGAGE,home_improvement,0
APP102213,26,55045.52,16.0,13573.28,850.0,4920.25,5,19,0,MORTGAGE,credit_card,0
APP102214,26,27628.71,16.0,18114.59,533.0,478.61,2,21,0,RENT,credit_card,0
APP102215,40,42838.56,30.0,7981.4,575.0,8885.61,11,21,1,MORTGAGE,debt_consolidation,0
APP102216,43,67498.01,9.0,15762.82,564.0,2627.82,4,8,1,OWN,credit_card,1
APP102217,69,18873.95,13.0,13246.18,671.0,2684.24,9,24,2,MORTGAGE,other,1
APP102218,35,35505.09,12.0,21882.51,668.0,4458.11,9,23,1,OWN,credit_card,1
APP102219,30,33344.66,20.0,9573.63,604.0,8064.96,10,20,1,MORTGAGE,debt_consolidation,0
APP102220,67,43908.86,38.0,3505.4,721.0,33305.17,0,22,1,MORTGAGE,home_improvement,0
APP102221,28,67479.56,36.0,9503.39,679.0,1418.81,12,27,1,MORTGAGE,debt_consolidation,0
APP102222,22,18681.22,21.0,10436.56,725.0,2490.88,9,24,0,RENT,business,0
APP102223,41,48286.1,8.0,13506.37,746.0,5901.42,11,3,1,MORTGAGE,credit_card,0
APP102224,40,60825.35,37.0,3945.74,479.0,2747.98,11,22,2,RENT,home_improvement,1
APP102225,51,33084.21,12.0,8207.25,704.0,9592.63,7,16,2,RENT,business,1
APP102226,64,33903.6,14.0,16661.6,546.0,4297.39,11,12,2,MORTGAGE,car,1
APP102227,66,44766.92,35.0,9297.95,669.0,9979.1,3,13,2,MORTGAGE,credit_card,1
APP102228,35,43148.74,10.0,8238.38,644.0,4028.73,5,4,2,OWN,credit_card,1
APP102229,69,48590.16,18.0,31063.72,647.0,7600.03,5,29,2,RENT,business,1
APP102230,52,,36.0,5208.24,553.0,2285.4,5,1,1,RENT,debt_consolidation,1
APP102231,24,22225.91,12.0,20741.52,732.0,23154.33,8,16,2,OWN,credit_card,0
APP102232,66,59583.46,24.0,18265.14,546.0,1261.77,11,27,0,OWN,credit_card,0
APP102233,27,65081.24,1.0,8646.42,710.0,2789.98,3,20,2,RENT,business,1
APP102234,49,39856.53,39.0,9703.73,535.0,1577.65,4,28,1,OWN,debt_consolidation,0
APP102235,59,17204.43,16.0,9682.98,648.0,9322.99,11,27,1,RENT,home_improvement,0
APP102236,33,34290.62,26.0,11038.77,794.0,7568.03,11,0,1,OWN,home_improvement,0
APP102237,34,40022.73,20.0,6927.64,838.0,1854.65,3,4,3,MORTGAGE,other,0
APP102238,44,20490.16,17.0,7654.98,520.0,10912.79,1,3,1,OWN,business,1
APP102239,64,30331.16,16.0,7997.35,593.0,2810.64,5,10,1,MORTGAGE,credit_card,1
APP102240,31,17949.46,0.0,8152.02,608.0,6699.95,1,11,3,MORTGAGE,debt_consolidation,1
APP102241,53,49199.86,11.0,8213.6,830.0,8084.49,9,9,0,RENT,car,0
APP102242,43,39457.43,15.0,2579.9,644.0,4040.42,10,4,1,MORTGAGE,debt_consolidation,1
APP102243,26,,14.0,10494.32,735.0,10176.97,10,3,0,OWN,car,1
APP102244,55,43292.4,10.0,7212.13,673.0,4379.6,5,15,0,MORTGAGE,home_improvement,1
APP102245,61,35303.79,25.0,3228.95,554.0,6444.54,5,16,1,OWN,debt_consolidation,1
APP102246,49,47014.3,33.0,8022.21,501.0,3946.96,7,9,0,MORTGAGE,debt_consolidation,1
APP102247,29,,35.0,7874.82,600.0,1102.6,11,9,0,OWN,debt_consolidation,0
APP102248,28,24325.01,38.0,21272.0,835.0,4452.28,14,14,0,RENT,debt_consolidation,0
APP102249,41,24700.47,25.0,7161.41,670.0,2443.21,13,4,0,RENT,debt_consolidation,0
APP102250,45,27747.88,16.0,14774.74,734.0,14970.18,5,4,2,MORTGAGE,debt_consolidation,0
APP102251,48,36658.94,25.0,22690.17,536.0,1650.21,2,0,1,MORTGAGE,business,1
APP102252,32,39103.97,5.0,6789.68,623.0,13095.38,0,10,2,RENT,credit_card,1
APP102253,45,33012.45,32.0,9619.06,712.0,4259.82,13,0,1,MORTGAGE,debt_consolidation,0
APP102254,35,29387.96,21.0,27923.25,562.0,6801.93,14,10,1,MORTGAGE,debt_consolidation,1
APP102255,54,30463.92,6.0,11354.68,644.0,1629.56,8,11,1,OWN,home_improvement,1
APP102256,60,127244.08,17.0,12385.11,579.0,3839.0,1,7,4,RENT,home_improvement,1
APP102257,52,24701.95,12.0,7751.55,716.0,2887.96,6,18,0,OWN,car,0
APP102258,21,27474.51,,14946.47,681.0,26438.96,10,4,2,RENT,home_improvement,1
APP102259,69,188513.91,2.0,9664.5,704.0,2831.39,11,6,0,RENT,home_improvement,0
APP102260,22,44824.34,0.0,3296.9,719.0,12365.94,11,28,1,RENT,car,0
APP102261,69,18215.16,13.0,7997.31,631.0,12505.1,11,27,4,MORTGAGE,debt_consolidation,1
APP102262,22,55345.11,12.0,4866.32,730.0,12227.2,1,3,2,MORTGAGE,home_improvement,1
APP102263,46,23039.85,39.0,10586.6,602.0,3056.11,10,6,3,MORTGAGE,debt_consolidation,1
APP102264,26,57212.68,10.0,5709.56,700.0,20825.16,14,17,0,RENT,debt_consolidation,1
APP102265,25,32680.01,13.0,13185.55,492.0,24581.39,6,8,1,MORTGAGE,car,1
APP102266,54,29146.85,36.0,10166.55,590.0,6592.53,7,4,1,MORTGAGE,other,1
APP102267,56,81192.85,34.0,4680.66,835.0,3386.94,4,9,1,MORTGAGE,credit_card,0
APP102268,26,48204.16,2.0,7364.87,698.0,2468.79,12,29,2,OWN,credit_card,0
APP102269,68,59070.96,3.0,14361.95,698.0,7168.18,5,4,1,RENT,car,0
APP102270,36,45137.1,3.0,19708.31,584.0,5176.69,14,18,3,RENT,business,1
APP102271,36,29079.18,18.0,5759.16,562.0,5688.33,8,29,0,OWN,home_improvement,1
APP102272,35,49299.89,22.0,5123.21,628.0,1671.88,5,24,2,OWN,car,1
APP102273,43,66476.76,14.0,31907.33,644.0,5046.05,8,21,0,RENT,debt_consolidation,0
APP102274,29,38846.34,0.0,9839.29,803.0,12272.04,0,9,2,MORTGAGE,credit_card,0
APP102275,41,89395.11,8.0,10455.48,731.0,9434.68,13,9,0,MORTGAGE,business,0
APP102276,31,55561.38,24.0,6350.99,658.0,3528.76,6,18,0,MORTGAGE,debt_consolidation,0
APP102277,23,40376.02,14.0,11261.35,655.0,4504.2,6,29,1,MORTGAGE,home_improvement,0
APP102278,39,41181.45,4.0,27696.39,710.0,1518.28,6,10,1,OWN,debt_consolidation,1
APP102279,53,38894.91,26.0,11528.98,544.0,2886.5,9,19,1,MORTGAGE,debt_consolidation,1
APP102280,58,19426.25,24.0,18750.54,496.0,3744.25,11,29,0,RENT,debt_consolidation,1
APP102281,38,34716.28,,10070.75,709.0,8157.77,9,23,1,RENT,credit_card,1
APP102282,36,40562.26,37.0,5348.21,655.0,2793.14,1,28,0,MORTGAGE,home_improvement,0
APP102283,59,29494.45,33.0,6568.61,545.0,2145.68,10,10,0,OWN,debt_consolidation,1
APP102284,54,42994.97,1.0,5061.0,482.0,9010.48,9,20,1,MORTGAGE,credit_card,1
APP102285,61,36704.47,36.0,11278.71,721.0,3504.9,14,6,2,MORTGAGE,other,0
APP102286,65,53468.39,1.0,20626.53,608.0,2512.02,3,1,1,RENT,credit_card,0
APP102287,61,50592.38,19.0,10900.96,682.0,9413.78,12,13,1,RENT,debt_consolidation,1
APP102288,66,39481.07,36.0,8228.27,628.0,7094.15,13,23,1,MORTGAGE,debt_consolidation,0
APP102289,41,18331.82,39.0,6162.37,647.0,4163.13,0,12,0,MORTGAGE,debt_consolidation,0
APP102290,40,88908.35,0.0,12249.83,602.0,3710.7,13,8,0,MORTGAGE,home_improvement,1
APP102291,36,33828.35,2.0,4708.48,643.0,6658.32,12,29,2,OWN,business,1
APP102292,32,34876.09,9.0,5011.74,696.0,7562.92,12,12,0,MORTGAGE,car,0
APP102293,57,,11.0,16985.21,627.0,5808.8,14,4,1,RENT,debt_consolidation,0
APP102294,56,28446.89,11.0,8377.95,623.0,5412.75,3,5,1,RENT,car,0
APP102295,60,78592.3,16.0,8279.41,698.0,3025.1,0,4,1,RENT,credit_card,1
APP102296,29,72621.93,12.0,8942.41,703.0,3173.65,9,29,0,MORTGAGE,business,0
APP102297,45,45351.42,23.0,15298.69,559.0,4283.56,8,18,2,MORTGAGE,credit_card,1
APP102298,31,34415.07,34.0,10930.38,647.0,2278.15,12,0,0,OWN,credit_card,0
APP102299,64,49491.64,21.0,6336.94,608.0,2074.68,8,16,2,RENT,other,1
APP102300,34,37680.52,13.0,6475.26,651.0,4574.32,1,12,0,MORTGAGE,credit_card,1
APP102301,28,33020.65,22.0,8803.75,764.0,10846.05,7,16,1,MORTGAGE,debt_consolidation,0
APP102302,48,43004.2,24.0,11864.81,678.0,936.05,5,25,0,MORTGAGE,other,1
APP102303,64,29127.01,35.0,9688.49,823.0,3593.38,13,12,1,OWN,business,0
APP102304,65,41197.47,37.0,9184.81,667.0,6112.03,10,9,0,MORTGAGE,debt_consolidation,0
APP102305,25,40219.63,11.0,10175.83,636.0,11589.38,12,10,1,MORTGAGE,debt_consolidation,0
APP102306,36,49092.82,36.0,9684.34,648.0,20742.06,10,21,1,OWN,business,0
APP102307,28,26646.99,32.0,6196.69,661.0,3998.72,2,2,0,MORTGAGE,debt_consolidation,0
APP102308,36,51796.0,5.0,19230.07,675.0,23813.76,12,18,0,RENT,credit_card,0
APP102309,47,23082.83,22.0,7410.2,570.0,7075.92,1,23,6,MORTGAGE,credit_card,1
APP102310,34,27274.75,6.0,10695.01,631.0,9427.47,3,29,1,MORTGAGE,credit_card,0
APP102311,24,27876.45,19.0,2874.97,592.0,2095.82,2,13,1,MORTGAGE,debt_consolidation,1
APP102312,45,21247.07,1.0,8698.41,732.0,7063.67,1,13,1,MORTGAGE,debt_consolidation,0
APP102313,23,60344.87,11.0,5116.61,495.0,10101.61,13,26,2,OWN,credit_card,1
APP102314,32,22369.95,23.0,5500.46,662.0,2831.37,2,24,1,RENT,credit_card,1
APP102315,21,25604.97,12.0,42332.55,528.0,611.25,1,14,2,RENT,debt_consolidation,1
APP102316,25,68029.99,0.0,11495.55,684.0,5536.99,1,11,1,RENT,debt_consolidation,0
APP102317,42,27301.82,15.0,20652.95,618.0,4138.35,9,27,1,MORTGAGE,home_improvement,0
APP102318,62,33055.02,21.0,16534.13,504.0,14406.03,3,12,0,MORTGAGE,debt_consolidation,1
APP102319,58,21894.39,30.0,17853.34,725.0,3195.03,10,27,0,MORTGAGE,debt_consolidation,0
APP102320,25,55076.35,5.0,8782.86,448.0,2796.13,3,13,1,RENT,debt_consolidation,1
APP102321,22,55457.27,19.0,25947.78,647.0,1925.35,3,16,5,RENT,car,1
APP102322,37,52547.51,7.0,16448.88,705.0,2968.86,2,15,1,MORTGAGE,debt_consolidation,1
APP102323,52,47513.3,6.0,10145.66,760.0,41504.76,3,23,0,RENT,credit_card,1
APP102324,57,37676.6,4.0,11590.88,521.0,1381.16,3,23,0,MORTGAGE,credit_card,1
APP102325,61,27939.92,30.0,9117.59,608.0,1688.79,12,3,2,RENT,debt_consolidation,1
APP102326,37,24161.49,36.0,10212.25,736.0,4705.83,7,25,4,RENT,car,0
APP102327,29,69213.61,26.0,9641.57,742.0,23852.69,6,3,1,RENT,other,1
APP102328,22,53231.32,15.0,12443.08,752.0,8894.93,13,24,0,MORTGAGE,credit_card,0
APP102329,28,,37.0,28112.91,850.0,17015.21,7,21,2,MORTGAGE,other,0
APP102330,24,37046.01,19.0,4802.4,609.0,3611.79,13,17,0,OWN,debt_consolidation,1
APP102331,63,31255.24,21.0,19641.75,679.0,1616.33,5,1,1,MORTGAGE,car,0
APP102332,34,20658.76,25.0,7935.16,622.0,3431.07,14,25,3,RENT,credit_card,1
APP102333,61,39688.85,26.0,21200.88,491.0,4448.12,2,21,1,MORTGAGE,credit_card,0
APP102334,48,29503.19,19.0,8102.54,642.0,4958.04,7,17,3,MORTGAGE,business,1
APP102335,47,22555.44,19.0,12678.36,490.0,4141.49,6,6,0,MORTGAGE,other,1
APP102336,43,17334.15,12.0,8997.42,608.0,7883.98,13,23,0,MORTGAGE,debt_consolidation,1
APP102337,61,16615.62,27.0,3503.94,532.0,2780.72,4,7,1,OWN,debt_consolidation,1
APP102338,23,30160.46,26.0,28096.1,685.0,2340.86,5,13,0,RENT,debt_consolidation,0
APP102339,25,34802.78,17.0,5621.47,587.0,1874.89,4,10,3,OWN,credit_card,1
APP102340,41,23443.52,28.0,10408.0,507.0,5790.77,9,12,1,OWN,home_improvement,1
APP102341,40,50280.35,5.0,5263.48,719.0,5348.66,3,27,0,MORTGAGE,business,0
APP102342,47,35144.62,16.0,4437.29,601.0,11767.99,7,23,2,RENT,other,0
APP102343,57,48457.51,39.0,8751.99,615.0,16942.7,9,21,1,OWN,credit_card,1
APP102344,49,33141.6,29.0,6931.93,571.0,1870.76,3,20,0,MORTGAGE,credit_card,1
APP102345,33,24500.31,28.0,4908.44,741.0,5008.13,4,22,0,RENT,car,0
APP102346,37,38447.88,34.0,9688.94,671.0,4170.18,2,22,0,OWN,car,0
APP102347,57,19315.49,24.0,4067.79,600.0,1437.44,2,23,0,OWN,debt_consolidation,1
APP102348,30,47558.66,26.0,10670.99,496.0,3221.06,13,1,1,OWN,home_improvement,1
APP102349,45,22729.65,19.0,9169.19,850.0,17210.83,12,24,1,RENT,car,0
APP102350,47,57475.63,33.0,2234.46,808.0,2962.65,2,9,0,RENT,debt_consolidation,0
APP102351,57,30661.78,28.0,7231.01,765.0,2593.62,8,5,2,MORTGAGE,credit_card,0
APP102352,56,61775.79,20.0,13108.89,593.0,4714.31,1,5,1,RENT,debt_consolidation,1
APP102353,43,20716.55,5.0,5228.46,609.0,10191.94,12,28,2,OWN,debt_consolidation,1
APP102354,36,25877.14,32.0,13454.59,682.0,3851.66,11,24,0,OWN,debt_consolidation,0
APP102355,39,43935.04,13.0,12830.85,578.0,5443.35,11,11,0,MORTGAGE,other,1
APP102356,41,65202.2,14.0,5374.21,570.0,790.23,4,27,1,RENT,home_improvement,0
APP102357,31,,4.0,9824.46,766.0,7768.72,5,16,1,OWN,other,0
APP102358,51,37074.44,8.0,16236.14,645.0,5865.87,13,25,1,MORTGAGE,business,0
APP102359,31,91023.48,5.0,5849.71,560.0,9974.07,8,24,1,OWN,credit_card,0
APP102360,52,31418.99,3.0,8747.42,726.0,1103.12,8,7,1,RENT,credit_card,0
APP102361,57,62905.18,0.0,19734.89,604.0,3858.42,14,25,0,MORTGAGE,car,1
APP102362,68,22672.53,11.0,5916.03,491.0,10629.04,12,29,1,MORTGAGE,debt_consolidation,1
APP102363,26,44806.13,30.0,13036.33,559.0,3147.77,5,15,2,OWN,debt_consolidation,1
APP102364,58,11261.59,34.0,5179.61,608.0,5119.66,0,9,1,MORTGAGE,car,1
APP102365,25,20727.25,9.0,8986.0,667.0,3541.48,3,16,1,OWN,home_improvement,1
APP102366,37,45859.53,16.0,12939.45,663.0,3611.58,11,25,2,RENT,business,0
APP102367,29,18840.81,33.0,2338.54,748.0,12502.79,2,12,2,MORTGAGE,car,0
APP102368,28,44957.59,28.0,7182.52,631.0,1573.86,4,1,0,MORTGAGE,debt_consolidation,0
APP102369,29,57138.25,36.0,12805.1,612.0,4721.02,14,1,2,MORTGAGE,debt_consolidation,1
APP102370,23,28263.88,16.0,11333.37,749.0,6011.38,6,22,1,OWN,credit_card,0
APP102371,61,22371.06,6.0,7234.18,728.0,10409.57,3,19,1,MORTGAGE,debt_consolidation,0
APP102372,23,28649.94,5.0,5101.3,632.0,4457.91,8,6,2,OWN,credit_card,1
APP102373,40,22406.22,28.0,14430.21,673.0,10669.07,13,20,0,MORTGAGE,debt_consolidation,1
APP102374,55,34523.42,1.0,8156.38,611.0,4704.6,3,9,3,OWN,business,1
APP102375,69,38217.37,18.0,13728.21,557.0,5408.0,8,14,1,MORTGAGE,car,1
APP102376,62,31163.25,14.0,12433.3,825.0,5245.21,11,6,2,RENT,debt_consolidation,0
APP102377,27,83883.11,36.0,7566.98,606.0,8301.75,8,1,0,MORTGAGE,credit_card,0
APP102378,69,25344.02,,18836.22,673.0,7580.89,13,27,2,OWN,business,0
APP102379,53,72817.86,,6928.74,528.0,2017.38,6,16,0,MORTGAGE,debt_consolidation,1
APP102380,29,21576.94,23.0,20216.86,708.0,5846.61,11,28,0,RENT,car,0
APP102381,42,37661.32,15.0,21867.91,553.0,7574.4,5,3,1,RENT,debt_consolidation,1
APP102382,65,65614.55,31.0,18584.23,784.0,15825.61,0,11,0,MORTGAGE,credit_card,0
APP102383,40,63938.6,11.0,8880.95,793.0,2193.11,4,13,1,MORTGAGE,home_improvement,0
APP102384,29,29432.98,29.0,45626.66,695.0,7560.99,2,1,2,MORTGAGE,car,1
APP102385,63,47931.82,36.0,10841.18,659.0,3720.79,10,23,0,RENT,debt_consolidation,0
APP102386,67,44828.06,6.0,11437.28,635.0,5730.09,6,29,1,OWN,business,1
APP102387,68,27723.35,9.0,9766.99,646.0,2082.24,11,6,3,MORTGAGE,credit_card,1
APP102388,67,49413.3,15.0,5024.8,682.0,4862.43,11,26,0,MORTGAGE,credit_card,1
APP102389,63,92156.74,33.0,21526.58,657.0,6343.21,7,27,0,OWN,debt_consolidation,0
APP102390,43,45974.88,25.0,7020.28,728.0,2261.76,13,12,0,MORTGAGE,credit_card,0
APP102391,30,48203.08,7.0,17184.56,576.0,15662.25,6,21,1,MORTGAGE,credit_card,1
APP102392,51,50821.64,14.0,19845.49,772.0,1428.85,10,13,1,MORTGAGE,car,0
APP102393,31,17492.22,25.0,14214.14,616.0,7555.61,9,7,1,OWN,credit_card,1
APP102394,44,45711.83,38.0,6534.29,590.0,704.33,10,8,4,MORTGAGE,credit_card,1
APP102395,53,21842.66,18.0,8065.52,679.0,4007.86,7,6,0,RENT,debt_consolidation,0
APP102396,67,27039.57,2.0,1985.75,684.0,7213.5,6,29,1,RENT,home_improvement,0
APP102397,35,107041.39,4.0,9229.12,511.0,8691.52,12,2,1,MORTGAGE,credit_card,1
APP102398,33,31996.1,1.0,16020.53,611.0,4517.44,13,13,0,RENT,car,1
APP102399,57,25082.18,5.0,8582.64,476.0,4050.92,0,26,0,RENT,debt_consolidation,1
APP102400,21,64620.78,16.0,6946.21,595.0,7738.43,14,15,2,RENT,home_improvement,1
APP102401,48,22610.32,11.0,8277.96,599.0,10514.71,13,1,1,RENT,debt_consolidation,1
APP102402,57,29035.96,12.0,20521.32,673.0,14819.38,8,11,3,MORTGAGE,debt_consolidation,1
APP102403,47,67814.15,30.0,9579.5,586.0,1749.96,7,18,3,RENT,other,1
APP102404,39,37100.43,19.0,30174.42,605.0,4185.93,6,3,2,MORTGAGE,home_improvement,1
APP102405,61,16633.96,29.0,7027.31,754.0,849.95,7,22,1,OWN,credit_card,0
APP102406,39,47667.01,21.0,11274.95,815.0,1645.83,2,19,2,MORTGAGE,debt_consolidation,0
APP102407,55,29785.2,8.0,7630.88,576.0,2798.13,5,7,4,RENT,debt_consolidation,1
APP102408,43,78427.17,37.0,34361.49,731.0,9818.36,14,23,1,MORTGAGE,debt_consolidation,0
APP102409,22,26820.09,19.0,11023.92,681.0,3345.21,7,11,1,MORTGAGE,credit_card,1
APP102410,46,61427.51,33.0,35484.3,510.0,3900.38,5,11,3,MORTGAGE,debt_consolidation,1
APP102411,23,88242.94,3.0,7691.9,586.0,6248.05,3,8,0,RENT,credit_card,1
APP102412,66,23730.78,33.0,24749.18,407.0,2874.26,11,11,0,OWN,debt_consolidation,1
APP102413,50,32971.32,28.0,10623.27,675.0,996.51,7,24,0,OWN,business,0
APP102414,39,44104.3,9.0,16350.17,563.0,2706.09,8,0,0,RENT,home_improvement,1
APP102415,44,23654.94,31.0,4760.81,660.0,4462.31,5,29,4,MORTGAGE,home_improvement,1
APP102416,51,41570.56,29.0,12198.26,850.0,7149.3,0,22,1,RENT,credit_card,0
APP102417,33,32452.73,35.0,5211.0,777.0,4166.74,4,29,0,OWN,debt_consolidation,0
APP102418,35,32127.45,8.0,11547.89,588.0,7054.82,8,19,0,RENT,credit_card,1
APP102419,41,37215.07,35.0,3979.72,569.0,10298.62,3,2,2,OWN,home_improvement,1
APP102420,33,37632.84,30.0,9353.91,753.0,12045.54,7,22,0,OWN,car,0
APP102421,58,39416.52,13.0,19098.54,569.0,5641.17,12,20,2,OWN,other,1
APP102422,26,26918.98,14.0,13746.4,729.0,1978.85,2,14,1,OWN,home_improvement,0
APP102423,61,27513.01,10.0,4720.31,850.0,1815.27,12,17,1,RENT,car,0
APP102424,38,34224.81,19.0,3168.36,704.0,1955.7,2,10,1,RENT,credit_card,0
APP102425,48,35511.83,35.0,13335.26,744.0,2079.93,7,27,2,RENT,debt_consolidation,0
APP102426,28,29160.65,33.0,25558.35,735.0,5321.58,9,26,1,OWN,home_improvement,0
APP102427,39,42700.67,5.0,5550.44,605.0,22246.81,3,17,0,RENT,car,1
APP102428,57,14656.21,5.0,34837.25,673.0,5822.73,3,28,2,OWN,debt_consolidation,1
APP102429,34,25204.22,2.0,9858.65,573.0,4595.37,6,13,0,OWN,business,1
APP102430,27,31572.32,24.0,3055.76,753.0,10609.58,0,6,2,RENT,credit_card,0
APP102431,46,23669.5,12.0,3879.54,563.0,2532.97,13,13,0,OWN,home_improvement,0
APP102432,28,82010.21,30.0,15708.69,706.0,11312.1,3,27,3,RENT,credit_card,0
APP102433,36,36659.61,30.0,10697.24,740.0,10660.83,11,25,2,RENT,home_improvement,1
APP102434,43,39671.36,7.0,24084.71,610.0,5152.3,4,0,0,OWN,car,1
APP102435,48,28520.68,27.0,4822.87,592.0,26238.86,12,20,0,RENT,debt_consolidation,1
APP102436,52,36030.12,30.0,10626.4,636.0,11994.28,2,24,0,MORTGAGE,car,0
APP102437,54,19778.95,39.0,9937.36,578.0,5096.51,10,2,5,MORTGAGE,credit_card,1
APP102438,62,33359.29,28.0,9083.29,662.0,4381.2,10,16,1,RENT,home_improvement,1
APP102439,24,22731.25,14.0,7867.03,576.0,3478.9,10,28,1,RENT,home_improvement,1
APP102440,38,31612.19,39.0,7961.56,582.0,4426.69,0,11,1,RENT,business,1
APP102441,21,10097.49,11.0,10990.51,693.0,4530.38,2,20,2,RENT,debt_consolidation,0
APP102442,21,20660.9,32.0,11867.38,699.0,3806.28,13,11,1,MORTGAGE,credit_card,0
APP102443,31,75505.68,15.0,11516.59,626.0,4141.54,5,4,0,RENT,debt_consolidation,0
APP102444,50,55006.07,37.0,20406.17,518.0,1893.17,12,11,1,MORTGAGE,credit_card,0
APP102445,64,70229.21,31.0,4813.76,743.0,3119.69,12,14,2,OWN,car,0
APP102446,58,72682.84,23.0,3337.54,614.0,1369.49,10,12,2,MORTGAGE,credit_card,0
APP102447,52,50842.8,8.0,18218.25,,6846.86,2,7,0,OWN,home_improvement,0
APP102448,59,28956.95,,5618.87,639.0,5239.84,5,28,3,MORTGAGE,car,1
APP102449,29,21620.01,37.0,7881.82,660.0,4455.66,1,17,1,OWN,credit_card,0
APP102450,62,64432.43,32.0,6855.05,615.0,9986.47,0,19,1,OWN,car,1
APP102451,64,37507.04,20.0,6767.54,669.0,2463.07,12,16,2,RENT,debt_consolidation,0
APP102452,25,126375.31,35.0,4125.91,850.0,2783.14,7,10,0,RENT,car,0
APP102453,44,30256.04,31.0,7032.4,622.0,1502.72,11,29,2,MORTGAGE,business,1
APP102454,61,97386.99,15.0,14612.0,752.0,11141.31,2,12,3,RENT,car,1
APP102455,44,33577.25,33.0,9873.81,657.0,7977.86,2,1,1,MORTGAGE,credit_card,0
APP102456,62,70829.04,31.0,13395.9,743.0,14237.99,8,13,0,MORTGAGE,credit_card,0
APP102457,66,84825.02,19.0,7349.23,495.0,17431.89,7,13,0,MORTGAGE,debt_consolidation,1
APP102458,44,21775.16,0.0,17012.57,805.0,3499.97,6,11,1,OWN,credit_card,0
APP102459,23,28495.49,29.0,7295.28,677.0,2782.43,0,5,0,MORTGAGE,credit_card,0
APP102460,37,21666.24,13.0,2792.98,628.0,1168.68,3,14,2,MORTGAGE,home_improvement,0
APP102461,31,19634.19,14.0,11967.79,722.0,2041.85,2,0,1,MORTGAGE,debt_consolidation,0
APP102462,44,50692.51,28.0,15684.54,661.0,3789.83,2,10,2,MORTGAGE,debt_consolidation,1
APP102463,49,32915.07,32.0,7075.95,558.0,945.05,3,23,2,MORTGAGE,car,1
APP102464,43,37278.91,3.0,20323.31,456.0,2075.87,9,21,0,RENT,car,1
APP102465,30,47959.85,32.0,5940.71,796.0,4599.63,10,22,1,RENT,debt_consolidation,0
APP102466,35,,11.0,14800.79,632.0,10044.19,12,4,1,RENT,home_improvement,1
APP102467,54,69105.04,22.0,28194.03,600.0,2769.26,4,28,2,MORTGAGE,car,0
APP102468,22,30499.11,34.0,10117.67,607.0,5444.62,8,5,2,MORTGAGE,credit_card,1
APP102469,31,47391.62,8.0,8639.59,767.0,21829.26,12,17,1,RENT,credit_card,0
APP102470,64,49531.12,8.0,9289.1,610.0,1158.83,7,29,0,OWN,debt_consolidation,0
APP102471,25,72070.37,38.0,26290.88,701.0,11715.85,0,7,0,OWN,debt_consolidation,0
APP102472,41,34460.58,14.0,12602.74,623.0,6664.95,7,2,2,MORTGAGE,credit_card,1
APP102473,31,12558.85,37.0,35829.31,549.0,13537.58,0,10,1,MORTGAGE,home_improvement,1
APP102474,26,37367.77,14.0,11702.42,722.0,10652.12,5,0,2,OWN,car,1
APP102475,41,40149.02,24.0,6685.67,738.0,2891.23,4,18,0,OWN,credit_card,0
APP102476,46,21652.36,20.0,6973.66,595.0,4921.86,13,23,1,MORTGAGE,credit_card,1
APP102477,29,39094.82,39.0,10269.82,646.0,1527.77,10,18,4,MORTGAGE,other,1
APP102478,24,30317.82,22.0,2907.96,657.0,3234.57,9,7,0,RENT,business,0
APP102479,27,18557.38,20.0,7442.83,685.0,5031.12,14,1,0,RENT,debt_consolidation,0
APP102480,52,50804.61,18.0,7542.59,807.0,6265.85,14,9,1,OWN,car,0
APP102481,63,27395.59,15.0,11428.6,624.0,9242.33,4,27,4,RENT,home_improvement,1
APP102482,29,29637.93,17.0,31732.32,623.0,17436.86,8,10,2,OWN,home_improvement,1
APP102483,36,28816.71,18.0,10228.06,635.0,3468.8,8,27,0,MORTGAGE,home_improvement,0
APP102484,37,67355.46,30.0,3122.55,574.0,12281.07,0,29,2,MORTGAGE,credit_card,1
APP102485,38,35580.11,1.0,5719.61,512.0,6086.58,0,23,2,MORTGAGE,car,1
APP102486,32,37780.56,20.0,11583.91,660.0,1726.87,5,7,3,MORTGAGE,home_improvement,1
APP102487,23,29134.61,21.0,10465.05,692.0,4357.6,0,7,3,RENT,car,1
APP102488,46,45772.26,30.0,26230.37,650.0,5392.17,10,4,1,MORTGAGE,car,0
APP102489,38,71300.53,26.0,17606.9,644.0,2516.54,0,10,1,RENT,credit_card,0
APP102490,37,50208.04,17.0,17293.21,578.0,2137.83,3,14,0,RENT,debt_consolidation,1
APP102491,33,51196.86,4.0,8688.19,670.0,2081.14,1,21,1,MORTGAGE,debt_consolidation,0
APP102492,66,49173.74,,19138.79,663.0,3181.67,7,1,1,RENT,home_improvement,0
APP102493,50,18212.78,10.0,5781.66,687.0,2460.93,13,9,1,MORTGAGE,credit_card,1
APP102494,41,23433.94,8.0,17693.92,675.0,13151.96,0,10,0,MORTGAGE,car,1
APP102495,31,32777.79,28.0,8354.44,681.0,691.67,9,11,1,OWN,debt_consolidation,0
APP102496,60,25262.29,19.0,4151.41,755.0,5372.33,8,17,1,RENT,debt_consolidation,0
APP102497,64,21327.05,31.0,14128.4,695.0,7499.95,13,20,1,MORTGAGE,car,0
APP102498,22,14241.45,5.0,22891.62,688.0,2275.01,8,28,2,RENT,other,0
APP102499,66,18522.39,39.0,7754.58,510.0,4082.52,12,1,0,MORTGAGE,car,1
APP102500,55,31943.92,18.0,25277.17,734.0,3738.05,10,5,0,RENT,credit_card,0
APP102501,25,35076.51,10.0,3664.46,626.0,4619.76,11,4,0,MORTGAGE,business,1
APP102502,57,24427.7,14.0,4826.73,656.0,8352.76,7,8,0,MORTGAGE,debt_consolidation,0
APP102503,26,37777.26,33.0,9063.08,548.0,7775.28,5,1,2,RENT,car,1
APP102504,23,29233.87,28.0,7923.13,817.0,3041.23,7,11,0,RENT,debt_consolidation,0
APP102505,26,62647.98,6.0,6632.39,452.0,1475.04,2,7,0,MORTGAGE,debt_consolidation,1
APP102506,43,33496.19,39.0,10723.65,769.0,5608.59,10,15,1,OWN,credit_card,0
APP102507,51,51439.7,5.0,7207.27,684.0,2906.37,1,14,0,MORTGAGE,debt_consolidation,1
APP102508,40,40199.38,11.0,7979.37,497.0,3222.12,13,19,1,RENT,credit_card,1
APP102509,26,18015.08,29.0,11696.62,812.0,5876.74,0,25,0,MORTGAGE,credit_card,0
APP102510,30,34706.11,21.0,6630.78,691.0,3470.11,1,3,3,RENT,credit_card,1
APP102511,62,19578.51,17.0,9287.17,461.0,6281.55,2,5,2,MORTGAGE,credit_card,1
APP102512,68,34404.39,37.0,6718.88,616.0,36690.94,2,21,0,OWN,debt_consolidation,0
APP102513,57,25020.1,31.0,4801.23,692.0,8507.26,0,10,3,RENT,car,0
APP102514,26,43957.63,38.0,15649.92,787.0,14413.47,14,27,1,MORTGAGE,car,0
APP102515,61,18561.09,11.0,27575.33,617.0,7396.15,10,0,1,MORTGAGE,car,1
APP102516,54,36583.44,34.0,18746.14,438.0,5227.53,4,3,3,RENT,home_improvement,1
APP102517,46,48349.34,8.0,12076.66,766.0,7486.46,5,13,0,OWN,credit_card,0
APP102518,28,57170.76,32.0,6735.07,689.0,7200.07,3,15,0,MORTGAGE,car,0
APP102519,69,24783.07,21.0,8331.92,471.0,9801.05,7,0,1,OWN,business,1
APP102520,42,36639.26,23.0,18661.4,677.0,5153.82,5,14,2,OWN,car,0
APP102521,23,39817.97,4.0,2517.72,685.0,1725.63,7,9,1,MORTGAGE,debt_consolidation,1
APP102522,31,78712.96,35.0,7958.88,624.0,1518.51,5,19,3,OWN,debt_consolidation,0
APP102523,40,17315.11,11.0,15374.56,583.0,7108.08,4,24,1,MORTGAGE,home_improvement,1
APP102524,24,23027.6,23.0,4999.19,601.0,1996.29,7,17,0,RENT,credit_card,0
APP102525,36,147595.58,6.0,12759.52,623.0,8511.23,1,28,1,OWN,credit_card,0
APP102526,43,31680.33,,12409.2,678.0,14341.65,8,16,2,MORTGAGE,business,1
APP102527,67,14108.08,12.0,4135.65,713.0,4119.44,8,11,0,MORTGAGE,car,1
APP102528,25,27138.94,30.0,10427.34,478.0,12952.93,1,3,1,MORTGAGE,credit_card,1
APP102529,49,9095.76,30.0,6833.09,670.0,6045.99,12,8,1,MORTGAGE,credit_card,1
APP102530,65,40964.47,22.0,12703.84,689.0,5017.75,14,10,1,MORTGAGE,debt_consolidation,0
APP102531,60,54442.06,4.0,14792.47,663.0,5209.7,11,22,2,OWN,other,1
APP102532,66,23021.15,11.0,12573.71,617.0,2528.34,14,13,1,RENT,debt_consolidation,0
APP102533,29,28699.59,24.0,10337.73,763.0,2282.65,13,20,0,OWN,car,0
APP102534,60,57631.64,21.0,11770.16,757.0,1319.18,11,4,1,RENT,debt_consolidation,0
APP102535,68,15136.92,23.0,4887.13,620.0,2734.0,5,11,3,RENT,car,0
APP102536,36,18754.98,9.0,9716.19,643.0,27214.77,3,23,2,OWN,credit_card,1
APP102537,45,,21.0,6137.12,711.0,1488.18,12,27,1,OWN,credit_card,0
APP102538,47,24930.13,3.0,18378.25,752.0,1917.49,7,11,3,RENT,car,0
APP102539,45,31353.04,19.0,14912.32,584.0,2579.96,10,13,2,OWN,debt_consolidation,1
APP102540,35,19305.1,3.0,14886.96,566.0,2678.67,13,8,2,MORTGAGE,debt_consolidation,1
APP102541,68,40423.1,26.0,27669.75,671.0,6096.43,14,28,2,OWN,debt_consolidation,1
APP102542,67,33704.39,22.0,8119.42,560.0,3012.58,10,3,1,MORTGAGE,debt_consolidation,1
APP102543,39,47791.13,34.0,7119.52,494.0,4193.07,4,26,2,OWN,business,1
APP102544,60,40142.86,18.0,8005.13,584.0,2490.9,1,20,0,RENT,debt_consolidation,0
APP102545,40,40269.31,6.0,3784.46,683.0,3360.42,12,28,0,MORTGAGE,car,0
APP102546,59,17620.99,9.0,3967.34,774.0,4685.65,0,4,0,RENT,car,0
APP102547,49,46457.62,32.0,14366.61,593.0,4413.2,7,3,0,MORTGAGE,debt_consolidation,0
APP102548,44,30778.35,38.0,4285.17,640.0,23971.27,4,5,1,MORTGAGE,debt_consolidation,1
APP102549,27,33413.02,2.0,5192.93,662.0,4805.18,6,8,3,RENT,car,1
APP102550,53,61336.61,27.0,9311.15,598.0,4155.58,13,6,0,RENT,home_improvement,1
APP102551,36,25343.62,19.0,7728.45,591.0,666.76,6,11,3,RENT,car,1
APP102552,31,71367.09,10.0,16837.96,676.0,5954.73,2,8,2,MORTGAGE,car,1
APP102553,30,74774.91,20.0,10262.76,554.0,1012.25,6,22,1,MORTGAGE,debt_consolidation,1
APP102554,69,52912.36,37.0,6129.81,588.0,7641.55,1,8,0,RENT,home_improvement,1
APP102555,26,22240.93,,17729.4,633.0,5507.87,13,8,1,MORTGAGE,debt_consolidation,1
APP102556,60,12171.51,33.0,15325.52,675.0,9305.1,0,25,3,OWN,business,0
APP102557,63,62281.36,3.0,4244.63,528.0,2958.56,14,6,2,MORTGAGE,credit_card,1
APP102558,22,38395.38,28.0,11514.47,639.0,5022.0,3,10,0,MORTGAGE,credit_card,1
APP102559,49,25019.26,2.0,6444.32,546.0,8438.95,9,10,0,OWN,debt_consolidation,1
APP102560,49,65302.21,2.0,6343.19,595.0,2336.39,13,13,3,OWN,home_improvement,1
APP102561,38,23605.16,1.0,30385.14,713.0,8006.65,2,9,2,OWN,car,1
APP102562,53,29375.68,32.0,10663.3,644.0,7718.73,13,17,1,OWN,debt_consolidation,0
APP102563,41,47213.97,22.0,8686.08,783.0,4412.1,6,24,0,RENT,other,0
APP102564,42,20810.2,27.0,10414.67,644.0,17375.68,7,13,0,MORTGAGE,debt_consolidation,0
APP102565,42,34381.01,6.0,16723.06,727.0,7423.77,5,29,3,MORTGAGE,car,1
APP102566,60,62603.01,36.0,6496.62,713.0,1287.78,14,19,0,RENT,debt_consolidation,0
APP102567,52,40358.42,32.0,7197.51,648.0,10839.48,10,9,0,MORTGAGE,debt_consolidation,0
APP102568,39,67759.04,19.0,14676.5,544.0,2903.04,5,7,2,OWN,debt_consolidation,1
APP102569,66,64010.42,35.0,3984.5,641.0,9303.49,1,1,1,MORTGAGE,debt_consolidation,0
APP102570,60,36456.29,5.0,17934.17,607.0,6225.58,13,0,0,RENT,business,1
APP102571,66,11289.51,11.0,3777.78,604.0,593.84,9,21,0,OWN,home_improvement,1
APP102572,56,20891.84,1.0,8540.2,662.0,7973.6,1,22,0,RENT,other,0
APP102573,40,53192.2,6.0,3792.19,,4116.16,7,14,3,MORTGAGE,debt_consolidation,1
APP102574,58,16728.59,33.0,5251.39,580.0,3403.1,3,4,1,MORTGAGE,debt_consolidation,0
APP102575,37,30842.65,16.0,21560.11,569.0,3506.04,3,13,0,OWN,debt_consolidation,1
APP102576,34,43012.25,25.0,18521.26,629.0,9238.21,7,16,1,MORTGAGE,car,1
APP102577,43,75719.07,35.0,19747.72,588.0,2351.91,0,10,0,MORTGAGE,credit_card,0
APP102578,68,27241.32,30.0,4148.94,,11975.58,3,14,3,RENT,home_improvement,1
APP102579,48,26324.52,15.0,5267.79,660.0,1457.21,0,14,1,RENT,credit_card,1
APP102580,39,35375.58,13.0,12135.9,614.0,6226.41,14,3,0,RENT,credit_card,1
APP102581,43,,4.0,15202.12,650.0,9117.51,13,4,3,RENT,home_improvement,0
APP102582,35,33620.01,33.0,6125.97,560.0,8940.25,2,1,1,RENT,debt_consolidation,1
APP102583,53,,39.0,6992.88,583.0,5694.53,8,18,1,OWN,business,1
APP102584,38,24353.43,20.0,5020.03,813.0,4165.38,3,26,0,RENT,credit_card,0
APP102585,48,38564.23,19.0,26767.59,594.0,3165.33,8,27,1,RENT,debt_consolidation,1
APP102586,39,45370.0,33.0,7442.98,481.0,1848.38,6,19,2,MORTGAGE,car,1
APP102587,36,29729.16,,10084.71,677.0,2839.73,0,27,2,RENT,other,1
APP102588,68,55262.78,16.0,10406.51,593.0,2277.64,11,11,0,RENT,credit_card,0
APP102589,37,39123.53,35.0,19213.57,669.0,1997.69,11,22,2,OWN,credit_card,0
APP102590,24,53875.06,15.0,5588.8,642.0,20805.41,0,15,3,OWN,debt_consolidation,1
APP102591,39,40016.7,37.0,19949.44,693.0,1241.98,3,11,1,RENT,debt_consolidation,0
APP102592,47,43835.63,6.0,4595.2,642.0,12093.31,1,20,2,MORTGAGE,debt_consolidation,1
APP102593,25,26470.97,19.0,19919.06,631.0,1827.67,5,27,3,OWN,other,1
APP102594,35,26492.43,19.0,3536.24,741.0,2169.6,6,14,1,RENT,business,0
APP102595,29,66983.27,12.0,9295.32,472.0,2141.41,9,19,0,MORTGAGE,car,1
APP102596,45,49898.95,38.0,26245.83,543.0,2021.55,9,6,1,RENT,business,1
APP102597,56,21774.99,19.0,15038.27,583.0,10283.38,2,15,2,MORTGAGE,home_improvement,1
APP102598,68,39752.65,35.0,12743.1,514.0,7869.06,7,19,1,RENT,credit_card,1
APP102599,40,11082.38,8.0,5276.14,611.0,4080.28,11,8,2,RENT,debt_consolidation,1
APP102600,63,27256.03,13.0,6368.5,603.0,42868.21,13,23,1,MORTGAGE,car,1
APP102601,31,58718.72,19.0,22173.15,727.0,4849.44,12,22,1,MORTGAGE,home_improvement,0
APP102602,59,34112.77,22.0,13139.83,642.0,5155.92,4,25,0,OWN,credit_card,0
APP102603,48,38520.9,9.0,16884.47,632.0,2839.8,7,23,0,OWN,home_improvement,0
APP102604,58,8036.99,12.0,10345.18,619.0,2581.73,2,18,0,RENT,home_improvement,0
APP102605,58,29848.0,24.0,8357.89,565.0,3208.34,5,16,1,RENT,credit_card,1
APP102606,47,43007.77,11.0,15677.74,721.0,9714.58,4,28,0,OWN,debt_consolidation,0
APP102607,33,45827.74,30.0,11563.53,746.0,7761.24,3,8,0,MORTGAGE,debt_consolidation,0
APP102608,46,58757.72,19.0,8937.61,,13800.8,13,1,1,MORTGAGE,debt_consolidation,1
APP102609,61,32691.52,38.0,4236.94,779.0,2769.27,10,11,0,RENT,debt_consolidation,0
APP102610,68,33428.77,9.0,17541.85,596.0,7876.25,12,12,1,RENT,credit_card,1
APP102611,66,18656.34,33.0,12887.53,589.0,6275.49,5,18,3,MORTGAGE,debt_consolidation,1
APP102612,29,32785.42,19.0,6879.1,687.0,6956.01,5,4,1,RENT,debt_consolidation,0
APP102613,50,19326.11,3.0,20081.45,694.0,2462.62,12,6,1,MORTGAGE,credit_card,1
APP102614,26,14415.58,28.0,11456.21,644.0,2140.97,0,27,1,MORTGAGE,debt_consolidation,0
APP102615,53,21108.06,8.0,11591.64,622.0,7565.17,10,14,1,RENT,car,1
APP102616,69,77214.49,5.0,16820.23,743.0,9880.05,10,13,3,OWN,credit_card,1
APP102617,23,31720.53,21.0,14782.86,600.0,2996.96,5,1,0,OWN,debt_consolidation,0
APP102618,53,40535.71,31.0,11804.13,644.0,8000.25,14,0,0,MORTGAGE,debt_consolidation,0
APP102619,67,28092.33,10.0,8838.29,785.0,12829.46,3,24,5,RENT,debt_consolidation,1
APP102620,62,14834.7,24.0,32539.13,543.0,3679.61,5,19,1,MORTGAGE,debt_consolidation,1
APP102621,40,57991.78,0.0,6372.32,613.0,1554.56,5,11,3,OWN,debt_consolidation,1
APP102622,26,12257.59,7.0,15484.32,732.0,1718.09,5,11,1,MORTGAGE,debt_consolidation,0
APP102623,66,27518.22,30.0,9411.47,692.0,2860.59,5,13,2,MORTGAGE,debt_consolidation,0
APP102624,66,35337.24,0.0,13001.61,721.0,3439.87,7,24,0,RENT,home_improvement,0
APP102625,49,40751.37,14.0,20744.86,544.0,4774.71,14,26,1,RENT,debt_consolidation,0
APP102626,68,25254.64,20.0,8209.55,675.0,4852.97,7,12,0,MORTGAGE,debt_consolidation,0
APP102627,21,14487.18,2.0,14201.48,627.0,3952.53,9,11,1,MORTGAGE,credit_card,1
APP102628,51,24329.71,39.0,11606.66,831.0,8462.4,10,12,0,MORTGAGE,credit_card,0
APP102629,22,24974.76,20.0,6735.98,714.0,2674.13,9,14,1,OWN,credit_card,0
APP102630,66,24672.71,13.0,21054.29,648.0,13517.49,4,9,0,RENT,other,1
APP102631,54,58984.46,39.0,15164.5,672.0,10425.95,4,8,1,MORTGAGE,debt_consolidation,0
APP102632,65,19795.28,22.0,7625.63,654.0,9832.47,5,13,1,OWN,business,1
APP102633,48,42213.26,27.0,19190.22,705.0,2899.8,5,24,3,MORTGAGE,debt_consolidation,0
APP102634,25,39306.63,3.0,6009.81,581.0,4477.68,12,8,3,RENT,credit_card,1
APP102635,22,58701.91,6.0,9726.79,759.0,8762.83,6,13,3,OWN,debt_consolidation,1
APP102636,37,33976.83,1.0,7650.04,544.0,4188.38,13,7,1,RENT,home_improvement,1
APP102637,57,53936.65,20.0,15534.01,666.0,2809.27,14,14,1,MORTGAGE,other,0
APP102638,28,33319.23,33.0,7421.9,584.0,2720.55,10,3,1,OWN,home_improvement,1
APP102639,62,45125.21,36.0,15600.99,653.0,2828.65,10,14,1,RENT,credit_card,0
APP102640,32,17129.02,22.0,14138.77,729.0,1941.57,1,21,3,OWN,car,1
APP102641,45,9709.51,2.0,7901.84,513.0,48838.93,2,20,0,OWN,debt_consolidation,1
APP102642,30,43860.68,25.0,29668.19,636.0,1030.86,10,18,0,MORTGAGE,car,0
APP102643,43,45052.85,25.0,6328.76,534.0,2242.55,14,16,0,OWN,debt_consolidation,1
APP102644,43,46062.35,23.0,4249.65,627.0,7917.4,12,18,1,OWN,business,0
APP102645,21,27932.15,28.0,16542.03,534.0,2849.44,4,13,1,RENT,business,0
APP102646,48,76485.86,22.0,2725.36,662.0,3709.42,10,28,0,OWN,credit_card,0
APP102647,59,28855.65,28.0,24223.78,615.0,6742.27,9,19,3,RENT,debt_consolidation,0
APP102648,66,44821.33,19.0,10520.2,709.0,11224.83,0,8,0,RENT,debt_consolidation,0
APP102649,37,48889.51,6.0,4204.07,748.0,3949.19,13,19,0,RENT,car,0
APP102650,64,85765.33,3.0,5602.24,650.0,10276.58,5,9,2,RENT,credit_card,1
APP102651,64,30992.02,36.0,3712.82,721.0,1264.03,9,21,1,MORTGAGE,credit_card,0
APP102652,69,26197.09,17.0,12453.16,760.0,3026.67,5,10,5,RENT,home_improvement,1
APP102653,39,17170.14,12.0,4464.23,576.0,7301.65,13,14,3,MORTGAGE,debt_consolidation,1
APP102654,62,78919.49,11.0,13376.48,764.0,23826.47,7,17,1,RENT,home_improvement,0
APP102655,48,44833.26,2.0,8242.88,,2270.34,12,29,1,OWN,credit_card,0
APP102656,23,45548.39,37.0,7441.16,571.0,1972.08,14,16,1,OWN,other,0
APP102657,34,172534.44,3.0,13434.85,673.0,6458.3,0,17,5,RENT,other,1
APP102658,53,42724.27,8.0,14387.38,644.0,5128.38,6,27,1,OWN,credit_card,0
APP102659,28,18936.36,18.0,19682.43,537.0,2766.27,10,23,0,RENT,credit_card,0
APP102660,42,32927.0,14.0,6766.46,561.0,1856.87,12,0,1,OWN,debt_consolidation,1
APP102661,58,22305.95,1.0,9721.69,780.0,3258.06,10,13,2,RENT,credit_card,0
APP102662,28,29794.1,13.0,6760.17,672.0,7457.61,9,21,0,RENT,car,0
APP102663,45,29694.15,31.0,10913.9,768.0,3764.76,5,10,4,MORTGAGE,car,1
APP102664,31,27078.3,10.0,6204.48,616.0,12543.15,2,7,1,RENT,debt_consolidation,1
APP102665,47,18094.42,34.0,7673.61,585.0,4408.03,13,15,3,RENT,business,1
APP102666,32,80519.19,14.0,7697.11,515.0,7952.2,0,5,1,RENT,debt_consolidation,1
APP102667,68,42168.3,0.0,11801.91,727.0,6141.22,12,17,1,OWN,business,0
APP102668,24,32443.78,4.0,9914.69,682.0,3558.4,0,20,1,OWN,credit_card,1
APP102669,68,53040.92,32.0,13410.34,617.0,9571.01,5,9,0,MORTGAGE,debt_consolidation,0
APP102670,59,45960.32,16.0,9281.72,586.0,1855.99,12,19,0,OWN,car,1
APP102671,62,41682.86,39.0,6989.39,740.0,3156.26,3,22,1,OWN,business,0
APP102672,62,51149.04,31.0,11100.77,635.0,3529.41,3,8,0,MORTGAGE,other,1
APP102673,30,38830.74,1.0,5708.37,636.0,6669.04,3,12,1,OWN,car,1
APP102674,66,50772.53,12.0,13925.75,601.0,8140.95,10,17,1,OWN,other,0
APP102675,50,52921.03,28.0,8339.19,617.0,2560.24,3,19,2,RENT,credit_card,1
APP102676,68,,2.0,11189.28,694.0,2287.29,10,18,4,RENT,business,1
APP102677,64,32526.25,39.0,11293.86,536.0,5233.62,8,8,0,MORTGAGE,credit_card,1
APP102678,49,78057.34,,25872.28,656.0,1436.38,13,3,2,OWN,debt_consolidation,1
APP102679,39,28596.78,31.0,12443.46,726.0,11006.8,9,14,2,MORTGAGE,other,0
APP102680,26,44163.63,33.0,10341.62,643.0,4109.0,6,9,2,MORTGAGE,debt_consolidation,1
APP102681,25,44665.39,20.0,6532.71,734.0,1928.25,2,10,3,MORTGAGE,debt_consolidation,0
APP102682,40,26774.92,32.0,16017.4,757.0,1897.97,6,23,3,MORTGAGE,credit_card,0
APP102683,60,24247.99,35.0,8415.89,722.0,6313.89,8,12,2,MORTGAGE,home_improvement,0
APP102684,45,30426.65,29.0,3962.82,607.0,6178.68,13,27,2,MORTGAGE,credit_card,0
APP102685,44,28392.82,28.0,8803.87,647.0,2657.8,3,20,2,MORTGAGE,home_improvement,0
APP102686,32,17517.13,15.0,11102.15,677.0,4486.83,5,5,1,MORTGAGE,home_improvement,1
APP102687,48,26219.34,11.0,6056.56,612.0,1991.48,13,4,0,OWN,car,1
APP102688,52,41486.01,34.0,9219.65,609.0,3996.87,13,19,0,OWN,other,0
APP102689,69,68389.31,8.0,9481.62,604.0,16001.44,12,7,3,MORTGAGE,home_improvement,1
APP102690,56,47915.56,16.0,9570.64,850.0,27023.13,2,28,0,MORTGAGE,debt_consolidation,0
APP102691,50,9899.43,20.0,20760.04,628.0,4148.87,1,10,0,RENT,debt_consolidation,0
APP102692,65,50043.7,15.0,4505.55,735.0,6942.89,5,0,0,OWN,home_improvement,0
APP102693,41,27472.04,14.0,33532.87,580.0,6726.89,3,8,3,RENT,credit_card,1
APP102694,66,,,9704.05,786.0,1240.38,4,25,0,MORTGAGE,credit_card,0
APP102695,39,36059.74,13.0,14018.41,619.0,1958.85,14,5,2,OWN,credit_card,1
APP102696,27,32979.99,39.0,10686.13,654.0,770.84,8,13,2,OWN,credit_card,0
APP102697,41,34505.78,7.0,3513.56,503.0,7039.26,4,24,2,MORTGAGE,credit_card,1
APP102698,27,35910.6,15.0,5250.37,739.0,23302.3,10,26,2,RENT,home_improvement,0
APP102699,26,71125.59,33.0,7225.95,756.0,11529.56,12,4,0,RENT,car,0
APP102700,64,35960.27,19.0,17965.92,555.0,5092.88,6,23,1,OWN,credit_card,1
APP102701,59,62490.39,28.0,4313.08,743.0,4549.69,0,19,2,RENT,debt_consolidation,0
APP102702,31,58101.86,25.0,5922.76,543.0,3707.47,7,5,0,OWN,credit_card,1
APP102703,62,50691.97,13.0,10926.11,700.0,11472.8,5,13,2,RENT,business,0
APP102704,24,14863.9,29.0,13143.91,626.0,5840.23,2,3,2,OWN,business,1
APP102705,34,63469.6,9.0,12908.39,756.0,5166.59,9,4,0,MORTGAGE,other,0
APP102706,55,28884.18,29.0,5484.04,669.0,2033.22,11,26,1,MORTGAGE,car,0
APP102707,35,51940.99,5.0,3794.11,724.0,7949.48,5,8,0,MORTGAGE,car,1
APP102708,56,22331.05,27.0,13676.52,749.0,4359.06,5,10,1,MORTGAGE,credit_card,1
APP102709,63,20079.67,4.0,23385.57,626.0,6751.87,11,3,3,MORTGAGE,credit_card,1
APP102710,24,97557.22,34.0,8045.1,647.0,10929.94,2,10,1,OWN,car,1
APP102711,22,22505.35,25.0,4980.01,561.0,1328.89,14,2,2,MORTGAGE,debt_consolidation,1
APP102712,67,64411.88,1.0,7647.02,625.0,3879.7,6,23,0,MORTGAGE,car,0
APP102713,46,38530.68,4.0,12536.97,804.0,3454.76,7,10,1,RENT,credit_card,0
APP102714,45,29435.01,7.0,8605.13,710.0,3219.56,8,29,2,RENT,home_improvement,0
APP102715,43,35510.57,38.0,23024.55,566.0,2011.2,6,22,0,OWN,credit_card,1
APP102716,42,18947.98,,17239.91,780.0,2746.23,0,24,3,RENT,home_improvement,0
APP102717,54,36066.61,11.0,11054.61,681.0,2041.09,10,11,0,MORTGAGE,car,0
APP102718,49,21133.82,11.0,3063.78,716.0,9508.39,13,28,2,OWN,credit_card,0
APP102719,29,29800.43,1.0,6533.13,689.0,6647.08,11,17,1,RENT,car,1
APP102720,51,57679.08,8.0,7123.73,683.0,6288.41,10,4,4,MORTGAGE,debt_consolidation,1
APP102721,53,41237.17,34.0,6323.51,,1051.97,0,3,3,RENT,car,1
APP102722,26,17307.84,23.0,11097.7,738.0,23366.88,11,27,0,OWN,business,1
APP102723,39,55589.19,14.0,11235.85,469.0,3544.59,6,26,2,OWN,business,1
APP102724,59,36186.82,0.0,3624.8,731.0,19844.95,4,18,0,MORTGAGE,credit_card,1
APP102725,51,27692.24,13.0,16038.68,657.0,8949.08,7,9,0,RENT,credit_card,1
APP102726,27,52751.01,15.0,9993.34,716.0,4083.33,3,20,2,MORTGAGE,credit_card,0
APP102727,22,33402.85,4.0,12265.98,662.0,25199.1,4,5,0,MORTGAGE,debt_consolidation,1
APP102728,49,20275.52,24.0,15473.68,733.0,7738.04,12,25,1,MORTGAGE,business,0
APP102729,43,91482.67,26.0,6246.76,651.0,4094.19,11,10,0,MORTGAGE,debt_consolidation,0
APP102730,68,36002.95,39.0,21064.48,672.0,3594.35,8,11,2,MORTGAGE,debt_consolidation,1
APP102731,46,34867.39,14.0,9089.94,682.0,11221.23,13,29,2,RENT,car,0
APP102732,66,29656.82,11.0,24526.96,800.0,3199.63,2,25,0,RENT,debt_consolidation,0
APP102733,31,65511.62,32.0,5788.57,698.0,3630.58,12,18,2,OWN,car,0
APP102734,42,27932.91,14.0,23457.56,544.0,3048.61,7,2,2,MORTGAGE,car,1
APP102735,27,16772.74,25.0,5753.76,604.0,2685.13,9,3,1,MORTGAGE,debt_consolidation,1
APP102736,49,25865.39,29.0,45673.28,,2819.82,12,15,0,OWN,debt_consolidation,0
APP102737,30,70501.36,35.0,5590.92,750.0,20291.66,11,4,1,RENT,credit_card,1
APP102738,45,55053.8,12.0,18656.54,592.0,11004.52,14,7,0,RENT,debt_consolidation,0
APP102739,37,31968.05,24.0,7963.02,829.0,5932.87,3,22,0,OWN,home_improvement,0
APP102740,30,72159.02,,15199.43,664.0,3171.63,2,9,2,RENT,business,1
APP102741,25,52784.41,31.0,9659.38,683.0,3161.82,0,25,0,OWN,credit_card,0
APP102742,46,31783.59,1.0,5142.33,549.0,3665.43,10,21,1,MORTGAGE,debt_consolidation,1
APP102743,67,33424.52,27.0,1848.08,739.0,20561.24,7,2,0,OWN,home_improvement,1
APP102744,30,42815.65,8.0,44558.13,614.0,6202.65,9,1,0,OWN,debt_consolidation,1
APP102745,40,23957.97,18.0,10340.41,590.0,8937.68,6,8,0,OWN,credit_card,1
APP102746,32,36397.4,3.0,1692.36,624.0,5766.77,5,1,2,RENT,business,1
APP102747,60,42372.58,27.0,11867.57,760.0,2419.92,13,1,2,RENT,business,0
APP102748,41,15623.27,19.0,14969.23,687.0,5335.03,2,14,0,RENT,car,0
APP102749,68,33035.56,26.0,6444.3,578.0,2078.36,11,3,0,MORTGAGE,home_improvement,1
APP102750,33,31209.32,13.0,6470.36,607.0,12788.07,1,29,1,RENT,car,1
APP102751,24,60720.34,0.0,9780.0,762.0,2700.26,5,4,1,MORTGAGE,home_improvement,0
APP102752,49,14439.91,23.0,20364.66,631.0,3110.34,0,27,1,RENT,home_improvement,1
APP102753,52,30008.83,27.0,10508.88,694.0,9419.55,0,13,3,OWN,debt_consolidation,0
APP102754,69,28541.73,26.0,23811.77,714.0,2811.14,0,16,1,OWN,debt_consolidation,0
APP102755,63,58690.64,10.0,19510.96,376.0,4124.73,4,0,0,MORTGAGE,debt_consolidation,1
APP102756,64,35533.34,28.0,8627.66,751.0,595.77,14,23,0,RENT,credit_card,0
APP102757,52,89147.48,21.0,3857.16,581.0,3796.83,5,21,0,RENT,debt_consolidation,1
APP102758,38,50569.64,8.0,8638.61,621.0,7906.44,9,15,2,MORTGAGE,credit_card,1
APP102759,42,29581.03,4.0,13573.7,773.0,2977.62,10,12,2,OWN,home_improvement,1
APP102760,27,40938.63,13.0,10259.26,765.0,7688.06,13,15,1,MORTGAGE,car,0
APP102761,42,30423.35,0.0,14481.9,689.0,4851.65,13,12,2,MORTGAGE,home_improvement,1
APP102762,38,55809.43,28.0,16614.85,708.0,11734.26,0,25,1,OWN,home_improvement,0
APP102763,22,18655.59,0.0,13609.39,728.0,2729.89,3,28,1,RENT,credit_card,0
APP102764,31,24056.3,1.0,8390.06,764.0,4051.17,11,13,1,RENT,business,0
APP102765,47,45608.3,6.0,13520.06,774.0,1516.68,11,9,0,MORTGAGE,car,0
APP102766,39,67028.84,13.0,37846.38,658.0,4565.76,14,22,1,OWN,credit_card,1
APP102767,69,12076.49,0.0,4048.38,591.0,3507.84,10,1,1,MORTGAGE,debt_consolidation,1
APP102768,44,72202.91,25.0,13258.21,629.0,10594.54,8,16,2,MORTGAGE,car,0
APP102769,67,33858.06,5.0,29708.9,660.0,2981.59,5,12,0,RENT,credit_card,1
APP102770,53,14158.39,32.0,4891.46,645.0,3501.75,7,17,1,OWN,debt_consolidation,1
APP102771,22,8096.09,,18045.65,569.0,2863.66,0,14,2,RENT,home_improvement,1
APP102772,30,16904.02,3.0,19551.95,684.0,5022.74,10,22,2,MORTGAGE,credit_card,0
APP102773,55,35959.46,16.0,4080.16,524.0,24120.37,0,14,2,OWN,car,1
APP102774,47,35138.44,5.0,15175.19,656.0,299.41,9,6,2,RENT,debt_consolidation,1
APP102775,35,49841.35,39.0,8410.28,661.0,4730.29,9,13,1,MORTGAGE,credit_card,0
APP102776,46,27591.32,23.0,9544.62,659.0,12575.58,14,23,0,OWN,credit_card,0
APP102777,65,20868.16,,8143.92,718.0,3256.35,12,10,0,RENT,car,0
APP102778,40,29538.71,14.0,21755.32,707.0,7492.05,10,13,1,MORTGAGE,credit_card,0
APP102779,23,36930.95,5.0,9253.22,827.0,12605.65,9,16,1,MORTGAGE,debt_consolidation,0
APP102780,36,40757.14,9.0,7495.15,608.0,3940.49,4,15,2,OWN,business,1
APP102781,66,24475.25,16.0,7571.71,672.0,2915.93,11,26,0,RENT,business,0
APP102782,58,56995.26,30.0,8065.94,,10387.21,8,29,0,RENT,credit_card,0
APP102783,62,26616.9,17.0,5178.54,663.0,7304.87,7,10,1,RENT,business,0
APP102784,65,23509.06,37.0,7455.59,548.0,4675.56,9,19,0,MORTGAGE,credit_card,1
APP102785,26,27689.38,14.0,10621.14,555.0,8014.42,3,16,0,OWN,car,1
APP102786,34,62157.08,9.0,12614.84,650.0,10596.36,3,20,3,MORTGAGE,debt_consolidation,1
APP102787,23,33982.53,19.0,20382.33,523.0,4710.66,0,25,0,RENT,debt_consolidation,1
APP102788,21,25661.4,4.0,11436.75,623.0,6275.24,5,25,1,RENT,credit_card,1
APP102789,61,57702.39,26.0,7445.15,598.0,7464.95,12,11,1,MORTGAGE,credit_card,1
APP102790,66,106019.07,4.0,5395.8,,3396.52,1,28,1,MORTGAGE,debt_consolidation,0
APP102791,28,40329.61,25.0,11809.88,740.0,12712.97,7,4,3,MORTGAGE,debt_consolidation,0
APP102792,56,67300.38,15.0,9224.12,563.0,2154.42,12,21,1,MORTGAGE,home_improvement,1
APP102793,47,60964.01,14.0,9408.88,719.0,4424.89,13,12,1,RENT,credit_card,0
APP102794,24,26827.43,24.0,11585.59,604.0,9081.58,13,13,2,RENT,debt_consolidation,1
APP102795,65,36802.35,28.0,13516.05,614.0,2110.87,5,15,2,OWN,credit_card,1
APP102796,63,19124.54,37.0,11635.79,687.0,9868.11,5,20,2,OWN,debt_consolidation,0
APP102797,48,32778.53,11.0,8934.62,628.0,5722.92,4,26,0,RENT,debt_consolidation,0
APP102798,55,26553.18,32.0,6119.1,578.0,14187.87,6,8,2,MORTGAGE,car,1
APP102799,40,29689.75,33.0,6852.23,620.0,8024.29,10,25,0,MORTGAGE,debt_consolidation,0
APP102800,59,24960.57,39.0,16464.4,507.0,4314.69,10,25,0,OWN,credit_card,1
APP102801,42,31459.35,38.0,7675.96,680.0,5915.22,9,23,3,OWN,credit_card,0
APP102802,69,47387.62,31.0,4413.28,401.0,6087.66,6,21,0,MORTGAGE,other,1
APP102803,24,34209.34,11.0,19845.74,721.0,24800.6,10,11,1,OWN,debt_consolidation,1
APP102804,29,14297.12,27.0,5622.73,699.0,5259.3,5,7,1,RENT,credit_card,0
APP102805,68,25007.72,31.0,10108.67,778.0,4401.08,1,8,4,MORTGAGE,home_improvement,1
APP102806,35,16988.64,11.0,13289.08,824.0,4203.3,14,11,0,RENT,business,0
APP102807,36,41028.82,32.0,9916.26,724.0,5716.34,1,13,0,MORTGAGE,credit_card,0
APP102808,59,46707.44,28.0,2237.51,599.0,1983.36,12,6,1,RENT,home_improvement,1
APP102809,30,41285.81,19.0,12510.12,823.0,3618.41,8,9,1,MORTGAGE,debt_consolidation,0
APP102810,46,24496.8,34.0,21935.86,554.0,2187.01,14,7,1,MORTGAGE,home_improvement,1
APP102811,35,41086.17,3.0,15865.77,497.0,2428.01,8,29,0,RENT,debt_consolidation,1
APP102812,30,28708.34,27.0,2767.23,798.0,9351.39,0,15,0,MORTGAGE,debt_consolidation,0
APP102813,68,20555.57,31.0,35466.6,698.0,5019.16,1,2,0,MORTGAGE,credit_card,0
APP102814,30,52625.97,1.0,4467.07,499.0,2714.91,1,14,1,OWN,debt_consolidation,1
APP102815,25,54666.91,16.0,5182.01,541.0,4358.03,6,15,2,OWN,debt_consolidation,1
APP102816,54,58363.6,20.0,15821.52,694.0,4036.6,11,13,1,MORTGAGE,debt_consolidation,0
APP102817,63,26791.12,8.0,12987.01,580.0,5126.37,9,11,0,OWN,business,1
APP102818,27,65491.86,35.0,10385.87,591.0,1471.91,12,16,4,MORTGAGE,credit_card,1
APP102819,55,28373.44,25.0,7032.91,807.0,2052.86,8,23,1,MORTGAGE,home_improvement,0
APP102820,47,50349.84,11.0,21993.76,821.0,1551.27,1,22,1,RENT,car,0
APP102821,61,28128.64,17.0,9666.33,661.0,2393.05,2,17,3,MORTGAGE,credit_card,1
APP102822,27,32467.96,4.0,3868.07,637.0,2756.79,2,21,4,OWN,debt_consolidation,1
APP102823,68,,3.0,20730.89,722.0,2148.15,13,1,1,MORTGAGE,debt_consolidation,0
APP102824,51,31227.16,29.0,11288.85,605.0,9059.17,12,1,0,RENT,home_improvement,1
APP102825,62,38007.74,39.0,19322.09,471.0,21417.4,0,20,2,MORTGAGE,business,1
APP102826,38,29583.59,11.0,13954.11,429.0,9513.48,3,12,0,MORTGAGE,credit_card,1
APP102827,67,87386.32,9.0,41563.33,644.0,3126.54,4,14,1,MORTGAGE,credit_card,1
APP102828,51,20307.93,27.0,8217.47,720.0,5814.73,10,24,2,RENT,business,0
APP102829,27,27397.56,20.0,9993.16,651.0,4660.46,1,18,4,RENT,credit_card,1
APP102830,66,23099.44,5.0,15243.35,714.0,3019.79,14,16,2,MORTGAGE,debt_consolidation,1
APP102831,59,27394.88,26.0,8247.99,722.0,14182.64,4,2,2,MORTGAGE,debt_consolidation,1
APP102832,35,60821.98,8.0,16019.83,760.0,24483.89,12,28,2,MORTGAGE,car,0
APP102833,47,76040.08,4.0,1688.43,664.0,1516.25,10,15,1,RENT,business,1
APP102834,40,25580.96,18.0,9474.22,672.0,15556.19,5,11,1,RENT,car,0
APP102835,47,25298.39,29.0,9304.04,647.0,3063.2,0,15,0,OWN,other,0
APP102836,68,20362.2,20.0,9104.02,629.0,3984.41,8,28,1,RENT,debt_consolidation,0
APP102837,65,69782.79,25.0,5847.93,524.0,6161.91,0,4,0,OWN,credit_card,1
APP102838,31,63608.49,9.0,17046.05,743.0,16951.75,10,3,4,OWN,home_improvement,1
APP102839,68,34441.21,19.0,7312.45,619.0,6154.87,3,18,2,RENT,other,0
APP102840,42,18068.95,28.0,11160.82,614.0,6836.05,14,24,0,MORTGAGE,business,1
APP102841,55,18895.3,21.0,9678.88,606.0,9727.32,0,27,0,RENT,credit_card,1
APP102842,58,39549.75,9.0,13362.65,542.0,11035.94,5,25,0,MORTGAGE,business,1
APP102843,44,47794.65,38.0,23355.24,643.0,7397.58,5,0,0,RENT,credit_card,0
APP102844,43,12925.12,2.0,11126.25,691.0,11090.82,11,17,2,OWN,debt_consolidation,1
APP102845,43,30925.77,36.0,16396.75,593.0,3046.31,3,7,0,MORTGAGE,debt_consolidation,1
APP102846,63,81564.38,28.0,10795.9,,1227.11,11,4,1,RENT,other,0
APP102847,39,32573.21,4.0,7305.59,620.0,21162.76,4,9,1,OWN,business,1
APP102848,34,76482.64,10.0,9091.23,527.0,2142.76,1,28,2,MORTGAGE,home_improvement,0
APP102849,38,50237.8,14.0,8348.81,759.0,3206.46,12,16,2,RENT,home_improvement,0
APP102850,30,21117.56,38.0,13917.43,665.0,3769.8,2,6,3,MORTGAGE,home_improvement,1
APP102851,40,31371.79,20.0,10551.16,719.0,3284.23,6,22,2,MORTGAGE,car,1
APP102852,26,34052.3,10.0,6145.29,720.0,2749.25,9,29,1,MORTGAGE,debt_consolidation,0
APP102853,25,22555.73,36.0,8663.05,574.0,7121.46,0,19,0,RENT,debt_consolidation,0
APP102854,56,22360.83,4.0,3961.79,608.0,7182.36,9,12,1,OWN,credit_card,1
APP102855,24,77140.54,32.0,8859.43,732.0,8070.33,8,13,2,RENT,debt_consolidation,0
APP102856,48,22277.22,33.0,9904.89,796.0,7675.28,11,9,1,MORTGAGE,credit_card,0
APP102857,59,62268.94,15.0,29291.98,655.0,3521.54,1,28,4,MORTGAGE,other,1
APP102858,56,29195.15,1.0,22227.18,599.0,3516.91,13,8,1,MORTGAGE,credit_card,1
APP102859,42,35852.92,35.0,5321.74,784.0,12032.36,0,10,3,RENT,home_improvement,0
APP102860,30,48094.46,38.0,11170.84,599.0,3238.59,14,2,0,RENT,business,0
APP102861,66,26922.58,15.0,11289.02,676.0,3187.52,4,23,0,OWN,home_improvement,0
APP102862,61,48240.4,7.0,8619.11,615.0,10338.17,1,12,0,MORTGAGE,debt_consolidation,0
APP102863,50,13053.16,10.0,8955.18,671.0,4842.24,4,24,0,RENT,home_improvement,0
APP102864,25,45245.28,5.0,8003.47,574.0,3281.14,7,4,1,OWN,home_improvement,1
APP102865,22,10569.58,24.0,30443.42,620.0,3306.04,1,3,0,MORTGAGE,credit_card,0
APP102866,36,32421.49,20.0,7710.12,599.0,12077.78,4,12,1,OWN,home_improvement,1
APP102867,28,55665.81,14.0,12143.66,702.0,7854.32,4,1,0,MORTGAGE,car,0
APP102868,63,49570.33,26.0,2170.22,663.0,5938.6,2,20,2,RENT,car,1
APP102869,31,18973.43,24.0,16222.28,720.0,1933.19,7,29,0,RENT,car,0
APP102870,34,20234.97,0.0,20141.81,,5958.84,0,28,2,RENT,credit_card,1
APP102871,68,25736.46,16.0,5264.71,633.0,4145.44,3,10,1,OWN,car,1
APP102872,61,39859.18,34.0,7279.87,700.0,2368.57,2,7,2,RENT,debt_consolidation,1
APP102873,31,13148.11,31.0,12976.59,718.0,3037.3,0,20,3,RENT,car,0
APP102874,39,36076.18,34.0,10013.37,534.0,8577.74,7,4,1,OWN,debt_consolidation,1
APP102875,46,42434.4,38.0,13092.85,675.0,13278.99,13,0,2,MORTGAGE,debt_consolidation,0
APP102876,53,31523.27,2.0,8330.31,584.0,2109.22,5,14,2,MORTGAGE,credit_card,1
APP102877,66,47224.14,10.0,30271.42,722.0,2333.17,9,22,3,MORTGAGE,debt_consolidation,0
APP102878,63,40613.75,18.0,6622.02,798.0,8563.87,2,25,2,RENT,other,0
APP102879,68,27699.59,20.0,49758.91,441.0,3542.7,10,10,1,OWN,debt_consolidation,0
APP102880,22,13792.85,31.0,20850.94,597.0,7648.02,10,2,0,OWN,business,0
APP102881,32,38820.61,28.0,16305.69,671.0,3504.79,6,17,1,RENT,car,0
APP102882,48,22549.37,28.0,5301.33,649.0,7797.79,4,23,3,MORTGAGE,car,1
APP102883,23,27196.1,6.0,17082.49,725.0,1637.65,8,1,2,RENT,credit_card,1
APP102884,38,46145.84,27.0,14219.41,656.0,7627.11,9,12,1,MORTGAGE,debt_consolidation,0
APP102885,28,73767.0,31.0,2774.52,607.0,916.54,10,3,3,RENT,credit_card,1
APP102886,66,35630.95,,4260.92,568.0,10303.72,2,14,2,MORTGAGE,other,1
APP102887,24,47907.74,23.0,12265.88,554.0,4782.82,5,24,1,MORTGAGE,credit_card,1
APP102888,28,17637.11,3.0,9136.39,590.0,6995.25,12,16,1,MORTGAGE,debt_consolidation,1
APP102889,30,41058.85,5.0,7259.84,604.0,5941.38,12,16,1,RENT,car,1
APP102890,28,35243.87,29.0,18908.55,680.0,1255.54,12,5,1,RENT,credit_card,0
APP102891,48,67145.27,34.0,5823.94,637.0,14668.56,11,23,2,RENT,debt_consolidation,0
APP102892,38,27716.16,33.0,7531.54,597.0,6422.67,1,24,0,MORTGAGE,debt_consolidation,0
APP102893,65,32182.6,17.0,6712.87,569.0,9000.75,4,4,1,RENT,car,1
APP102894,33,61661.02,23.0,13441.49,593.0,2593.14,4,21,3,MORTGAGE,debt_consolidation,1
APP102895,47,34682.24,7.0,3527.43,604.0,5958.78,4,9,2,MORTGAGE,debt_consolidation,1
APP102896,53,20859.8,23.0,7342.22,590.0,1723.45,7,29,0,RENT,other,1
APP102897,51,130068.52,7.0,3520.44,703.0,5537.96,2,25,0,MORTGAGE,business,0
APP102898,60,21177.69,31.0,8203.16,759.0,2317.74,11,23,2,OWN,home_improvement,0
APP102899,30,35159.49,31.0,15272.81,555.0,269894.98,7,17,2,MORTGAGE,home_improvement,0
APP102900,45,43189.13,2.0,15437.24,739.0,7975.48,1,11,2,RENT,debt_consolidation,1
APP102901,60,41514.94,37.0,6396.08,705.0,14252.51,12,20,1,OWN,credit_card,0
APP102902,63,33028.57,31.0,13629.52,664.0,4025.2,4,18,0,RENT,home_improvement,0
APP102903,51,33110.97,15.0,8856.46,772.0,6762.87,8,6,2,RENT,credit_card,0
APP102904,52,32290.68,18.0,22396.3,636.0,10140.32,6,16,0,MORTGAGE,home_improvement,0
APP102905,63,20785.96,3.0,9154.7,682.0,2083.48,5,16,0,RENT,home_improvement,0
APP102906,51,106415.83,37.0,1662.66,659.0,2869.62,4,27,2,OWN,business,0
APP102907,67,32532.81,4.0,16929.43,653.0,10700.04,6,22,3,MORTGAGE,debt_consolidation,1
APP102908,27,48945.64,36.0,7514.13,686.0,4128.04,1,25,0,RENT,debt_consolidation,0
APP102909,38,30720.13,26.0,8395.74,653.0,2702.33,10,5,0,MORTGAGE,debt_consolidation,0
APP102910,26,30412.78,36.0,12107.18,687.0,2966.75,9,18,1,RENT,other,1
APP102911,25,28919.7,14.0,4209.82,596.0,1848.3,7,8,1,RENT,home_improvement,1
APP102912,44,16731.98,35.0,10350.52,598.0,1025.08,13,7,1,MORTGAGE,car,1
APP102913,32,,17.0,13639.13,596.0,1265.34,8,0,3,RENT,home_improvement,1
APP102914,40,29628.62,14.0,12313.34,620.0,5097.79,5,16,3,MORTGAGE,debt_consolidation,1
APP102915,42,65235.71,13.0,6909.42,731.0,8410.98,9,28,0,OWN,home_improvement,0
APP102916,51,19963.28,38.0,17946.66,613.0,36869.79,11,18,0,OWN,home_improvement,1
APP102917,67,27212.36,18.0,5439.83,702.0,4754.71,11,26,3,RENT,business,1
APP102918,62,23173.85,19.0,6800.06,,1765.22,8,20,0,RENT,credit_card,0
APP102919,39,74702.23,25.0,9121.59,614.0,4804.12,9,2,2,RENT,home_improvement,1
APP102920,36,23512.7,22.0,11816.84,754.0,8624.35,14,21,0,OWN,credit_card,0
APP102921,58,48105.41,21.0,8145.93,708.0,11205.32,10,24,2,RENT,debt_consolidation,0
APP102922,27,58987.49,15.0,20684.75,650.0,10368.16,10,24,0,MORTGAGE,car,0
APP102923,47,33756.85,6.0,11815.55,643.0,7771.51,9,16,0,OWN,credit_card,1
APP102924,41,18244.05,39.0,10356.76,657.0,5304.1,14,15,0,MORTGAGE,credit_card,0
APP102925,29,,19.0,11568.97,527.0,8861.3,13,28,1,MORTGAGE,credit_card,1
APP102926,51,55819.69,38.0,15363.4,584.0,1904.82,5,29,0,RENT,business,1
APP102927,36,19335.6,18.0,11435.35,687.0,985.81,11,15,4,MORTGAGE,home_improvement,1
APP102928,30,44179.37,23.0,3341.88,523.0,26228.51,9,22,0,RENT,debt_consolidation,1
APP102929,53,38452.33,21.0,19028.73,590.0,4733.33,8,6,1,RENT,credit_card,0
APP102930,29,43851.59,38.0,10633.93,618.0,7533.53,7,19,3,MORTGAGE,debt_consolidation,1
APP102931,53,45972.21,4.0,14926.77,850.0,522.49,13,25,2,RENT,credit_card,0
APP102932,28,22769.21,20.0,7757.64,703.0,16914.38,13,27,1,MORTGAGE,credit_card,0
APP102933,42,22297.64,6.0,3307.57,737.0,12390.59,13,28,1,MORTGAGE,debt_consolidation,0
APP102934,60,51920.22,34.0,2521.61,585.0,1404.61,4,4,0,OWN,business,1
APP102935,32,26511.34,21.0,5616.02,678.0,3812.94,5,15,2,RENT,home_improvement,0
APP102936,58,9181.32,36.0,13499.08,509.0,6081.35,1,16,1,RENT,debt_consolidation,1
APP102937,56,50230.5,11.0,21563.01,623.0,1788.21,12,12,2,OWN,debt_consolidation,0
APP102938,65,21630.71,6.0,11863.04,690.0,7266.32,10,0,0,RENT,other,0
APP102939,29,45870.06,25.0,5264.09,536.0,11344.64,14,23,2,MORTGAGE,debt_consolidation,1
APP102940,56,72868.44,5.0,6182.79,681.0,6370.05,11,22,1,RENT,home_improvement,0
APP102941,66,,14.0,22392.24,688.0,1403.91,3,2,1,RENT,car,1
APP102942,58,59747.52,12.0,4507.65,601.0,2144.41,4,10,1,MORTGAGE,business,1
APP102943,30,39218.3,8.0,34928.69,583.0,4451.35,5,25,3,RENT,business,1
APP102944,61,80315.24,5.0,30504.29,592.0,4025.25,11,8,4,RENT,home_improvement,1
APP102945,26,21352.98,26.0,35626.08,622.0,4091.2,6,25,2,MORTGAGE,home_improvement,0
APP102946,49,36166.64,30.0,12436.87,624.0,3976.98,14,0,0,MORTGAGE,credit_card,1
APP102947,45,50847.22,15.0,8063.36,690.0,1160.71,9,8,1,MORTGAGE,debt_consolidation,0
APP102948,47,33017.54,11.0,12256.45,607.0,9363.03,5,26,2,RENT,home_improvement,1
APP102949,46,64609.03,6.0,17071.25,778.0,8117.72,14,0,2,RENT,credit_card,0
APP102950,22,29260.1,27.0,6697.8,777.0,7464.39,8,16,0,OWN,credit_card,0
APP102951,45,102199.86,32.0,5111.65,668.0,6931.09,4,0,1,MORTGAGE,home_improvement,0
APP102952,66,104935.25,21.0,8346.84,622.0,3915.55,5,5,3,RENT,home_improvement,1
APP102953,42,41816.07,17.0,6226.78,607.0,3024.02,11,29,0,MORTGAGE,car,0
APP102954,34,47872.7,25.0,20837.97,675.0,2177.45,1,13,1,MORTGAGE,home_improvement,0
APP102955,69,65896.18,36.0,6837.26,689.0,16887.7,11,23,3,RENT,car,1
APP102956,25,20058.36,39.0,10481.69,633.0,4834.79,1,26,1,MORTGAGE,other,0
APP102957,44,18844.95,7.0,17851.17,618.0,1301.84,10,10,5,OWN,credit_card,1
APP102958,46,68064.39,19.0,21330.76,678.0,4801.24,10,20,1,OWN,credit_card,0
APP102959,44,41647.4,35.0,11216.44,655.0,927.59,8,26,2,MORTGAGE,debt_consolidation,1
APP102960,66,32427.02,25.0,12463.73,604.0,5993.36,2,13,0,RENT,debt_consolidation,0
APP102961,41,36518.04,32.0,5376.57,659.0,5510.35,8,26,2,OWN,credit_card,0
APP102962,68,11014.63,39.0,18284.96,601.0,3185.82,12,2,2,MORTGAGE,credit_card,1
APP102963,24,33015.05,4.0,21122.92,589.0,2317.88,4,27,0,OWN,credit_card,0
APP102964,56,24921.26,24.0,3222.1,649.0,7707.44,13,11,0,RENT,credit_card,0
APP102965,50,57471.0,21.0,28503.08,604.0,4598.97,2,15,0,RENT,car,1
APP102966,32,59725.56,11.0,6500.3,591.0,1039.65,13,6,1,RENT,debt_consolidation,1
APP102967,32,48452.54,26.0,14140.22,733.0,12875.89,5,24,2,RENT,home_improvement,0
APP102968,56,44255.25,4.0,10368.6,618.0,2317.25,10,8,1,RENT,home_improvement,1
APP102969,52,17177.0,,9545.02,797.0,1712.07,3,1,1,RENT,credit_card,0
APP102970,50,48791.99,16.0,8743.7,700.0,14573.2,9,3,1,MORTGAGE,car,1
APP102971,23,49746.68,,5455.95,584.0,11472.02,9,4,0,RENT,other,1
APP102972,50,67683.41,24.0,13552.1,742.0,3510.78,7,18,1,OWN,home_improvement,0
APP102973,69,104726.23,37.0,8336.29,592.0,1804.45,12,18,1,MORTGAGE,home_improvement,0
APP102974,21,15579.63,37.0,4511.33,807.0,2373.74,13,5,0,RENT,debt_consolidation,1
APP102975,43,29904.42,28.0,5318.77,668.0,3463.38,2,3,2,RENT,business,0
APP102976,45,25055.95,13.0,4557.51,693.0,13003.32,12,6,0,OWN,debt_consolidation,1
APP102977,64,39586.9,38.0,7224.59,652.0,13849.36,9,1,0,MORTGAGE,car,0
APP102978,34,36559.67,39.0,13240.82,671.0,5612.68,7,9,3,MORTGAGE,business,0
APP102979,44,32304.41,33.0,6459.64,631.0,8267.56,1,3,2,RENT,car,0
APP102980,56,60706.26,34.0,17769.96,575.0,4156.83,9,6,0,MORTGAGE,credit_card,1
APP102981,23,20937.41,32.0,9213.93,677.0,2444.85,5,13,0,OWN,credit_card,0
APP102982,60,21578.21,30.0,8319.5,731.0,1479.59,0,9,0,RENT,business,0
APP102983,61,21761.28,29.0,9997.19,554.0,6363.5,2,14,2,MORTGAGE,debt_consolidation,1
APP102984,56,30328.29,25.0,22858.83,773.0,10100.08,1,6,1,RENT,debt_consolidation,1
APP102985,52,19647.49,25.0,4346.81,698.0,3266.52,4,27,0,OWN,debt_consolidation,0
APP102986,57,35444.18,15.0,26737.44,615.0,12708.39,2,1,1,RENT,home_improvement,1
APP102987,59,33431.54,35.0,17607.78,613.0,3612.12,12,12,1,RENT,debt_consolidation,1
APP102988,65,24507.7,25.0,9769.36,799.0,5255.33,4,5,0,MORTGAGE,debt_consolidation,0
APP102989,41,56211.86,24.0,20126.96,725.0,4118.08,6,15,3,OWN,car,0
APP102990,43,35251.02,29.0,8156.06,741.0,13215.83,11,14,0,MORTGAGE,home_improvement,0
APP102991,52,61779.3,3.0,11747.63,629.0,7289.1,1,24,2,OWN,credit_card,0
APP102992,30,32941.06,36.0,7152.03,694.0,4690.55,5,21,3,RENT,debt_consolidation,0
APP102993,62,35878.82,23.0,17674.62,677.0,5225.38,2,24,2,OWN,debt_consolidation,0
APP102994,58,27408.51,37.0,6474.63,636.0,1898.62,7,12,0,OWN,debt_consolidation,0
APP102995,51,36187.78,4.0,9596.75,658.0,823.24,12,9,1,RENT,debt_consolidation,1
APP102996,35,51850.28,9.0,14875.69,738.0,3212.52,8,19,1,RENT,debt_consolidation,0
APP102997,38,29564.6,37.0,18562.78,777.0,4208.2,6,21,0,OWN,credit_card,0
APP102998,42,47061.29,27.0,6046.94,629.0,7517.69,1,5,1,MORTGAGE,credit_card,1
APP102999,53,24188.35,25.0,15551.04,544.0,4313.53,14,26,3,MORTGAGE,debt_consolidation,1
APP103000,59,53078.4,16.0,5490.69,781.0,3376.62,6,14,2,MORTGAGE,car,0
APP103001,53,27174.85,22.0,2723.85,782.0,464.96,8,24,0,RENT,car,0
APP103002,66,55594.52,21.0,6318.02,682.0,7493.19,7,1,0,MORTGAGE,credit_card,1
APP103003,68,37439.75,7.0,16330.6,793.0,5818.61,7,9,0,MORTGAGE,business,0
APP103004,55,77689.61,22.0,9824.85,676.0,9424.54,1,11,0,RENT,other,1
APP103005,39,20393.39,20.0,7179.62,577.0,5023.14,6,22,1,OWN,credit_card,0
APP103006,50,17359.79,12.0,10232.12,545.0,12301.67,6,7,2,OWN,home_improvement,1
APP103007,41,26685.92,13.0,10031.04,544.0,3163.94,11,22,2,OWN,business,1
APP103008,51,18173.04,30.0,14373.47,650.0,4757.86,6,24,0,RENT,car,0
APP103009,60,18190.1,27.0,3763.01,612.0,5957.5,12,7,2,MORTGAGE,debt_consolidation,1
APP103010,39,,18.0,9307.62,603.0,8332.42,9,29,3,MORTGAGE,home_improvement,1
APP103011,45,36239.7,24.0,10663.33,641.0,6857.71,1,20,2,MORTGAGE,credit_card,1
APP103012,23,28571.34,9.0,4362.4,718.0,7201.69,13,15,1,RENT,debt_consolidation,0
APP103013,57,29927.07,19.0,4326.66,606.0,6093.9,6,2,0,MORTGAGE,home_improvement,0
APP103014,45,26940.37,22.0,7951.97,592.0,4212.61,10,15,0,MORTGAGE,debt_consolidation,1
APP103015,43,82882.94,10.0,9947.88,611.0,10107.27,4,8,0,OWN,debt_consolidation,1
APP103016,47,25140.8,6.0,9968.92,723.0,1287.62,11,12,0,RENT,debt_consolidation,1
APP103017,31,18749.7,21.0,7088.23,644.0,2971.07,13,0,1,RENT,other,0
APP103018,50,54069.49,37.0,6916.04,672.0,17561.66,0,23,2,MORTGAGE,debt_consolidation,1
APP103019,57,32601.78,18.0,7807.92,774.0,2869.61,11,3,1,OWN,car,0
APP103020,38,,36.0,11838.51,850.0,4616.9,11,15,1,MORTGAGE,business,0
APP103021,27,27914.38,34.0,20884.71,701.0,14916.78,4,3,1,OWN,credit_card,1
APP103022,39,55436.42,29.0,2611.71,693.0,4443.16,5,9,1,RENT,debt_consolidation,0
APP103023,30,62386.16,35.0,14382.99,555.0,2522.22,6,28,1,RENT,car,0
APP103024,39,27982.43,16.0,9258.61,679.0,12819.06,6,5,0,MORTGAGE,home_improvement,1
APP103025,51,25047.76,30.0,13567.51,654.0,3899.2,6,4,1,RENT,home_improvement,1
APP103026,26,52611.15,,20157.39,721.0,4118.17,13,27,1,RENT,home_improvement,0
APP103027,57,48409.24,12.0,6291.31,618.0,1007.98,13,2,2,RENT,credit_card,1
APP103028,32,17938.33,22.0,17441.07,666.0,4438.75,14,28,2,OWN,other,1
APP103029,64,20656.44,1.0,4663.75,698.0,8487.73,7,22,1,RENT,home_improvement,0
APP103030,56,10216.76,30.0,10684.61,801.0,3481.85,10,11,1,MORTGAGE,car,0
APP103031,34,48907.86,37.0,8556.87,775.0,1763.26,0,19,1,RENT,home_improvement,0
APP103032,48,31859.36,4.0,10175.8,751.0,3346.37,0,17,1,MORTGAGE,debt_consolidation,0
APP103033,26,33487.41,39.0,5467.51,708.0,3004.4,10,19,0,RENT,home_improvement,0
APP103034,25,15588.33,3.0,12863.25,615.0,4012.19,9,5,0,OWN,credit_card,1
APP103035,67,20972.11,5.0,25636.5,708.0,3248.4,1,26,1,OWN,credit_card,0
APP103036,60,28595.95,30.0,5524.16,588.0,18613.93,9,13,1,OWN,credit_card,1
APP103037,28,25947.67,27.0,11089.87,633.0,6259.66,9,19,1,MORTGAGE,business,0
APP103038,34,38519.43,37.0,16539.78,792.0,1221.49,11,21,1,MORTGAGE,business,0
APP103039,30,48617.27,17.0,8282.96,693.0,5204.06,7,20,2,RENT,business,0
APP103040,40,112961.95,22.0,22387.0,668.0,4760.16,11,14,0,OWN,home_improvement,0
APP103041,35,35953.85,5.0,7647.9,678.0,12779.27,11,13,1,OWN,car,0
APP103042,37,63430.58,27.0,9230.08,642.0,4338.09,8,17,1,MORTGAGE,debt_consolidation,0
APP103043,46,23980.92,39.0,5454.02,477.0,4239.53,8,16,1,RENT,debt_consolidation,1
APP103044,30,15717.45,23.0,10678.14,548.0,21815.98,11,24,0,RENT,home_improvement,0
APP103045,64,30450.24,37.0,9915.1,699.0,2090.06,2,22,0,RENT,business,0
APP103046,56,16336.21,15.0,14494.73,576.0,9303.51,14,19,3,RENT,home_improvement,1
APP103047,58,36582.91,39.0,6756.61,641.0,5172.5,13,10,2,OWN,business,0
APP103048,29,24582.08,21.0,6573.51,551.0,3292.21,8,14,1,MORTGAGE,credit_card,1
APP103049,55,13668.71,5.0,13062.43,592.0,2926.34,13,1,4,RENT,credit_card,1
APP103050,61,86509.76,14.0,22886.77,649.0,14569.44,10,8,0,RENT,business,0
APP103051,29,27756.33,19.0,14434.93,723.0,7131.27,6,12,2,RENT,home_improvement,0
APP103052,57,16013.55,2.0,29984.84,739.0,7949.72,6,18,0,RENT,debt_consolidation,0
APP103053,38,56902.01,,13810.5,591.0,10014.79,9,11,2,OWN,debt_consolidation,1
APP103054,59,25227.57,9.0,13515.27,674.0,6460.9,3,1,1,MORTGAGE,debt_consolidation,0
APP103055,44,62635.22,27.0,14877.06,535.0,2103.19,8,5,2,RENT,debt_consolidation,1
APP103056,60,25167.35,36.0,24170.85,654.0,1397.76,6,5,0,MORTGAGE,other,0
APP103057,28,27710.07,17.0,20796.54,726.0,16843.41,8,21,2,OWN,debt_consolidation,1
APP103058,40,43149.06,24.0,5161.97,644.0,5804.63,6,27,1,RENT,debt_consolidation,0
APP103059,34,48854.89,,16000.08,755.0,5236.51,1,24,1,MORTGAGE,car,0
APP103060,33,53329.34,30.0,11605.26,716.0,20819.87,10,14,0,MORTGAGE,business,0
APP103061,36,34722.02,1.0,8809.44,669.0,2097.52,7,4,1,RENT,debt_consolidation,0
APP103062,39,47302.02,14.0,3416.06,630.0,652.76,2,27,0,OWN,debt_consolidation,0
APP103063,27,52723.38,24.0,3928.07,607.0,1153.73,3,14,0,MORTGAGE,credit_card,0
APP103064,55,40146.26,3.0,7953.12,533.0,3214.04,7,22,1,OWN,credit_card,1
APP103065,47,33815.38,34.0,4110.27,546.0,5397.76,11,9,2,MORTGAGE,debt_consolidation,1
APP103066,61,17629.92,25.0,8052.56,729.0,14962.68,3,9,1,OWN,debt_consolidation,1
APP103067,55,49000.56,0.0,15193.22,771.0,9648.65,12,17,0,MORTGAGE,debt_consolidation,0
APP103068,28,37089.41,0.0,6984.34,563.0,633.07,11,21,2,RENT,other,1
APP103069,24,29530.89,6.0,10405.37,655.0,46191.65,0,2,0,OWN,home_improvement,1
APP103070,41,68794.78,26.0,5208.4,524.0,3538.9,2,12,1,MORTGAGE,business,1
APP103071,44,17784.51,20.0,11840.25,571.0,13124.6,11,28,1,RENT,car,0
APP103072,32,82620.92,19.0,13425.1,670.0,7606.89,8,18,2,RENT,business,1
APP103073,59,35913.31,22.0,4214.3,608.0,4935.84,1,1,1,RENT,credit_card,0
APP103074,49,42563.79,19.0,6303.55,496.0,4065.77,14,19,0,MORTGAGE,car,1
APP103075,57,29806.39,13.0,4627.16,787.0,2018.49,0,24,1,RENT,other,0
APP103076,26,15779.45,0.0,13433.8,646.0,1754.09,6,25,0,RENT,credit_card,0
APP103077,60,33866.96,1.0,10920.58,561.0,4302.75,0,5,2,MORTGAGE,car,1
APP103078,31,42931.99,27.0,9606.29,660.0,1618.81,13,5,0,MORTGAGE,other,0
APP103079,42,50925.18,29.0,9163.94,643.0,18367.37,6,23,0,OWN,car,0
APP103080,42,32891.96,,12012.48,683.0,5311.13,9,26,0,RENT,debt_consolidation,0
APP103081,61,12133.56,9.0,12157.61,622.0,26217.23,12,8,1,MORTGAGE,car,1
APP103082,34,16800.59,16.0,7351.45,675.0,3468.61,3,4,2,RENT,debt_consolidation,1
APP103083,32,101317.03,25.0,6759.08,725.0,3064.33,4,23,1,MORTGAGE,business,0
APP103084,37,21030.56,23.0,9552.93,544.0,7884.83,9,22,1,MORTGAGE,business,1
APP103085,38,74126.23,22.0,8832.2,594.0,3994.11,13,27,1,RENT,credit_card,0
APP103086,29,22764.48,1.0,34078.07,717.0,10705.01,2,21,1,OWN,home_improvement,0
APP103087,29,33149.14,17.0,7860.95,605.0,15530.7,6,28,1,MORTGAGE,other,1
APP103088,32,49642.58,30.0,11775.77,643.0,11840.96,3,24,0,MORTGAGE,credit_card,0
APP103089,43,24098.45,23.0,13089.37,612.0,14640.33,2,25,2,RENT,car,1
APP103090,37,80507.66,32.0,22932.6,617.0,9452.83,2,23,0,OWN,credit_card,0
APP103091,40,37716.92,27.0,6083.22,610.0,3167.7,6,12,2,RENT,credit_card,1
APP103092,56,45726.14,35.0,22110.08,549.0,12233.11,1,3,1,OWN,business,1
APP103093,32,31767.42,22.0,9059.44,686.0,8587.65,9,12,1,RENT,credit_card,1
APP103094,65,50481.4,22.0,44391.67,734.0,2998.35,2,7,0,OWN,debt_consolidation,0
APP103095,57,79969.16,22.0,12302.54,,3318.51,7,28,2,OWN,credit_card,0
APP103096,29,34008.2,10.0,4734.55,725.0,4566.72,3,10,2,RENT,credit_card,0
APP103097,36,86237.15,17.0,8792.94,,11958.33,6,26,2,RENT,business,1
APP103098,29,26747.66,6.0,22065.3,605.0,5396.7,2,10,1,MORTGAGE,car,1
APP103099,34,53212.47,17.0,10393.38,682.0,4892.61,2,14,0,MORTGAGE,car,0
APP103100,38,46376.92,5.0,9549.32,684.0,4327.21,4,20,1,OWN,home_improvement,0
APP103101,27,21283.96,19.0,15235.73,640.0,3704.57,10,11,0,RENT,other,0
APP103102,21,40412.92,38.0,8046.57,704.0,1936.94,6,20,3,RENT,debt_consolidation,1
APP103103,42,36449.5,18.0,8721.62,547.0,9285.23,5,2,0,RENT,debt_consolidation,1
APP103104,55,23704.11,29.0,5614.99,625.0,2177.8,8,17,1,RENT,home_improvement,1
APP103105,35,43434.15,17.0,27925.41,727.0,5187.98,14,10,0,MORTGAGE,home_improvement,1
APP103106,63,39071.35,36.0,4752.53,726.0,3543.67,12,5,0,MORTGAGE,credit_card,0
APP103107,39,35021.12,8.0,10956.41,716.0,9073.11,6,14,2,RENT,debt_consolidation,0
APP103108,65,35091.4,33.0,13199.45,731.0,3738.34,7,3,3,MORTGAGE,credit_card,0
APP103109,32,34717.35,28.0,9816.4,620.0,2197.35,3,24,3,RENT,debt_consolidation,1
APP103110,47,30216.7,35.0,4664.25,513.0,10844.87,10,27,1,OWN,debt_consolidation,0
APP103111,58,38945.44,5.0,5435.69,629.0,2538.19,12,9,1,MORTGAGE,business,1
APP103112,23,26318.91,35.0,13541.44,700.0,5562.17,12,10,0,MORTGAGE,credit_card,0
APP103113,66,137091.62,36.0,6198.56,713.0,13616.54,3,9,0,MORTGAGE,credit_card,0
APP103114,38,17949.78,11.0,2854.89,607.0,2740.49,11,25,1,MORTGAGE,debt_consolidation,0
APP103115,45,27109.3,24.0,12483.8,572.0,4524.16,2,0,0,RENT,business,1
APP103116,51,,23.0,5863.5,580.0,3480.93,0,4,4,MORTGAGE,credit_card,1
APP103117,52,100734.81,1.0,14454.07,606.0,5459.76,10,1,1,RENT,home_improvement,1
APP103118,22,18768.45,21.0,8769.43,498.0,4652.81,6,18,1,MORTGAGE,debt_consolidation,1
APP103119,63,44934.5,26.0,8519.5,607.0,10263.2,4,24,1,OWN,credit_card,1
APP103120,51,41117.83,8.0,10212.25,653.0,2991.18,7,20,1,MORTGAGE,debt_consolidation,1
APP103121,69,42907.47,14.0,4998.55,642.0,13620.73,6,4,2,MORTGAGE,credit_card,1
APP103122,44,67384.59,23.0,6031.36,623.0,17742.75,3,11,3,MORTGAGE,business,1
APP103123,51,66696.96,37.0,8467.97,594.0,6034.42,6,28,1,OWN,debt_consolidation,0
APP103124,42,28984.65,2.0,4981.04,604.0,2612.03,0,24,1,OWN,credit_card,1
APP103125,64,40014.96,37.0,15188.45,605.0,4755.77,11,1,1,RENT,debt_consolidation,1
APP103126,61,14299.06,32.0,8230.26,706.0,4447.5,14,4,3,MORTGAGE,debt_consolidation,1
APP103127,65,38160.13,33.0,4147.82,649.0,20290.2,8,24,0,RENT,credit_card,0
APP103128,45,24416.28,1.0,7076.84,850.0,4525.41,9,19,1,OWN,business,0
APP103129,59,33084.12,22.0,10516.72,623.0,14857.17,11,3,0,RENT,credit_card,1
APP103130,38,15635.73,14.0,7573.01,685.0,5373.11,7,7,0,MORTGAGE,home_improvement,0
APP103131,43,44464.04,36.0,12580.33,625.0,5098.31,14,19,0,RENT,car,0
APP103132,58,15548.44,29.0,13966.57,623.0,3701.46,4,23,0,RENT,debt_consolidation,1
APP103133,24,39110.35,25.0,41815.41,774.0,3988.32,10,22,1,OWN,credit_card,0
APP103134,55,19667.98,1.0,19739.69,729.0,10014.33,4,2,0,OWN,debt_consolidation,1
APP103135,21,23746.24,35.0,3707.74,509.0,2739.47,4,6,2,RENT,debt_consolidation,1
APP103136,49,64690.27,19.0,7973.35,568.0,10591.32,6,16,1,OWN,debt_consolidation,1
APP103137,44,48725.56,6.0,8433.91,639.0,15563.73,11,16,0,OWN,home_improvement,1
APP103138,43,64511.68,34.0,13975.24,608.0,3061.13,6,29,1,RENT,credit_card,0
APP103139,45,79210.45,36.0,5652.47,529.0,12918.01,12,23,0,OWN,debt_consolidation,1
APP103140,45,24675.86,19.0,7195.77,659.0,11368.37,5,8,3,RENT,debt_consolidation,1
APP103141,40,76840.4,26.0,4690.77,499.0,9851.4,6,5,1,MORTGAGE,credit_card,1
APP103142,43,17452.66,24.0,6895.61,660.0,2954.69,7,1,0,MORTGAGE,debt_consolidation,0
APP103143,48,52735.82,12.0,7051.68,708.0,4467.01,9,15,0,OWN,debt_consolidation,0
APP103144,58,28376.91,29.0,8202.52,719.0,4462.14,6,4,1,MORTGAGE,debt_consolidation,0
APP103145,48,,39.0,4856.59,638.0,26174.53,7,15,1,MORTGAGE,home_improvement,1
APP103146,52,49376.75,37.0,17840.3,770.0,4875.36,0,18,0,RENT,debt_consolidation,0
APP103147,61,58248.62,27.0,13138.84,676.0,4244.45,1,23,0,MORTGAGE,credit_card,0
APP103148,69,57390.51,14.0,4149.33,717.0,1961.87,2,15,2,RENT,debt_consolidation,0
APP103149,26,40434.15,36.0,10052.57,591.0,2258.63,10,10,1,OWN,business,1
APP103150,55,38792.36,37.0,3869.37,771.0,2843.19,5,25,1,MORTGAGE,home_improvement,0
APP103151,32,47260.65,0.0,22144.7,649.0,6562.13,6,19,0,OWN,credit_card,1
APP103152,30,42272.08,13.0,26068.03,776.0,1573.02,8,19,0,MORTGAGE,car,0
APP103153,59,47604.28,22.0,9571.62,758.0,2885.05,5,28,2,OWN,car,0
APP103154,24,40215.18,23.0,5933.76,670.0,1109.0,1,28,2,MORTGAGE,car,0
APP103155,62,55347.78,28.0,6643.79,682.0,15086.01,7,21,0,RENT,credit_card,0
APP103156,58,16097.13,20.0,7538.32,635.0,5351.47,5,4,0,RENT,credit_card,0
APP103157,69,34008.41,0.0,9282.66,584.0,6300.15,8,0,2,MORTGAGE,car,1
APP103158,53,18179.99,6.0,22522.76,697.0,2054.96,9,17,0,MORTGAGE,debt_consolidation,0
APP103159,63,41703.95,30.0,17559.69,693.0,12444.51,11,4,1,MORTGAGE,home_improvement,0
APP103160,26,82533.96,27.0,17722.72,520.0,16357.62,7,27,0,MORTGAGE,business,1
APP103161,64,28651.4,26.0,10963.72,643.0,5185.07,13,11,0,MORTGAGE,car,1
APP103162,28,38701.2,17.0,4953.42,719.0,3349.96,14,7,0,RENT,credit_card,0
APP103163,36,53010.4,10.0,6235.2,767.0,7644.92,10,12,0,RENT,car,0
APP103164,27,12914.92,12.0,10264.36,708.0,8847.04,13,21,3,OWN,debt_consolidation,1
APP103165,40,27971.59,27.0,4814.27,528.0,9860.26,14,9,2,RENT,business,1
APP103166,57,43575.83,20.0,11877.37,565.0,8359.16,12,3,3,MORTGAGE,credit_card,1
APP103167,34,8531.35,5.0,16043.74,622.0,10627.43,2,13,1,MORTGAGE,car,1
APP103168,61,22283.37,15.0,13728.2,761.0,2823.95,10,14,0,OWN,credit_card,0
APP103169,50,62970.96,32.0,13401.39,601.0,10193.71,2,28,0,RENT,home_improvement,0
APP103170,51,59963.93,23.0,3229.98,734.0,3418.51,4,2,0,RENT,credit_card,0
APP103171,67,43789.93,34.0,22026.76,600.0,659.88,11,24,3,RENT,debt_consolidation,1
APP103172,42,56449.34,20.0,3864.43,692.0,3393.49,8,8,1,MORTGAGE,credit_card,1
APP103173,37,40439.09,19.0,9030.39,574.0,3155.42,9,4,0,MORTGAGE,other,1
APP103174,69,47939.61,37.0,14344.56,634.0,5960.02,5,3,1,MORTGAGE,debt_consolidation,0
APP103175,48,31013.35,20.0,12273.02,559.0,9608.4,12,13,3,RENT,credit_card,1
APP103176,51,38480.48,5.0,4597.64,765.0,5734.47,5,19,3,RENT,debt_consolidation,0
APP103177,35,26471.26,16.0,5120.49,594.0,24511.81,10,20,1,RENT,home_improvement,1
APP103178,31,68305.23,25.0,11757.46,526.0,3229.15,11,22,1,MORTGAGE,credit_card,1
APP103179,29,77713.15,13.0,13446.94,519.0,1002.08,0,4,1,MORTGAGE,other,1
APP103180,31,72399.63,16.0,5093.28,643.0,6138.87,12,18,1,MORTGAGE,debt_consolidation,0
APP103181,30,29612.32,34.0,12525.92,613.0,3178.35,10,1,0,RENT,credit_card,0
APP103182,57,22541.49,17.0,3987.17,701.0,2062.04,2,12,0,MORTGAGE,other,0
APP103183,23,68767.52,,14394.96,631.0,3873.73,3,28,0,OWN,debt_consolidation,0
APP103184,51,47665.05,4.0,5823.72,743.0,2626.14,1,18,0,RENT,debt_consolidation,0
APP103185,67,42799.95,16.0,10386.98,619.0,2841.73,6,23,0,MORTGAGE,home_improvement,0
APP103186,58,26454.56,30.0,9391.51,732.0,16614.03,0,1,0,MORTGAGE,debt_consolidation,0
APP103187,40,44928.69,11.0,19858.64,573.0,5428.73,10,26,1,RENT,credit_card,1
APP103188,23,,18.0,11444.65,529.0,3974.73,1,11,0,RENT,debt_consolidation,1
APP103189,61,49862.83,26.0,6908.71,584.0,17642.95,9,23,0,RENT,credit_card,0
APP103190,21,72362.49,37.0,12280.35,559.0,3880.11,10,10,0,MORTGAGE,debt_consolidation,0
APP103191,54,82086.0,32.0,35790.86,550.0,1837.01,5,20,0,OWN,business,0
APP103192,53,51754.26,11.0,15430.07,683.0,1700.77,5,16,0,RENT,debt_consolidation,0
APP103193,30,18196.59,6.0,9551.94,628.0,4610.09,10,22,0,OWN,business,1
APP103194,57,40081.3,26.0,6001.91,661.0,1321.07,13,28,0,OWN,car,0
APP103195,29,105856.63,10.0,6837.01,692.0,1923.76,14,15,1,RENT,car,0
APP103196,32,23522.07,15.0,14883.31,515.0,3622.77,9,0,2,MORTGAGE,car,1
APP103197,60,35256.64,4.0,5816.88,695.0,12155.67,3,7,0,OWN,other,1
APP103198,68,73626.64,30.0,9913.11,553.0,13814.17,5,10,1,MORTGAGE,car,1
APP103199,33,49442.56,6.0,23448.72,603.0,8330.82,1,2,4,MORTGAGE,credit_card,1
APP103200,66,125502.15,15.0,10831.73,498.0,4899.55,0,14,1,MORTGAGE,car,1
APP103201,65,25173.96,16.0,5179.8,702.0,3114.04,2,17,1,MORTGAGE,business,0
APP103202,58,22139.58,1.0,36559.95,514.0,6705.52,11,15,0,RENT,business,1
APP103203,27,66974.2,31.0,28494.57,553.0,20446.62,6,6,1,OWN,home_improvement,0
APP103204,35,19971.48,24.0,13369.16,559.0,5503.47,8,11,0,OWN,business,1
APP103205,54,32912.77,21.0,21278.52,639.0,3396.16,4,24,2,RENT,home_improvement,0
APP103206,69,35142.86,7.0,8432.19,637.0,4332.36,0,4,0,OWN,debt_consolidation,1
APP103207,60,60961.31,2.0,15285.69,714.0,3970.5,7,16,0,RENT,debt_consolidation,0
APP103208,41,49371.77,2.0,7676.17,,7623.63,6,23,0,MORTGAGE,home_improvement,1
APP103209,32,45639.66,,4388.54,727.0,2667.94,1,29,0,MORTGAGE,credit_card,0
APP103210,68,29696.5,29.0,46870.96,680.0,6801.82,9,15,1,OWN,debt_consolidation,0
APP103211,34,66669.44,31.0,4255.97,574.0,7742.88,3,11,1,MORTGAGE,debt_consolidation,0
APP103212,37,271824.53,,11831.67,596.0,6471.98,7,19,2,MORTGAGE,debt_consolidation,0
APP103213,68,51310.01,15.0,11749.03,770.0,2061.12,5,12,1,RENT,car,0
APP103214,48,38171.18,0.0,13488.64,748.0,4360.85,1,23,1,MORTGAGE,debt_consolidation,0
APP103215,33,18978.62,9.0,9378.63,715.0,3224.6,14,8,0,RENT,car,0
APP103216,21,26403.7,31.0,9437.53,726.0,4632.8,9,9,0,OWN,debt_consolidation,0
APP103217,42,32635.14,30.0,10754.15,687.0,2883.36,4,8,1,OWN,debt_consolidation,0
APP103218,69,27797.46,20.0,13199.33,676.0,13288.76,3,23,1,RENT,business,1
APP103219,42,36024.74,0.0,9886.35,653.0,5707.35,0,14,2,RENT,car,1
APP103220,55,88345.28,31.0,9499.39,785.0,1346.8,11,22,1,OWN,home_improvement,0
APP103221,33,67750.25,32.0,4479.8,612.0,1696.34,4,1,2,OWN,debt_consolidation,1
APP103222,59,33543.01,9.0,33130.5,669.0,12884.83,3,22,1,RENT,debt_consolidation,0
APP103223,59,19848.03,32.0,13648.97,513.0,4255.39,14,25,1,OWN,credit_card,1
APP103224,50,70875.76,25.0,11218.78,,3598.06,14,3,0,MORTGAGE,car,1
APP103225,58,35435.62,35.0,6804.37,795.0,12122.67,6,2,1,RENT,credit_card,0
APP103226,49,15317.48,25.0,5419.89,699.0,4353.72,8,16,0,MORTGAGE,car,0
APP103227,39,51855.44,3.0,16580.65,632.0,1889.18,12,27,0,RENT,home_improvement,0
APP103228,57,60648.09,25.0,8991.93,656.0,1993.98,9,25,0,OWN,business,0
APP103229,61,,4.0,14366.28,541.0,8119.39,4,11,3,MORTGAGE,car,1
APP103230,62,24045.97,10.0,4397.14,615.0,24923.57,11,27,0,OWN,debt_consolidation,1
APP103231,31,34364.28,34.0,25037.07,533.0,9620.51,2,13,0,MORTGAGE,debt_consolidation,1
APP103232,54,52431.11,38.0,16997.58,626.0,3620.94,8,19,1,RENT,debt_consolidation,0
APP103233,21,28060.74,19.0,9427.28,704.0,4099.52,7,28,2,RENT,debt_consolidation,1
APP103234,49,23954.92,11.0,13102.72,686.0,5109.11,8,5,2,OWN,debt_consolidation,1
APP103235,48,52239.0,15.0,15438.24,777.0,976.55,10,22,1,MORTGAGE,car,0
APP103236,38,28734.07,9.0,4437.35,673.0,5007.92,0,12,0,MORTGAGE,debt_consolidation,0
APP103237,69,47620.91,22.0,27083.94,451.0,7842.18,12,8,0,OWN,credit_card,1
APP103238,64,,16.0,13226.22,806.0,20299.48,4,12,0,OWN,business,0
APP103239,22,18468.71,2.0,6486.89,582.0,11761.51,3,9,2,RENT,debt_consolidation,1
APP103240,31,52978.14,24.0,5125.82,662.0,23015.87,7,18,0,RENT,home_improvement,0
APP103241,31,41202.74,25.0,17894.68,658.0,18853.72,14,4,2,OWN,credit_card,1
APP103242,64,57597.12,26.0,11233.95,669.0,14999.24,12,17,2,RENT,business,0
APP103243,46,27825.37,37.0,13220.98,653.0,5018.88,7,19,1,RENT,business,0
APP103244,56,24402.66,28.0,10056.74,655.0,6476.17,8,24,0,MORTGAGE,other,0
APP103245,60,71708.13,27.0,5422.73,544.0,1291.89,7,19,1,MORTGAGE,debt_consolidation,1
APP103246,58,16958.43,8.0,13428.98,850.0,5454.95,10,20,3,MORTGAGE,business,0
APP103247,25,67895.86,,8790.96,702.0,7730.5,12,26,2,OWN,car,0
APP103248,27,70280.69,17.0,9769.16,654.0,3917.9,2,17,0,OWN,credit_card,0
APP103249,40,55828.78,38.0,41200.33,797.0,1431.81,6,8,0,MORTGAGE,home_improvement,0
APP103250,37,25747.59,18.0,16671.26,564.0,17435.12,8,22,2,OWN,debt_consolidation,1
APP103251,57,24142.72,27.0,17258.48,719.0,6801.21,11,2,0,RENT,business,0
APP103252,28,32694.83,21.0,50630.72,605.0,19467.24,1,11,2,RENT,debt_consolidation,0
APP103253,39,19005.43,2.0,12465.8,682.0,8899.4,8,6,0,MORTGAGE,credit_card,0
APP103254,32,22452.4,37.0,10634.14,683.0,14687.54,11,24,0,MORTGAGE,home_improvement,0
APP103255,30,50129.61,26.0,6584.51,463.0,12462.39,2,28,0,MORTGAGE,car,1
APP103256,29,50245.41,9.0,7543.71,535.0,2853.96,2,9,1,RENT,car,1
APP103257,30,21487.2,2.0,2897.89,776.0,3270.91,0,29,2,MORTGAGE,home_improvement,0
APP103258,48,50922.54,37.0,15902.86,629.0,3488.75,12,28,3,MORTGAGE,credit_card,1
APP103259,41,45576.69,12.0,4627.85,810.0,2268.59,14,10,1,RENT,car,0
APP103260,42,77260.89,0.0,17011.44,754.0,20172.91,7,6,1,MORTGAGE,debt_consolidation,0
APP103261,44,48270.13,24.0,9644.9,632.0,5083.81,12,14,1,RENT,car,0
APP103262,57,61653.82,0.0,10687.55,625.0,7098.27,8,25,2,MORTGAGE,debt_consolidation,0
APP103263,63,46098.64,8.0,9648.71,781.0,1694.56,14,25,1,MORTGAGE,credit_card,0
APP103264,46,59276.28,35.0,22734.63,818.0,9460.37,1,22,2,OWN,credit_card,0
APP103265,52,19080.87,1.0,20448.51,627.0,3541.97,10,14,0,MORTGAGE,home_improvement,1
APP103266,57,34170.83,30.0,9727.04,773.0,13477.5,10,12,0,MORTGAGE,home_improvement,0
APP103267,54,35614.52,24.0,5770.98,732.0,2840.32,9,28,1,OWN,debt_consolidation,0
APP103268,27,32148.63,12.0,17228.73,746.0,14264.23,7,16,0,RENT,credit_card,0
APP103269,69,45339.93,11.0,5515.15,658.0,10432.57,3,25,3,MORTGAGE,car,1
APP103270,29,49870.74,18.0,3893.58,596.0,3386.15,2,24,1,RENT,debt_consolidation,0
APP103271,41,44184.47,21.0,13346.51,565.0,15279.58,9,22,2,OWN,business,1
APP103272,52,33240.63,35.0,20559.82,545.0,12320.76,8,26,1,MORTGAGE,business,1
APP103273,40,25137.98,10.0,7761.64,802.0,7271.41,7,18,2,MORTGAGE,debt_consolidation,1
APP103274,32,62855.46,23.0,12615.87,650.0,2219.65,0,13,3,RENT,car,0
APP103275,66,43254.93,27.0,7712.48,558.0,9321.6,5,6,3,MORTGAGE,debt_consolidation,1
APP103276,24,21822.42,0.0,15263.14,730.0,5181.28,13,1,0,MORTGAGE,credit_card,1
APP103277,33,32963.5,35.0,19091.87,611.0,5112.68,10,5,1,RENT,debt_consolidation,0
APP103278,69,15189.36,39.0,8453.04,597.0,5213.8,11,29,4,RENT,car,1
APP103279,56,36963.47,3.0,5342.44,815.0,4797.75,1,25,1,MORTGAGE,debt_consolidation,0
APP103280,25,32886.25,10.0,4128.96,543.0,2458.98,6,14,3,RENT,debt_consolidation,1
APP103281,57,27248.85,31.0,17247.34,,1462.22,7,7,1,OWN,car,0
APP103282,68,80201.71,32.0,5004.34,602.0,1239.71,11,3,0,MORTGAGE,debt_consolidation,0
APP103283,25,20372.13,6.0,12372.29,589.0,6244.61,11,7,0,RENT,debt_consolidation,1
APP103284,41,51699.14,36.0,15779.14,532.0,706.94,1,7,0,RENT,other,0
APP103285,43,108375.15,13.0,7326.25,654.0,8786.56,12,25,0,MORTGAGE,business,0
APP103286,27,62232.58,11.0,8957.74,580.0,7368.23,0,21,3,OWN,home_improvement,1
APP103287,30,35747.32,14.0,18023.4,697.0,3857.67,7,1,4,OWN,credit_card,1
APP103288,29,20598.34,26.0,6094.14,646.0,11172.62,3,0,1,RENT,car,1
APP103289,30,18379.09,8.0,5734.03,624.0,3991.58,5,21,0,MORTGAGE,credit_card,0
APP103290,40,29561.38,21.0,8598.69,580.0,6869.55,6,4,0,MORTGAGE,debt_consolidation,1
APP103291,43,25757.98,3.0,21306.08,764.0,1026.04,8,18,2,MORTGAGE,credit_card,1
APP103292,32,25342.21,5.0,26015.26,708.0,817.74,0,13,1,OWN,home_improvement,1
APP103293,35,30848.5,30.0,9327.57,595.0,4071.38,1,1,0,MORTGAGE,home_improvement,1
APP103294,30,34505.58,15.0,6455.75,541.0,6893.16,10,19,1,MORTGAGE,credit_card,1
APP103295,60,46286.52,31.0,18741.0,498.0,10511.33,1,5,1,OWN,other,0
APP103296,31,19557.26,29.0,3635.21,740.0,4264.97,3,6,0,RENT,debt_consolidation,0
APP103297,65,25819.31,39.0,11482.35,722.0,5986.45,12,8,1,MORTGAGE,credit_card,1
APP103298,47,33528.93,5.0,9639.76,733.0,9218.72,3,28,0,OWN,debt_consolidation,0
APP103299,60,32933.89,37.0,21510.51,640.0,4437.26,1,6,1,RENT,credit_card,1
APP103300,52,90963.34,35.0,22856.96,714.0,7862.08,7,7,2,RENT,credit_card,0
APP103301,34,40787.19,17.0,5622.23,732.0,1992.11,6,5,1,MORTGAGE,debt_consolidation,0
APP103302,50,16207.11,5.0,10944.66,644.0,1306.17,1,26,1,RENT,debt_consolidation,0
APP103303,34,44760.92,5.0,7027.86,621.0,3206.41,6,25,0,MORTGAGE,car,0
APP103304,26,47706.93,20.0,8299.94,571.0,9134.38,12,28,0,MORTGAGE,credit_card,1
APP103305,33,34113.07,0.0,14334.62,684.0,2782.66,14,27,2,RENT,business,1
APP103306,34,19797.32,3.0,8095.5,694.0,8272.12,0,15,2,MORTGAGE,other,1
APP103307,27,87467.92,21.0,11118.38,617.0,2161.2,10,5,3,RENT,business,1
APP103308,22,21270.11,22.0,17577.3,626.0,3084.02,10,12,1,RENT,home_improvement,1
APP103309,67,50533.21,34.0,24565.47,632.0,5964.81,11,17,1,MORTGAGE,home_improvement,0
APP103310,46,40135.85,38.0,11768.81,713.0,2881.49,11,23,0,MORTGAGE,car,0
APP103311,40,49040.67,10.0,10621.75,540.0,3299.86,10,12,1,OWN,debt_consolidation,1
APP103312,66,85257.29,13.0,5093.02,561.0,609.88,13,1,3,RENT,debt_consolidation,1
APP103313,32,48089.51,7.0,25628.98,563.0,9618.05,4,11,3,RENT,debt_consolidation,1
APP103314,40,27465.0,8.0,13325.31,638.0,4469.9,1,16,0,RENT,car,1
APP103315,62,63132.83,17.0,10740.05,675.0,2307.08,5,28,0,OWN,debt_consolidation,0
APP103316,51,26488.08,39.0,10415.28,564.0,21291.94,2,18,3,MORTGAGE,business,1
APP103317,40,39410.16,35.0,12288.17,722.0,2614.15,2,1,1,RENT,home_improvement,0
APP103318,33,19024.03,36.0,15726.06,767.0,3253.77,0,15,1,RENT,other,0
APP103319,22,21662.96,18.0,16938.26,683.0,2276.9,8,29,2,MORTGAGE,car,0
APP103320,25,37260.66,26.0,26016.37,739.0,11884.81,12,11,0,OWN,debt_consolidation,0
APP103321,28,43653.7,28.0,11448.49,576.0,15475.8,1,9,3,RENT,credit_card,1
APP103322,59,15503.25,9.0,28353.92,578.0,14287.13,9,0,1,MORTGAGE,debt_consolidation,1
APP103323,52,46566.83,18.0,18669.27,691.0,14178.59,13,17,1,RENT,debt_consolidation,0
APP103324,42,24107.67,22.0,9546.42,,3047.73,7,8,0,OWN,home_improvement,0
APP103325,59,68860.91,14.0,3639.41,578.0,18731.15,2,27,0,MORTGAGE,credit_card,0
APP103326,28,30455.38,18.0,10418.49,764.0,4202.84,10,7,1,RENT,credit_card,0
APP103327,31,20706.21,17.0,25212.29,673.0,1430.66,3,19,2,MORTGAGE,credit_card,0
APP103328,40,37718.36,2.0,6215.75,706.0,3494.04,1,19,2,MORTGAGE,debt_consolidation,1
APP103329,65,22968.58,30.0,10399.13,596.0,6378.97,7,23,0,MORTGAGE,debt_consolidation,0
APP103330,51,,36.0,10928.52,784.0,2934.05,0,11,3,OWN,business,0
APP103331,62,36325.13,30.0,17418.29,637.0,5527.65,4,2,1,OWN,credit_card,1
APP103332,33,33663.24,37.0,7842.5,731.0,7549.77,11,5,1,MORTGAGE,debt_consolidation,0
APP103333,62,48820.25,17.0,5874.46,603.0,6825.98,2,17,3,MORTGAGE,credit_card,1
APP103334,24,21972.05,2.0,13932.8,663.0,8300.79,7,8,0,RENT,home_improvement,1
APP103335,32,19061.45,10.0,6335.78,694.0,4255.47,14,9,0,RENT,home_improvement,0
APP103336,46,44541.46,34.0,3290.18,809.0,2746.75,3,3,3,OWN,debt_consolidation,0
APP103337,23,20955.67,5.0,29858.45,614.0,1516.05,4,12,1,MORTGAGE,debt_consolidation,1
APP103338,63,20952.12,21.0,17261.23,666.0,4580.65,10,17,0,OWN,home_improvement,1
APP103339,63,55181.22,0.0,30639.11,697.0,3197.79,11,7,1,MORTGAGE,credit_card,0
APP103340,47,47218.08,12.0,16720.78,536.0,4470.54,7,22,2,RENT,home_improvement,1
APP103341,35,19401.1,4.0,14886.63,476.0,937.79,10,18,3,MORTGAGE,debt_consolidation,1
APP103342,25,26647.0,4.0,12353.83,570.0,1458.63,9,11,1,RENT,credit_card,1
APP103343,51,23112.62,6.0,8851.86,727.0,7390.74,3,16,3,OWN,car,0
APP103344,47,88270.36,21.0,13457.12,787.0,1328.25,12,23,0,MORTGAGE,home_improvement,0
APP103345,58,57125.46,27.0,7101.49,576.0,4221.61,4,3,1,RENT,credit_card,1
APP103346,50,29424.34,11.0,5210.66,552.0,2528.45,10,9,0,OWN,debt_consolidation,1
APP103347,27,48440.78,,8108.47,772.0,2403.15,8,21,1,RENT,home_improvement,0
APP103348,26,18433.17,15.0,21480.38,604.0,5261.89,8,21,0,RENT,credit_card,1
APP103349,59,25943.51,29.0,4724.68,620.0,5028.36,12,8,0,MORTGAGE,credit_card,0
APP103350,28,38270.38,21.0,4769.94,766.0,7608.51,13,18,3,MORTGAGE,home_improvement,0
APP103351,66,45529.48,28.0,14112.07,753.0,2035.29,11,17,0,OWN,home_improvement,0
APP103352,26,34588.29,39.0,7715.24,724.0,2422.21,8,17,1,RENT,debt_consolidation,0
APP103353,56,41110.0,39.0,13243.96,513.0,12071.28,4,26,0,MORTGAGE,car,1
APP103354,68,37766.14,23.0,17924.33,549.0,4106.37,10,7,0,OWN,car,0
APP103355,42,33463.52,38.0,13054.91,739.0,6586.07,0,11,1,MORTGAGE,home_improvement,0
APP103356,23,31317.34,28.0,6772.68,675.0,3302.07,1,12,0,RENT,home_improvement,0
APP103357,63,29344.71,10.0,21370.36,587.0,7074.1,9,19,1,RENT,debt_consolidation,1
APP103358,30,40780.89,37.0,15448.6,622.0,671.15,4,20,0,RENT,credit_card,1
APP103359,46,44596.37,5.0,10057.73,738.0,12346.42,7,25,2,OWN,business,1
APP103360,69,40101.92,18.0,9769.79,772.0,3414.44,14,4,0,MORTGAGE,car,0
APP103361,57,20144.8,6.0,12386.91,649.0,1809.6,5,18,0,MORTGAGE,business,1
APP103362,23,22038.28,31.0,8207.55,595.0,2100.65,6,5,3,OWN,business,1
APP103363,61,44331.06,35.0,3719.25,627.0,3980.37,9,29,0,RENT,car,0
APP103364,28,75798.72,32.0,15523.26,757.0,4499.33,11,0,2,RENT,credit_card,0
APP103365,57,39191.21,4.0,14979.62,755.0,5502.48,14,2,0,MORTGAGE,credit_card,0
APP103366,51,29559.66,10.0,2488.31,,1892.92,4,26,3,RENT,other,0
APP103367,35,40626.27,13.0,13445.58,607.0,9866.86,13,10,0,RENT,car,1
APP103368,41,20570.01,4.0,28392.78,736.0,3231.11,3,10,1,RENT,debt_consolidation,1
APP103369,26,69875.58,21.0,5031.22,779.0,3104.32,9,21,0,MORTGAGE,debt_consolidation,0
APP103370,69,39866.72,1.0,9471.34,533.0,4101.0,1,4,0,RENT,home_improvement,1
APP103371,32,25984.91,24.0,8873.38,631.0,8352.07,14,14,3,RENT,car,1
APP103372,36,33409.72,22.0,26802.41,742.0,4783.27,11,9,1,RENT,debt_consolidation,0
APP103373,45,27902.79,23.0,19391.08,655.0,3184.74,5,7,2,RENT,home_improvement,0
APP103374,53,69970.92,36.0,5842.71,610.0,3793.35,13,5,4,MORTGAGE,home_improvement,1
APP103375,45,32822.84,31.0,12152.27,664.0,13034.11,1,10,0,RENT,credit_card,1
APP103376,45,39249.06,10.0,39403.24,679.0,11433.43,5,14,0,MORTGAGE,credit_card,1
APP103377,49,48381.04,22.0,6803.38,559.0,6585.8,6,21,1,OWN,debt_consolidation,1
APP103378,63,25074.75,32.0,9831.12,657.0,5535.22,9,5,3,MORTGAGE,credit_card,1
APP103379,40,40008.8,34.0,13468.44,679.0,31284.73,9,23,2,OWN,debt_consolidation,0
APP103380,61,41656.71,25.0,6863.46,610.0,7121.06,0,5,3,OWN,home_improvement,1
APP103381,59,16696.6,3.0,28507.48,587.0,5678.76,12,19,0,MORTGAGE,home_improvement,1
APP103382,68,41206.37,17.0,7453.2,606.0,4181.12,2,11,1,MORTGAGE,debt_consolidation,1
APP103383,65,35494.0,34.0,4300.9,572.0,6538.39,14,26,3,OWN,other,1
APP103384,60,38753.76,2.0,7222.89,718.0,430.01,6,20,2,MORTGAGE,credit_card,1
APP103385,33,36968.26,23.0,14644.38,571.0,11183.25,7,15,0,MORTGAGE,debt_consolidation,1
APP103386,58,41339.96,21.0,6130.89,,1776.83,5,1,1,MORTGAGE,credit_card,0
APP103387,57,70874.9,8.0,11864.66,620.0,2767.05,5,24,1,MORTGAGE,home_improvement,0
APP103388,35,20135.63,13.0,13870.65,593.0,1603.36,6,29,0,RENT,business,0
APP103389,54,30605.16,39.0,4791.7,759.0,2726.76,4,3,2,MORTGAGE,business,0
APP103390,33,50681.15,23.0,7057.02,639.0,3743.36,13,16,1,RENT,car,0
APP103391,46,46187.43,37.0,12202.33,596.0,10011.41,9,29,1,OWN,car,0
APP103392,60,45693.11,18.0,15084.87,588.0,13783.83,6,18,0,OWN,credit_card,1
APP103393,30,143887.73,33.0,7163.33,677.0,23222.66,10,26,1,MORTGAGE,credit_card,0
APP103394,37,49368.5,24.0,10840.71,716.0,5333.64,0,24,2,RENT,credit_card,0
APP103395,59,63925.2,36.0,8346.84,751.0,4124.7,9,26,1,RENT,credit_card,0
APP103396,43,31146.71,13.0,15316.87,636.0,9169.65,2,8,0,RENT,home_improvement,1
APP103397,68,22104.66,15.0,13516.25,631.0,2481.66,2,26,1,OWN,credit_card,1
APP103398,21,31034.08,1.0,7910.21,660.0,2269.51,9,4,1,OWN,credit_card,1
APP103399,56,51843.25,9.0,13188.05,663.0,3663.7,6,25,4,RENT,car,0
APP103400,60,44507.54,5.0,7726.73,588.0,4783.5,2,16,3,RENT,other,1
APP103401,65,44428.02,7.0,13022.28,766.0,940.6,1,2,1,MORTGAGE,credit_card,0
APP103402,28,32624.79,12.0,13131.6,651.0,11539.83,9,20,2,RENT,credit_card,1
APP103403,69,30124.64,34.0,41053.36,692.0,5955.44,7,27,0,RENT,car,0
APP103404,40,33192.24,15.0,8088.86,683.0,9307.33,3,26,3,OWN,debt_consolidation,1
APP103405,38,52168.69,33.0,9092.81,682.0,1399.14,3,5,3,OWN,home_improvement,1
APP103406,38,55290.91,32.0,6712.06,569.0,2886.92,11,25,1,RENT,debt_consolidation,1
APP103407,52,21957.83,39.0,5325.73,649.0,2772.15,13,26,1,RENT,debt_consolidation,0
APP103408,53,53165.84,20.0,7526.04,832.0,4178.91,14,29,0,OWN,credit_card,0
APP103409,44,26229.48,33.0,14750.92,776.0,4784.56,12,16,2,RENT,debt_consolidation,0
APP103410,24,45911.04,16.0,15405.45,662.0,9854.36,3,27,1,MORTGAGE,credit_card,0
APP103411,69,32991.89,25.0,11818.34,620.0,5318.82,10,8,0,MORTGAGE,business,0
APP103412,31,79450.88,32.0,8287.81,472.0,2715.97,5,15,2,RENT,car,1
APP103413,25,29465.13,5.0,7361.18,610.0,28287.38,1,9,4,OWN,home_improvement,1
APP103414,50,39707.92,2.0,5709.59,643.0,3974.06,2,10,0,MORTGAGE,debt_consolidation,0
APP103415,41,49182.67,6.0,7085.94,624.0,2379.26,6,8,0,MORTGAGE,debt_consolidation,1
APP103416,51,23459.26,28.0,4550.18,630.0,1087.76,4,19,2,MORTGAGE,car,0
APP103417,63,35016.39,18.0,22352.98,699.0,5283.41,2,21,1,OWN,car,0
APP103418,25,31783.66,11.0,29800.81,569.0,8540.83,11,24,0,MORTGAGE,debt_consolidation,0
APP103419,34,28087.87,30.0,3097.91,671.0,1974.41,0,22,1,OWN,credit_card,0
APP103420,46,29147.91,0.0,11772.93,641.0,8103.02,14,3,1,MORTGAGE,other,0
APP103421,59,63323.22,6.0,11656.45,579.0,5254.88,6,12,1,RENT,car,0
APP103422,50,26922.69,18.0,11218.12,783.0,1189.52,4,18,3,RENT,credit_card,0
APP103423,39,48204.32,36.0,6935.12,709.0,8107.53,4,12,1,MORTGAGE,credit_card,0
APP103424,50,42501.62,29.0,18279.0,587.0,3975.71,10,5,0,MORTGAGE,credit_card,0
APP103425,69,18061.0,27.0,12661.06,691.0,1996.42,13,6,1,MORTGAGE,debt_consolidation,0
APP103426,44,47079.11,28.0,18406.76,538.0,10567.31,4,16,1,RENT,home_improvement,1
APP103427,64,17912.31,12.0,6358.15,596.0,10407.61,13,11,0,RENT,credit_card,1
APP103428,59,49714.2,,4316.03,756.0,1962.09,13,21,3,RENT,debt_consolidation,0
APP103429,35,28181.03,35.0,12848.0,678.0,6215.26,14,19,2,MORTGAGE,debt_consolidation,0
APP103430,33,36467.75,29.0,5553.78,671.0,5782.66,9,7,3,OWN,home_improvement,0
APP103431,58,19012.65,23.0,18634.31,728.0,4654.85,0,18,1,OWN,home_improvement,0
APP103432,31,38607.09,3.0,2762.88,698.0,3253.46,4,17,1,OWN,car,0
APP103433,37,57726.71,29.0,7471.69,628.0,4364.51,7,3,2,MORTGAGE,debt_consolidation,0
APP103434,32,24258.38,14.0,6839.34,,10412.92,11,24,1,OWN,debt_consolidation,0
APP103435,50,26806.95,15.0,8107.74,514.0,6818.0,0,21,0,RENT,car,1
APP103436,35,45583.93,26.0,11575.65,596.0,1051.22,8,26,2,OWN,debt_consolidation,1
APP103437,53,46157.24,15.0,12553.33,642.0,884.69,9,29,4,RENT,debt_consolidation,1
APP103438,66,10752.68,22.0,14528.14,693.0,1112.44,0,8,2,MORTGAGE,business,1
APP103439,61,99479.13,0.0,15568.3,624.0,1658.1,7,24,1,RENT,debt_consolidation,0
APP103440,67,47300.53,7.0,8929.22,507.0,2686.15,6,28,2,OWN,credit_card,1
APP103441,22,51454.82,21.0,35074.25,496.0,3421.51,6,0,2,OWN,business,1
APP103442,43,33800.46,38.0,22748.49,644.0,4663.64,11,19,0,RENT,debt_consolidation,0
APP103443,31,14361.74,30.0,8207.53,,4783.51,0,24,1,MORTGAGE,credit_card,1
APP103444,65,50886.91,16.0,9116.81,577.0,4727.33,11,3,3,OWN,other,1
APP103445,55,27375.56,38.0,8104.47,563.0,12269.9,1,0,0,RENT,debt_consolidation,1
APP103446,36,47665.63,11.0,12307.69,660.0,1285.17,10,9,1,RENT,car,0
APP103447,48,32552.17,35.0,5523.89,754.0,6419.95,4,4,0,MORTGAGE,home_improvement,0
APP103448,50,40905.5,16.0,6162.74,660.0,6395.05,7,5,3,RENT,car,1
APP103449,45,24649.25,3.0,2696.15,755.0,1789.79,3,7,1,MORTGAGE,credit_card,0
APP103450,44,55948.92,0.0,7791.62,620.0,7532.84,14,7,1,OWN,car,1
APP103451,23,20046.51,39.0,18748.25,685.0,6621.37,2,14,1,RENT,home_improvement,0
APP103452,43,111612.1,25.0,9033.9,758.0,4747.62,6,27,1,RENT,business,0
APP103453,38,111187.62,5.0,9342.25,637.0,710.41,12,25,2,MORTGAGE,debt_consolidation,0
APP103454,61,82153.92,39.0,11694.75,652.0,10625.67,5,3,1,MORTGAGE,debt_consolidation,0
APP103455,63,68716.15,1.0,5424.37,620.0,5891.99,0,24,0,RENT,credit_card,0
APP103456,57,34812.29,13.0,10048.43,697.0,6787.67,3,22,0,OWN,car,0
APP103457,22,65073.54,29.0,16885.28,722.0,326.17,3,11,0,RENT,credit_card,0
APP103458,62,34610.48,2.0,11895.77,678.0,3212.44,1,12,1,RENT,credit_card,1
APP103459,40,16701.29,36.0,17799.02,631.0,1560.95,13,14,1,MORTGAGE,debt_consolidation,0
APP103460,41,77003.08,27.0,21130.63,530.0,13831.97,12,26,0,MORTGAGE,debt_consolidation,1
APP103461,67,63857.69,37.0,14728.71,646.0,2030.39,13,5,0,RENT,debt_consolidation,0
APP103462,63,35750.89,33.0,6450.93,634.0,16049.18,8,15,2,RENT,credit_card,0
APP103463,23,19680.98,32.0,8050.74,668.0,10533.12,5,28,2,RENT,credit_card,1
APP103464,38,27089.45,9.0,31536.26,659.0,5866.89,12,20,0,RENT,business,0
APP103465,57,14609.5,8.0,11950.17,775.0,12189.27,12,8,2,RENT,credit_card,1
APP103466,47,58252.39,9.0,11032.2,594.0,2308.76,10,24,0,MORTGAGE,debt_consolidation,1
APP103467,33,16290.63,6.0,5907.77,523.0,2664.54,2,6,0,MORTGAGE,credit_card,1
APP103468,46,41915.69,26.0,9368.64,558.0,10279.32,12,7,0,RENT,credit_card,1
APP103469,63,23816.96,2.0,15211.76,599.0,2317.28,9,29,0,RENT,home_improvement,0
APP103470,31,17794.56,17.0,9985.68,736.0,1701.64,10,23,0,RENT,business,0
APP103471,57,40911.95,,7247.22,546.0,3800.79,13,6,1,MORTGAGE,credit_card,1
APP103472,57,30733.25,21.0,8329.58,556.0,2426.7,4,23,1,MORTGAGE,debt_consolidation,1
APP103473,64,55220.78,19.0,20233.51,683.0,21857.7,7,5,1,OWN,business,1
APP103474,35,19267.93,8.0,14774.65,717.0,9138.82,5,9,1,RENT,credit_card,1
APP103475,31,24868.14,4.0,13635.39,526.0,3100.17,2,29,2,MORTGAGE,debt_consolidation,1
APP103476,47,11005.81,39.0,12894.15,508.0,2205.93,7,10,0,RENT,debt_consolidation,0
APP103477,47,12183.36,18.0,4866.75,587.0,6444.17,8,2,2,MORTGAGE,credit_card,1
APP103478,41,,23.0,11654.05,702.0,12708.62,4,29,3,MORTGAGE,business,0
APP103479,59,102929.45,22.0,18784.82,661.0,6202.62,11,0,0,MORTGAGE,debt_consolidation,1
APP103480,60,38038.84,14.0,8462.9,590.0,2296.58,4,29,1,RENT,business,1
APP103481,33,24054.7,28.0,17791.16,709.0,1557.19,12,13,2,MORTGAGE,debt_consolidation,0
APP103482,59,31281.29,15.0,13727.22,659.0,3631.96,11,8,0,MORTGAGE,home_improvement,0
APP103483,32,56206.47,16.0,16262.28,641.0,6327.65,5,8,1,MORTGAGE,debt_consolidation,1
APP103484,40,28079.79,32.0,10204.27,520.0,3373.18,11,3,2,RENT,credit_card,1
APP103485,22,40897.2,12.0,16847.4,588.0,11005.72,4,26,0,RENT,business,1
APP103486,37,36084.62,27.0,4110.05,806.0,7493.1,8,29,0,OWN,home_improvement,0
APP103487,67,27325.99,26.0,10095.93,623.0,5942.47,10,22,0,OWN,car,0
APP103488,42,27914.56,1.0,15181.14,573.0,7375.79,3,6,2,MORTGAGE,debt_consolidation,1
APP103489,55,42051.92,27.0,11822.74,619.0,1617.57,3,16,1,RENT,credit_card,1
APP103490,26,22282.48,32.0,19098.67,659.0,3299.14,1,21,1,MORTGAGE,debt_consolidation,0
APP103491,52,45518.07,10.0,9006.85,720.0,2138.38,3,0,0,OWN,business,0
APP103492,39,28687.32,36.0,7126.15,699.0,6684.25,10,18,3,MORTGAGE,home_improvement,1
APP103493,57,38703.44,0.0,3701.73,595.0,2164.6,2,7,2,OWN,credit_card,1
APP103494,66,72546.37,7.0,8401.96,751.0,5247.72,13,22,0,MORTGAGE,debt_consolidation,0
APP103495,47,33386.4,37.0,13495.68,715.0,4308.7,5,26,1,RENT,debt_consolidation,0
APP103496,26,57520.82,34.0,15624.65,614.0,7942.58,4,10,1,MORTGAGE,credit_card,0
APP103497,44,14823.72,30.0,4274.78,639.0,1886.85,6,7,1,OWN,debt_consolidation,0
APP103498,27,28704.77,24.0,20034.18,698.0,7054.42,9,12,2,MORTGAGE,debt_consolidation,0
APP103499,43,36821.76,8.0,5515.67,735.0,2088.95,10,0,0,OWN,car,0
APP103500,23,95003.15,19.0,9203.24,528.0,2272.29,10,7,0,RENT,car,1
APP103501,52,13629.94,22.0,7035.4,655.0,4384.9,1,6,1,MORTGAGE,debt_consolidation,1
APP103502,36,34609.9,3.0,12712.61,647.0,12777.79,13,0,1,MORTGAGE,car,1
APP103503,30,75232.94,23.0,10471.84,604.0,2506.69,6,22,2,MORTGAGE,business,0
APP103504,21,24526.02,3.0,14865.24,603.0,1185.3,12,13,0,OWN,business,0
APP103505,64,32649.36,5.0,29920.01,734.0,2307.18,9,25,4,MORTGAGE,debt_consolidation,1
APP103506,62,42867.51,6.0,12565.52,692.0,3611.47,1,8,1,MORTGAGE,car,1
APP103507,60,39825.16,7.0,7002.29,818.0,21921.8,8,8,0,MORTGAGE,home_improvement,0
APP103508,23,79450.16,3.0,13051.28,604.0,6705.37,12,12,1,MORTGAGE,home_improvement,1
APP103509,38,45444.04,38.0,31795.61,660.0,2690.28,11,6,2,OWN,debt_consolidation,0
APP103510,68,70536.56,32.0,14673.58,,4389.56,10,22,0,RENT,credit_card,0
APP103511,49,30333.13,20.0,17455.61,721.0,17270.84,13,25,0,MORTGAGE,debt_consolidation,0
APP103512,27,25077.78,14.0,3804.17,758.0,4054.97,8,20,1,RENT,other,0
APP103513,27,32439.7,7.0,12483.05,657.0,4094.09,3,5,3,MORTGAGE,debt_consolidation,1
APP103514,33,20342.11,37.0,8426.94,562.0,3553.36,0,23,0,MORTGAGE,other,1
APP103515,68,46247.18,31.0,6580.89,593.0,8577.11,13,10,0,MORTGAGE,car,1
APP103516,29,29943.3,30.0,9765.49,661.0,3228.2,9,29,0,RENT,debt_consolidation,0
APP103517,65,25954.64,18.0,10563.72,739.0,9875.67,13,11,4,MORTGAGE,credit_card,0
APP103518,54,46598.76,1.0,6804.67,534.0,11501.31,11,18,1,RENT,home_improvement,1
APP103519,66,20499.22,25.0,11082.01,556.0,8028.81,5,11,1,MORTGAGE,debt_consolidation,1
APP103520,61,53383.19,19.0,8918.72,710.0,4107.77,2,26,2,RENT,home_improvement,0
APP103521,37,28590.54,11.0,15085.11,546.0,1605.56,12,2,1,MORTGAGE,credit_card,1
APP103522,61,64831.59,12.0,11345.14,559.0,4108.53,12,29,1,RENT,debt_consolidation,1
APP103523,29,29840.78,2.0,12401.27,740.0,2878.84,7,25,0,RENT,home_improvement,0
APP103524,35,49809.19,34.0,17812.09,632.0,2635.38,3,1,1,MORTGAGE,home_improvement,1
APP103525,31,39726.8,6.0,13807.59,626.0,4058.24,12,6,1,OWN,car,0
APP103526,27,52677.88,32.0,9861.06,759.0,7211.18,12,9,0,OWN,business,1
APP103527,25,38367.78,38.0,2829.47,564.0,2986.18,11,11,0,MORTGAGE,debt_consolidation,1
APP103528,30,15808.47,1.0,13470.22,548.0,1636.23,7,17,1,MORTGAGE,home_improvement,1
APP103529,26,60137.97,24.0,5726.42,780.0,2282.45,14,19,1,RENT,credit_card,0
APP103530,39,34757.77,2.0,9398.05,668.0,19001.56,14,5,0,MORTGAGE,home_improvement,1
APP103531,24,53893.12,33.0,12365.04,704.0,7623.51,3,24,0,OWN,debt_consolidation,0
APP103532,24,51283.44,20.0,22022.44,625.0,2284.29,4,0,2,MORTGAGE,debt_consolidation,1
APP103533,69,24670.21,0.0,29893.42,641.0,13783.17,11,17,0,RENT,car,0
APP103534,25,22985.12,30.0,5694.57,593.0,4056.32,2,22,4,RENT,debt_consolidation,1
APP103535,24,50396.53,30.0,4493.93,675.0,30406.77,0,10,0,MORTGAGE,credit_card,1
APP103536,22,31206.31,36.0,12033.27,716.0,6061.07,7,12,0,OWN,business,0
APP103537,27,58000.95,19.0,11446.7,665.0,7726.53,13,0,1,MORTGAGE,debt_consolidation,0
APP103538,46,33219.74,37.0,4812.03,734.0,9603.0,13,4,0,OWN,credit_card,1
APP103539,61,60579.08,26.0,9799.03,702.0,16135.58,2,14,0,RENT,debt_consolidation,0
APP103540,57,44875.72,21.0,14164.93,566.0,3459.21,3,3,1,MORTGAGE,debt_consolidation,1
APP103541,49,41939.67,14.0,4731.08,638.0,15057.66,5,16,0,OWN,debt_consolidation,0
APP103542,25,30121.5,11.0,5449.33,,2983.84,13,27,0,OWN,debt_consolidation,1
APP103543,58,40790.88,24.0,6724.44,710.0,3680.65,12,10,1,OWN,debt_consolidation,1
APP103544,22,,29.0,8713.63,686.0,4949.97,13,21,1,RENT,home_improvement,0
APP103545,51,35344.29,1.0,15008.66,660.0,10263.45,7,18,1,OWN,credit_card,1
APP103546,41,47362.56,16.0,8136.47,731.0,3773.77,1,22,1,MORTGAGE,debt_consolidation,0
APP103547,64,37167.13,1.0,10231.13,500.0,18408.67,9,23,2,MORTGAGE,debt_consolidation,1
APP103548,36,38650.0,15.0,38089.99,601.0,14202.32,13,21,1,RENT,car,1
APP103549,52,85965.85,31.0,5575.93,608.0,5072.95,5,1,1,RENT,car,1
APP103550,42,66228.42,27.0,6688.89,670.0,2269.14,3,24,0,MORTGAGE,other,0
APP103551,46,37786.3,4.0,14866.32,694.0,10947.81,8,24,0,OWN,debt_consolidation,1
APP103552,67,40425.94,28.0,17904.83,649.0,919.19,3,11,2,RENT,credit_card,1
APP103553,55,25567.18,0.0,12693.95,544.0,8893.14,12,17,3,MORTGAGE,debt_consolidation,1
APP103554,41,33306.71,0.0,29301.11,,2542.6,6,24,1,MORTGAGE,home_improvement,0
APP103555,42,42391.32,36.0,11973.77,660.0,13426.84,13,9,0,RENT,home_improvement,0
APP103556,55,55564.89,1.0,3024.01,532.0,1621.89,9,5,0,RENT,credit_card,1
APP103557,37,52818.17,10.0,10490.21,626.0,2893.56,6,20,2,OWN,debt_consolidation,0
APP103558,29,20855.45,5.0,7026.26,,6977.98,6,9,2,MORTGAGE,credit_card,1
APP103559,43,59189.02,23.0,22703.79,782.0,7952.88,10,21,1,MORTGAGE,credit_card,0
APP103560,24,34738.82,20.0,17655.0,562.0,2978.34,3,12,2,MORTGAGE,business,1
APP103561,29,22170.2,33.0,3813.05,713.0,3768.0,7,22,0,MORTGAGE,debt_consolidation,0
APP103562,41,70840.94,39.0,22252.08,563.0,10531.32,12,5,1,RENT,credit_card,1
APP103563,60,75481.25,29.0,17389.48,548.0,10997.65,14,12,0,MORTGAGE,business,0
APP103564,59,41434.68,18.0,8146.33,553.0,3709.27,0,16,2,RENT,credit_card,1
APP103565,33,51761.24,1.0,9442.11,698.0,3023.88,10,17,1,RENT,credit_card,0
APP103566,41,53301.76,36.0,22818.03,660.0,1643.83,12,25,1,RENT,debt_consolidation,0
APP103567,28,72976.01,22.0,3032.35,624.0,6020.4,6,14,2,RENT,home_improvement,0
APP103568,58,52262.49,8.0,12929.14,686.0,9415.41,3,29,1,RENT,credit_card,0
APP103569,33,18697.7,,19073.32,653.0,5547.4,7,10,1,OWN,car,0
APP103570,60,99201.05,15.0,9384.1,658.0,2344.91,13,24,1,MORTGAGE,home_improvement,0
APP103571,62,61872.34,14.0,14599.55,625.0,20521.24,2,3,2,OWN,home_improvement,1
APP103572,54,28148.18,18.0,10529.04,567.0,913.49,4,14,5,MORTGAGE,home_improvement,1
APP103573,37,21702.6,30.0,6183.11,785.0,9922.71,14,27,1,MORTGAGE,debt_consolidation,0
APP103574,67,46742.39,6.0,6091.09,762.0,5845.16,9,28,2,RENT,debt_consolidation,0
APP103575,54,31598.66,38.0,15171.25,,7150.54,3,3,1,RENT,credit_card,0
APP103576,52,42830.15,2.0,6758.63,606.0,2618.97,10,9,1,RENT,car,1
APP103577,62,52664.84,5.0,3964.96,595.0,4350.59,2,19,0,OWN,debt_consolidation,1
APP103578,64,27358.4,27.0,10651.32,616.0,6214.75,10,1,0,MORTGAGE,credit_card,0
APP103579,24,20784.15,5.0,7274.65,735.0,4588.66,6,11,0,OWN,home_improvement,0
APP103580,64,44042.45,31.0,4820.03,649.0,1170.27,13,27,1,RENT,home_improvement,0
APP103581,58,27814.31,29.0,10332.49,606.0,19341.36,10,24,1,OWN,car,0
APP103582,31,39067.57,17.0,15683.52,679.0,8268.08,1,14,1,MORTGAGE,credit_card,0
APP103583,36,18552.07,18.0,10017.51,591.0,5052.68,10,14,1,MORTGAGE,debt_consolidation,1
APP103584,57,32013.36,39.0,5220.01,541.0,5320.23,9,10,3,MORTGAGE,credit_card,1
APP103585,31,51920.86,31.0,13214.66,660.0,18901.38,3,5,0,MORTGAGE,credit_card,0
APP103586,43,49166.43,25.0,18418.19,608.0,2713.02,7,20,0,MORTGAGE,credit_card,0
APP103587,54,24485.12,5.0,37340.0,648.0,2265.19,3,4,3,MORTGAGE,credit_card,1
APP103588,52,20249.14,23.0,23508.24,435.0,9701.75,11,22,1,OWN,credit_card,1
APP103589,65,36602.87,1.0,5414.22,578.0,7116.36,3,11,1,MORTGAGE,debt_consolidation,1
APP103590,26,48074.94,10.0,16561.73,646.0,2190.95,6,23,2,RENT,debt_consolidation,1
APP103591,35,44470.78,27.0,11543.92,528.0,11742.22,9,16,4,MORTGAGE,credit_card,0
APP103592,69,28111.11,16.0,4957.91,531.0,6222.74,0,28,3,MORTGAGE,debt_consolidation,1
APP103593,48,42146.72,39.0,11734.37,653.0,2396.19,14,18,0,MORTGAGE,car,0
APP103594,33,76970.52,37.0,31294.76,706.0,7275.44,0,27,1,MORTGAGE,home_improvement,0
APP103595,35,40238.21,3.0,20282.6,578.0,6454.64,13,25,0,MORTGAGE,car,0
APP103596,37,16049.39,35.0,5388.0,629.0,4580.5,9,21,2,MORTGAGE,credit_card,0
APP103597,48,40199.11,34.0,9978.92,630.0,6683.84,7,11,0,RENT,home_improvement,0
APP103598,34,100909.41,4.0,13293.16,525.0,8110.81,7,1,0,RENT,other,1
APP103599,51,19078.26,15.0,3505.39,744.0,10212.35,5,23,2,MORTGAGE,debt_consolidation,1
APP103600,42,36859.27,37.0,3578.64,635.0,5355.27,10,18,1,RENT,business,0
APP103601,50,32429.78,0.0,10859.3,636.0,3958.05,5,6,3,OWN,debt_consolidation,1
APP103602,28,38098.93,2.0,10944.64,679.0,5950.61,7,1,1,MORTGAGE,debt_consolidation,1
APP103603,51,40019.66,20.0,3283.64,525.0,12742.57,12,26,1,MORTGAGE,car,1
APP103604,66,64214.61,38.0,12491.26,723.0,8135.12,9,16,0,RENT,other,0
APP103605,27,37888.07,11.0,18999.68,734.0,3784.31,9,2,2,RENT,car,1
APP103606,37,68777.35,30.0,8682.1,661.0,5138.53,8,25,1,MORTGAGE,debt_consolidation,0
APP103607,54,34240.76,27.0,10258.76,686.0,18629.99,0,24,3,RENT,debt_consolidation,0
APP103608,51,30483.22,5.0,13944.59,623.0,8950.22,1,13,1,RENT,home_improvement,1
APP103609,54,25988.48,,12879.83,719.0,5549.42,1,8,1,MORTGAGE,business,0
APP103610,48,14639.18,24.0,3636.68,584.0,12238.02,4,6,1,MORTGAGE,credit_card,1
APP103611,54,41684.75,19.0,5749.84,647.0,3182.84,7,19,1,RENT,home_improvement,1
APP103612,50,101417.42,9.0,7804.75,652.0,6394.06,3,7,2,MORTGAGE,credit_card,1
APP103613,24,45666.38,8.0,5904.7,646.0,22037.42,7,16,1,MORTGAGE,credit_card,1
APP103614,57,51193.8,22.0,23865.31,735.0,8290.28,13,0,1,RENT,car,0
APP103615,42,29539.52,33.0,14482.34,825.0,17973.98,14,17,1,MORTGAGE,car,0
APP103616,23,32139.25,16.0,5085.58,641.0,4596.23,9,11,1,OWN,home_improvement,0
APP103617,41,59416.11,37.0,8702.79,687.0,3357.79,2,29,0,MORTGAGE,debt_consolidation,0
APP103618,42,99145.8,26.0,19501.28,585.0,12433.8,11,20,2,MORTGAGE,credit_card,1
APP103619,25,76418.03,16.0,6716.06,732.0,1138.36,12,17,0,RENT,home_improvement,0
APP103620,69,54318.62,28.0,16497.27,608.0,5676.85,11,13,0,RENT,debt_consolidation,0
APP103621,31,36959.4,17.0,22695.18,850.0,11211.56,13,6,1,MORTGAGE,home_improvement,0
APP103622,37,40330.35,30.0,20530.86,516.0,7707.97,0,21,2,OWN,home_improvement,0
APP103623,42,24915.52,39.0,11028.55,821.0,914.15,5,12,0,OWN,home_improvement,0
APP103624,61,17604.61,31.0,20965.11,729.0,1674.39,8,4,1,OWN,credit_card,0
APP103625,57,20673.35,5.0,7234.79,560.0,4484.99,2,2,2,MORTGAGE,credit_card,1
APP103626,58,37231.11,2.0,43981.69,835.0,7186.02,5,17,1,RENT,home_improvement,0
APP103627,32,31382.44,32.0,11435.86,575.0,7415.32,3,10,2,RENT,credit_card,1
APP103628,62,17418.34,33.0,19694.14,624.0,4890.59,3,1,0,OWN,business,1
APP103629,61,35644.08,22.0,7964.86,546.0,8814.84,9,8,1,OWN,debt_consolidation,1
APP103630,43,30970.33,9.0,13355.03,638.0,6971.01,9,29,1,MORTGAGE,business,0
APP103631,47,20202.78,35.0,13712.71,,4434.24,1,19,1,MORTGAGE,business,0
APP103632,22,30179.27,17.0,5668.61,716.0,7555.87,10,3,2,OWN,home_improvement,1
APP103633,58,30931.29,11.0,5568.8,845.0,2927.86,13,27,1,RENT,car,0
APP103634,68,26680.32,14.0,8754.28,608.0,8180.08,0,29,1,MORTGAGE,credit_card,0
APP103635,44,57718.62,11.0,19210.25,429.0,2496.08,11,8,1,RENT,debt_consolidation,1
APP103636,47,14024.33,11.0,3298.24,701.0,7258.71,10,14,2,RENT,credit_card,1
APP103637,45,13454.93,13.0,7960.85,605.0,7117.3,11,25,0,RENT,car,0
APP103638,25,36375.21,26.0,21718.58,795.0,3869.58,14,14,2,RENT,home_improvement,0
APP103639,51,38103.58,0.0,4725.47,647.0,8167.84,11,26,0,RENT,business,0
APP103640,56,44449.44,14.0,21001.32,589.0,16884.62,5,16,2,MORTGAGE,car,1
APP103641,66,27736.74,6.0,5030.75,568.0,2173.27,1,18,1,OWN,debt_consolidation,1
APP103642,66,22949.19,25.0,5710.58,699.0,10544.49,13,24,0,RENT,car,0
APP103643,45,36182.9,39.0,9060.39,627.0,11721.67,10,20,1,MORTGAGE,debt_consolidation,1
APP103644,67,29120.89,31.0,30457.13,767.0,4163.84,6,0,3,MORTGAGE,other,1
APP103645,46,78868.38,9.0,6741.22,633.0,9327.49,8,23,2,OWN,debt_consolidation,0
APP103646,52,30880.69,20.0,3498.96,763.0,4009.18,7,2,0,OWN,debt_consolidation,0
APP103647,50,35362.51,0.0,4267.73,539.0,13426.19,0,11,2,MORTGAGE,credit_card,1
APP103648,69,125205.17,,17312.24,510.0,549.41,3,0,0,MORTGAGE,business,1
APP103649,57,32945.83,11.0,4390.31,716.0,15613.81,4,29,1,RENT,home_improvement,0
APP103650,26,47957.88,20.0,20186.69,612.0,2018.64,9,18,0,MORTGAGE,debt_consolidation,0
APP103651,24,50169.11,16.0,10320.37,628.0,5281.56,6,11,2,MORTGAGE,credit_card,1
APP103652,41,52349.67,27.0,9707.34,569.0,2562.76,6,25,0,RENT,car,1
APP103653,46,41971.4,21.0,11829.87,563.0,16272.11,8,2,0,RENT,debt_consolidation,1
APP103654,53,40011.43,37.0,6120.8,700.0,4091.85,13,6,1,MORTGAGE,car,1
APP103655,44,38183.82,2.0,10750.67,648.0,3185.35,2,21,2,RENT,car,1
APP103656,46,27228.05,37.0,4837.51,565.0,12041.84,1,27,0,OWN,credit_card,1
APP103657,66,42734.4,31.0,22233.04,713.0,8828.23,7,10,0,MORTGAGE,home_improvement,1
APP103658,37,100139.84,28.0,5343.43,743.0,3763.45,12,20,1,RENT,car,0
APP103659,45,66525.52,33.0,12878.68,641.0,2223.97,14,0,0,OWN,debt_consolidation,0
APP103660,48,42275.33,2.0,5319.58,730.0,1996.21,4,6,1,MORTGAGE,business,0
APP103661,43,55710.0,8.0,7187.35,569.0,13630.37,5,5,0,MORTGAGE,debt_consolidation,1
APP103662,68,23515.43,0.0,7908.56,696.0,6871.54,12,14,0,MORTGAGE,home_improvement,1
APP103663,68,31880.31,31.0,59207.81,662.0,5646.15,2,11,2,OWN,home_improvement,0
APP103664,46,58333.1,14.0,9811.71,586.0,7286.54,5,2,2,RENT,debt_consolidation,1
APP103665,43,76388.21,14.0,6045.58,814.0,1033.88,7,6,1,OWN,debt_consolidation,0
APP103666,49,24700.21,24.0,7579.99,668.0,3790.98,4,2,1,OWN,car,1
APP103667,29,28515.58,16.0,4012.61,602.0,3872.38,6,4,0,OWN,credit_card,0
APP103668,41,108086.58,25.0,8976.17,651.0,10776.35,14,19,2,OWN,home_improvement,0
APP103669,31,38106.14,37.0,30051.02,580.0,1517.36,13,4,2,MORTGAGE,debt_consolidation,0
APP103670,28,90371.21,13.0,12108.02,557.0,11417.69,5,1,0,MORTGAGE,car,0
APP103671,25,40272.68,35.0,17018.23,614.0,20651.4,6,18,0,RENT,car,0
APP103672,49,41072.34,21.0,5733.23,619.0,1242.31,13,22,1,RENT,credit_card,1
APP103673,21,31171.35,15.0,8760.38,585.0,4980.68,3,3,2,MORTGAGE,debt_consolidation,1
APP103674,52,58178.87,36.0,11185.14,750.0,7328.11,8,10,1,MORTGAGE,debt_consolidation,0
APP103675,42,71602.75,19.0,6404.88,588.0,9881.77,3,23,3,RENT,debt_consolidation,1
APP103676,38,21644.33,5.0,12581.77,575.0,869.9,9,4,0,OWN,credit_card,1
APP103677,58,30447.97,11.0,14317.77,555.0,6438.78,0,25,1,RENT,debt_consolidation,0
APP103678,47,57385.06,33.0,13707.64,547.0,4125.76,3,18,0,MORTGAGE,debt_consolidation,0
APP103679,56,34037.76,20.0,9039.42,732.0,3918.17,11,21,1,RENT,debt_consolidation,0
APP103680,55,28376.23,22.0,19044.75,670.0,25725.63,10,25,3,RENT,home_improvement,1
APP103681,22,60160.49,27.0,8479.69,705.0,4136.28,4,7,2,MORTGAGE,debt_consolidation,1
APP103682,31,63052.73,7.0,8028.14,731.0,7043.67,3,7,1,MORTGAGE,car,0
APP103683,48,29003.71,3.0,23503.94,623.0,4463.71,11,17,0,MORTGAGE,debt_consolidation,1
APP103684,68,40383.77,17.0,5094.01,767.0,5960.93,14,23,0,MORTGAGE,debt_consolidation,0
APP103685,28,19846.1,36.0,3562.5,599.0,7647.31,8,1,2,RENT,credit_card,1
APP103686,26,23208.17,5.0,5879.99,562.0,10043.41,10,18,3,MORTGAGE,home_improvement,1
APP103687,67,38641.52,28.0,12485.77,679.0,2639.71,10,28,1,MORTGAGE,business,0
APP103688,68,36890.28,39.0,21378.79,661.0,5553.04,13,18,1,OWN,car,0
APP103689,29,22394.3,3.0,6658.76,661.0,5712.26,3,0,0,OWN,home_improvement,1
APP103690,40,25387.52,5.0,29404.49,731.0,1314.97,8,4,1,OWN,credit_card,0
APP103691,51,21321.64,34.0,10059.96,658.0,2291.75,2,6,1,RENT,other,0
APP103692,30,45593.93,4.0,9234.32,675.0,10024.01,4,11,0,MORTGAGE,debt_consolidation,1
APP103693,36,13577.65,29.0,5943.4,758.0,3397.16,6,2,0,RENT,debt_consolidation,0
APP103694,40,21899.33,31.0,31914.42,671.0,39719.68,13,23,1,RENT,home_improvement,1
APP103695,52,14307.36,12.0,9043.73,689.0,10619.6,5,29,3,OWN,car,1
APP103696,36,44779.7,11.0,4450.66,536.0,7054.91,0,11,1,MORTGAGE,other,1
APP103697,41,14744.62,20.0,43243.46,850.0,16453.9,7,1,2,RENT,credit_card,1
APP103698,35,36896.23,20.0,12534.02,522.0,9119.58,6,19,1,RENT,credit_card,1
APP103699,58,82434.72,34.0,15983.28,606.0,5695.23,11,0,6,RENT,car,1
APP103700,28,83844.32,23.0,27144.67,604.0,1585.52,0,10,2,MORTGAGE,business,1
APP103701,32,14721.23,38.0,14309.48,818.0,8368.83,13,3,1,MORTGAGE,home_improvement,0
APP103702,33,42159.06,9.0,17764.08,601.0,15023.5,11,19,1,MORTGAGE,debt_consolidation,1
APP103703,65,22148.26,11.0,10225.04,685.0,3058.57,8,26,2,OWN,credit_card,1
APP103704,67,19998.89,9.0,15371.02,604.0,1140.45,12,11,3,RENT,credit_card,1
APP103705,45,34312.5,26.0,9696.35,566.0,2089.27,3,12,3,MORTGAGE,credit_card,1
APP103706,28,67113.84,1.0,9777.84,695.0,20074.92,6,15,2,MORTGAGE,debt_consolidation,1
APP103707,58,49012.44,34.0,10634.2,592.0,5240.43,4,28,3,OWN,home_improvement,0
APP103708,45,25398.1,30.0,7800.25,666.0,15800.78,4,20,1,RENT,other,1
APP103709,62,51664.03,39.0,13394.86,700.0,4990.22,13,28,1,OWN,home_improvement,0
APP103710,38,11827.07,38.0,13374.53,802.0,3303.65,13,9,1,MORTGAGE,debt_consolidation,1
APP103711,69,24922.52,2.0,16177.07,549.0,27110.48,3,21,2,MORTGAGE,credit_card,1
APP103712,60,24053.94,,14526.99,637.0,3650.81,3,28,2,OWN,home_improvement,0
APP103713,31,37765.84,20.0,32860.47,641.0,4026.87,1,5,1,RENT,car,0
APP103714,56,32813.2,,18612.3,650.0,7104.5,2,12,6,MORTGAGE,business,0
APP103715,35,33835.45,34.0,8739.85,850.0,3896.84,13,29,2,MORTGAGE,credit_card,0
APP103716,38,33277.62,23.0,12988.8,636.0,9159.41,2,15,1,RENT,business,0
APP103717,33,36724.66,0.0,23100.72,448.0,7021.61,0,13,3,MORTGAGE,business,1
APP103718,54,47575.13,34.0,5597.17,634.0,7247.57,13,18,0,MORTGAGE,car,0
APP103719,33,39130.81,17.0,33141.62,640.0,3000.95,11,13,3,RENT,business,1
APP103720,52,31502.56,18.0,6218.08,630.0,1299.95,10,14,0,MORTGAGE,home_improvement,0
APP103721,49,44394.65,23.0,16986.35,592.0,2525.64,2,19,2,MORTGAGE,debt_consolidation,1
APP103722,57,54888.64,36.0,9936.4,544.0,2710.25,0,5,2,MORTGAGE,credit_card,1
APP103723,69,27501.26,21.0,9599.25,822.0,6211.17,9,21,0,OWN,credit_card,0
APP103724,21,35252.74,8.0,4528.98,675.0,2560.44,8,24,1,RENT,debt_consolidation,1
APP103725,69,64922.74,29.0,17060.14,634.0,1521.97,2,28,2,MORTGAGE,credit_card,0
APP103726,26,20923.32,25.0,4568.71,820.0,1963.97,6,22,5,OWN,credit_card,1
APP103727,46,89531.97,2.0,4164.44,580.0,6701.54,13,29,0,RENT,home_improvement,0
APP103728,37,18590.81,21.0,19847.27,698.0,8517.98,13,15,1,MORTGAGE,credit_card,0
APP103729,52,30556.04,31.0,28962.68,550.0,3277.02,0,12,1,OWN,debt_consolidation,1
APP103730,56,22581.92,35.0,6631.94,710.0,3568.65,0,20,1,MORTGAGE,other,0
APP103731,63,108441.21,11.0,18067.42,559.0,8031.94,4,4,1,RENT,credit_card,1
APP103732,40,28235.21,20.0,15961.2,687.0,5610.47,11,12,3,MORTGAGE,credit_card,1
APP103733,66,28270.65,32.0,9368.32,806.0,12693.66,11,27,1,OWN,home_improvement,0
APP103734,36,30170.67,,22059.31,657.0,4332.38,7,0,0,RENT,other,0
APP103735,30,38093.59,16.0,8971.67,474.0,2527.16,8,3,0,MORTGAGE,credit_card,0
APP103736,39,30815.69,7.0,13501.02,652.0,11720.9,7,19,0,MORTGAGE,credit_card,0
APP103737,46,33980.99,1.0,4664.51,688.0,3831.32,6,16,0,RENT,credit_card,0
APP103738,53,6219.19,27.0,4785.67,722.0,2614.95,1,22,0,MORTGAGE,debt_consolidation,0
APP103739,61,37368.37,38.0,19958.83,767.0,10039.19,6,4,0,MORTGAGE,debt_consolidation,0
APP103740,32,36640.27,24.0,13776.55,771.0,15668.35,14,12,5,OWN,credit_card,1
APP103741,35,61039.98,31.0,9086.33,639.0,5690.75,7,10,2,MORTGAGE,other,0
APP103742,66,69879.7,27.0,31092.04,597.0,2200.79,8,28,0,OWN,credit_card,0
APP103743,42,33062.2,13.0,30896.23,560.0,16778.04,14,15,0,OWN,credit_card,0
APP103744,32,54617.77,20.0,12880.9,606.0,6643.38,0,3,3,RENT,debt_consolidation,1
APP103745,69,20935.79,10.0,4132.37,688.0,5859.33,10,21,0,MORTGAGE,home_improvement,0
APP103746,42,53298.91,8.0,9256.12,542.0,3557.53,3,18,2,OWN,credit_card,1
APP103747,69,27275.99,23.0,6005.62,575.0,12135.15,7,29,2,RENT,credit_card,1
APP103748,66,20083.45,25.0,10443.22,694.0,2024.8,0,12,1,MORTGAGE,car,0
APP103749,65,33097.26,39.0,5643.29,598.0,1876.23,4,27,1,OWN,debt_consolidation,0
APP103750,49,73147.72,9.0,4828.37,679.0,22372.9,8,9,0,MORTGAGE,car,0
APP103751,60,39755.47,11.0,2546.39,584.0,2465.28,7,15,1,OWN,car,1
APP103752,68,76745.04,6.0,10941.9,673.0,10590.86,5,9,1,MORTGAGE,debt_consolidation,1
APP103753,34,24975.08,37.0,2491.75,588.0,14805.43,13,9,2,MORTGAGE,other,0
APP103754,22,61323.94,31.0,8166.99,497.0,5814.62,3,17,1,RENT,debt_consolidation,1
APP103755,36,26210.62,13.0,15012.5,726.0,2428.88,3,16,0,MORTGAGE,credit_card,0
APP103756,52,40646.35,38.0,6417.23,594.0,8134.12,8,27,2,MORTGAGE,credit_card,1
APP103757,47,40471.02,28.0,5162.12,630.0,14964.26,5,11,0,RENT,home_improvement,0
APP103758,24,50551.4,19.0,9502.33,594.0,6463.89,4,18,2,OWN,credit_card,1
APP103759,48,41166.1,,6019.96,693.0,2704.95,0,13,3,MORTGAGE,other,0
APP103760,29,25094.59,22.0,11063.37,676.0,6278.3,7,26,1,MORTGAGE,business,0
APP103761,45,56396.0,3.0,5325.71,693.0,1623.43,9,27,1,MORTGAGE,debt_consolidation,0
APP103762,49,86321.01,6.0,9295.67,606.0,2255.37,8,8,0,OWN,credit_card,1
APP103763,52,27121.94,37.0,8039.7,646.0,3996.15,11,15,1,MORTGAGE,business,0
APP103764,41,,8.0,9828.95,683.0,5162.72,9,10,2,OWN,home_improvement,1
APP103765,41,46614.17,6.0,26399.25,773.0,1878.77,9,1,2,MORTGAGE,car,0
APP103766,54,30773.52,34.0,11157.72,674.0,6001.64,4,26,1,MORTGAGE,home_improvement,0
APP103767,57,34011.32,37.0,13395.4,569.0,7460.12,12,20,2,RENT,business,1
APP103768,60,47958.38,32.0,6803.04,671.0,4139.05,13,28,0,RENT,credit_card,0
APP103769,37,28905.98,4.0,11315.78,636.0,874.31,11,8,2,RENT,credit_card,1
APP103770,41,31747.65,33.0,8392.7,490.0,5343.12,1,10,2,RENT,debt_consolidation,1
APP103771,37,34542.31,10.0,10074.81,502.0,20991.82,14,6,2,MORTGAGE,debt_consolidation,1
APP103772,46,75726.01,0.0,14608.62,644.0,7088.14,8,10,1,RENT,other,0
APP103773,27,36865.62,36.0,7330.94,651.0,4976.58,6,22,2,RENT,home_improvement,0
APP103774,42,19578.03,10.0,7794.49,626.0,3648.39,3,25,2,OWN,credit_card,1
APP103775,30,19971.48,,7391.98,720.0,7798.56,1,4,2,MORTGAGE,car,0
APP103776,47,38933.68,2.0,7306.85,575.0,5806.62,12,1,1,RENT,business,1
APP103777,62,,7.0,10981.21,539.0,8654.63,8,18,0,MORTGAGE,home_improvement,1
APP103778,69,16628.08,35.0,7955.44,583.0,2044.55,13,4,2,MORTGAGE,car,1
APP103779,42,49899.59,23.0,24313.18,601.0,5415.76,11,24,0,MORTGAGE,debt_consolidation,0
APP103780,23,51136.26,39.0,49389.72,645.0,3398.34,12,3,0,OWN,debt_consolidation,1
APP103781,32,30210.1,7.0,7039.09,586.0,6616.2,6,9,1,OWN,debt_consolidation,1
APP103782,26,42059.04,35.0,11806.46,478.0,1036.43,5,9,0,OWN,debt_consolidation,1
APP103783,58,39897.18,34.0,18449.72,444.0,3589.67,6,14,0,MORTGAGE,car,1
APP103784,69,49080.14,36.0,8438.42,659.0,7585.25,0,25,1,MORTGAGE,home_improvement,0
APP103785,48,49137.36,1.0,5449.97,559.0,8629.83,11,17,2,RENT,car,1
APP103786,29,9868.53,4.0,28082.56,489.0,4796.34,13,8,1,RENT,credit_card,1
APP103787,22,32200.93,21.0,14938.46,699.0,872.77,0,19,0,MORTGAGE,credit_card,0
APP103788,68,47049.34,4.0,11982.64,773.0,8209.71,13,15,2,RENT,debt_consolidation,0
APP103789,36,29577.57,2.0,23630.97,642.0,17453.8,9,29,2,OWN,credit_card,0
APP103790,26,36978.85,,15711.37,671.0,2512.35,8,28,2,OWN,business,0
APP103791,29,52857.24,27.0,9616.53,672.0,3495.74,10,26,2,MORTGAGE,credit_card,0
APP103792,33,37815.06,33.0,5508.36,464.0,9369.66,0,5,2,MORTGAGE,home_improvement,1
APP103793,53,77184.95,37.0,7361.37,721.0,9572.01,14,6,2,MORTGAGE,business,0
APP103794,64,63799.02,5.0,20391.92,749.0,11820.94,13,5,0,OWN,home_improvement,0
APP103795,34,34225.21,33.0,14902.01,796.0,11066.82,10,16,1,RENT,home_improvement,0
APP103796,54,32891.74,1.0,8848.47,614.0,1442.64,4,24,0,MORTGAGE,business,0
APP103797,24,8732.77,14.0,28565.01,559.0,3349.26,1,4,0,MORTGAGE,credit_card,1
APP103798,21,30845.58,11.0,9006.19,758.0,8112.41,4,29,1,RENT,other,0
APP103799,23,18460.07,9.0,17899.19,689.0,4587.39,7,1,2,RENT,business,1
APP103800,66,40563.13,28.0,11293.96,719.0,6586.08,14,15,2,MORTGAGE,home_improvement,1
APP103801,49,39200.13,4.0,31563.98,598.0,4427.82,6,11,1,MORTGAGE,credit_card,1
APP103802,60,51427.48,32.0,15550.18,671.0,3467.96,10,27,0,RENT,debt_consolidation,0
APP103803,22,73008.8,34.0,10175.07,565.0,4050.12,6,9,0,RENT,credit_card,0
APP103804,22,35841.63,26.0,8890.33,,2003.28,0,5,0,OWN,credit_card,1
APP103805,62,,3.0,9806.26,622.0,2755.16,11,17,1,MORTGAGE,debt_consolidation,0
APP103806,26,40791.37,23.0,6404.54,837.0,4658.51,5,1,1,MORTGAGE,credit_card,0
APP103807,28,18861.76,25.0,4358.91,693.0,4726.78,8,19,2,MORTGAGE,other,0
APP103808,46,27418.25,14.0,11911.28,477.0,7739.16,5,4,1,OWN,credit_card,1
APP103809,50,30140.55,14.0,7185.99,649.0,3912.24,10,11,2,MORTGAGE,credit_card,1
APP103810,32,48828.21,18.0,7174.55,679.0,18781.3,12,17,1,MORTGAGE,debt_consolidation,1
APP103811,42,22615.14,39.0,9383.39,612.0,13146.88,11,26,1,RENT,debt_consolidation,1
APP103812,54,31288.69,0.0,10212.16,561.0,3288.24,13,20,2,MORTGAGE,debt_consolidation,1
APP103813,42,33506.0,20.0,9941.03,702.0,5757.45,10,25,0,OWN,debt_consolidation,0
APP103814,39,29025.78,12.0,28084.62,573.0,12968.43,7,24,0,OWN,business,1
APP103815,24,54486.47,21.0,14726.85,696.0,2943.74,11,21,3,MORTGAGE,car,0
APP103816,43,50044.14,,35055.55,566.0,2702.17,10,10,3,MORTGAGE,car,1
APP103817,60,65074.21,36.0,7605.34,607.0,13897.73,3,10,0,MORTGAGE,debt_consolidation,0
APP103818,51,30775.91,18.0,15839.03,726.0,8545.01,4,26,1,OWN,other,0
APP103819,64,66254.84,38.0,7863.23,689.0,11603.29,1,7,3,MORTGAGE,other,0
APP103820,27,18361.32,6.0,7067.92,652.0,6325.5,11,25,2,OWN,home_improvement,1
APP103821,21,18138.79,23.0,35858.13,647.0,4008.16,2,3,2,MORTGAGE,business,1
APP103822,47,19793.31,27.0,6242.34,657.0,1679.9,1,24,0,OWN,car,0
APP103823,29,36483.15,31.0,2594.01,586.0,5483.41,12,7,2,MORTGAGE,debt_consolidation,1
APP103824,50,66249.89,0.0,6471.93,528.0,13169.71,0,21,1,RENT,home_improvement,1
APP103825,65,26874.39,25.0,2966.11,695.0,13293.66,14,28,1,RENT,credit_card,0
APP103826,37,28614.05,5.0,5592.63,772.0,11575.03,3,27,1,MORTGAGE,credit_card,0
APP103827,47,32597.5,,5912.36,698.0,9225.98,14,12,1,MORTGAGE,car,0
APP103828,54,48359.31,2.0,10108.88,670.0,28820.88,9,4,2,OWN,home_improvement,1
APP103829,28,28600.73,2.0,2893.56,553.0,1420.3,0,12,1,RENT,home_improvement,1
APP103830,64,27813.91,30.0,20283.67,720.0,5912.09,11,18,1,MORTGAGE,other,0
APP103831,30,18532.89,28.0,3211.64,688.0,2322.94,14,14,4,OWN,debt_consolidation,1
APP103832,60,27286.28,35.0,9166.85,710.0,17016.73,13,22,0,MORTGAGE,business,0
APP103833,53,65429.66,28.0,8147.83,732.0,3158.64,13,19,1,OWN,home_improvement,0
APP103834,27,38004.62,,16239.64,776.0,11012.67,3,0,1,RENT,debt_consolidation,0
APP103835,56,25086.19,4.0,12221.18,560.0,3430.73,2,27,0,OWN,credit_card,1
APP103836,30,67377.88,30.0,20173.47,546.0,6878.89,4,8,2,MORTGAGE,debt_consolidation,1
APP103837,50,27102.83,9.0,7967.52,661.0,4506.1,8,3,2,RENT,debt_consolidation,1
APP103838,68,73863.77,4.0,7488.71,576.0,4860.87,11,7,3,OWN,home_improvement,1
APP103839,67,73262.45,29.0,12678.65,562.0,6418.28,14,24,0,MORTGAGE,business,0
APP103840,63,37346.92,23.0,18352.5,747.0,10255.88,7,23,2,MORTGAGE,home_improvement,1
APP103841,45,17166.67,5.0,16236.9,569.0,4503.22,7,13,1,RENT,credit_card,1
APP103842,48,114090.85,21.0,12005.12,649.0,10027.53,12,15,1,RENT,debt_consolidation,1
APP103843,35,44074.56,27.0,11379.83,519.0,11274.14,14,8,0,OWN,credit_card,1
APP103844,66,30885.94,19.0,9683.96,655.0,3520.34,6,29,2,MORTGAGE,debt_consolidation,0
APP103845,44,58575.04,28.0,12656.9,744.0,22206.8,8,16,2,MORTGAGE,car,1
APP103846,58,51593.52,20.0,33555.65,747.0,8920.83,3,3,1,RENT,credit_card,0
APP103847,38,69945.33,14.0,8556.58,733.0,3480.28,5,16,2,RENT,business,0
APP103848,57,26077.45,8.0,7953.01,643.0,8032.24,11,2,2,RENT,debt_consolidation,1
APP103849,31,42584.12,10.0,7595.92,738.0,11279.48,2,4,2,RENT,debt_consolidation,0
APP103850,56,20071.67,32.0,12501.75,684.0,7877.32,4,6,1,OWN,debt_consolidation,1
APP103851,23,50673.95,14.0,2770.97,614.0,5776.18,1,2,2,RENT,other,1
APP103852,26,35901.25,28.0,9126.73,680.0,310.72,3,25,2,OWN,credit_card,0
APP103853,38,41793.86,14.0,16787.47,720.0,2266.78,10,18,1,MORTGAGE,car,0
APP103854,44,33753.02,21.0,7217.48,543.0,8458.07,12,15,1,MORTGAGE,debt_consolidation,1
APP103855,55,32032.48,24.0,11070.32,565.0,2231.03,4,22,0,MORTGAGE,debt_consolidation,0
APP103856,38,,19.0,35087.54,638.0,7413.75,13,18,4,OWN,debt_consolidation,1
APP103857,21,53917.75,29.0,12075.81,552.0,9974.51,6,18,2,RENT,debt_consolidation,1
APP103858,36,76485.16,36.0,2582.37,551.0,4491.35,3,16,4,OWN,debt_consolidation,1
APP103859,42,27492.43,34.0,4247.43,616.0,1197.83,14,10,0,RENT,debt_consolidation,0
APP103860,47,47895.18,36.0,8513.41,729.0,2726.02,7,0,1,MORTGAGE,credit_card,1
APP103861,52,45075.4,1.0,6110.14,727.0,8500.0,2,16,1,MORTGAGE,credit_card,0
APP103862,33,36462.84,30.0,10530.49,675.0,13434.34,3,23,1,OWN,credit_card,0
APP103863,50,16927.62,29.0,8293.72,,929.54,5,27,1,RENT,home_improvement,0
APP103864,51,18943.22,16.0,19923.25,816.0,5243.0,1,7,1,RENT,debt_consolidation,0
APP103865,59,,12.0,5142.02,606.0,1519.29,13,27,3,MORTGAGE,credit_card,1
APP103866,46,,2.0,8738.56,669.0,5283.58,9,1,0,RENT,other,0
APP103867,60,73424.68,33.0,11275.13,602.0,4334.59,14,6,0,RENT,home_improvement,1
APP103868,31,43645.33,33.0,12145.1,547.0,32477.81,3,25,1,MORTGAGE,car,1
APP103869,55,35775.53,3.0,10808.45,744.0,3193.79,12,2,0,RENT,business,0
APP103870,23,12147.54,23.0,2329.1,625.0,11373.43,10,14,1,OWN,debt_consolidation,1
APP103871,26,14589.61,22.0,10404.31,705.0,11016.68,5,19,3,RENT,debt_consolidation,1
APP103872,63,36273.01,6.0,9041.2,630.0,4205.25,5,1,3,MORTGAGE,debt_consolidation,1
APP103873,44,97269.91,21.0,16621.72,749.0,5405.0,1,5,0,RENT,credit_card,0
APP103874,51,25608.46,32.0,15272.09,570.0,4916.64,11,11,2,RENT,business,0
APP103875,50,55932.39,13.0,11435.83,743.0,2710.78,11,24,3,RENT,business,0
APP103876,55,28568.18,29.0,11942.97,721.0,2529.51,8,22,2,RENT,credit_card,0
APP103877,33,37332.5,38.0,22279.67,506.0,3540.89,12,8,3,MORTGAGE,credit_card,1
APP103878,29,66658.77,18.0,19735.57,608.0,1976.88,9,11,3,MORTGAGE,business,1
APP103879,23,30547.07,4.0,11674.93,731.0,3293.44,10,4,1,MORTGAGE,home_improvement,0
APP103880,63,25718.03,11.0,35855.45,780.0,4203.31,14,13,2,RENT,credit_card,0
APP103881,31,73794.19,5.0,6789.16,707.0,5594.03,5,24,0,OWN,debt_consolidation,0
APP103882,49,37152.22,14.0,4859.71,618.0,7008.98,9,2,2,MORTGAGE,credit_card,0
APP103883,43,62667.77,25.0,9832.98,572.0,4200.38,9,6,1,MORTGAGE,debt_consolidation,1
APP103884,28,25780.55,8.0,7908.66,695.0,2656.41,13,8,0,RENT,debt_consolidation,0
APP103885,41,73374.89,20.0,2254.75,615.0,6908.08,10,0,1,OWN,debt_consolidation,1
APP103886,25,41639.88,39.0,6691.35,619.0,9253.65,3,27,1,OWN,home_improvement,0
APP103887,29,45134.12,10.0,12162.97,632.0,3331.95,13,24,2,RENT,credit_card,0
APP103888,27,38786.0,35.0,9558.47,720.0,2239.27,12,9,0,MORTGAGE,car,0
APP103889,61,28205.22,,6211.29,794.0,3439.18,2,2,2,MORTGAGE,home_improvement,0
APP103890,48,36284.96,24.0,10151.69,732.0,4250.3,11,15,2,OWN,debt_consolidation,1
APP103891,66,29106.15,6.0,10655.63,650.0,12284.01,3,12,1,MORTGAGE,credit_card,1
APP103892,42,58675.24,10.0,15199.91,,8561.46,4,4,0,RENT,home_improvement,1
APP103893,30,32809.44,34.0,6735.18,703.0,4901.89,6,11,3,OWN,car,0
APP103894,50,17184.21,23.0,16719.22,783.0,22483.85,4,27,1,RENT,other,1
APP103895,66,15682.3,22.0,5144.14,730.0,4779.9,12,4,4,RENT,credit_card,0
APP103896,47,15315.81,20.0,7317.13,666.0,15229.99,2,26,2,MORTGAGE,debt_consolidation,0
APP103897,21,49463.26,9.0,27430.09,610.0,13056.09,13,1,1,OWN,credit_card,1
APP103898,35,20419.55,37.0,5354.4,677.0,12338.92,0,13,1,RENT,debt_consolidation,0
APP103899,66,42194.4,15.0,6665.76,742.0,6354.57,4,2,0,OWN,debt_consolidation,1
APP103900,46,38882.02,0.0,4666.35,668.0,5395.96,6,20,0,OWN,debt_consolidation,0
APP103901,67,35159.34,36.0,6024.8,641.0,4935.07,7,12,2,RENT,home_improvement,1
APP103902,45,45215.83,1.0,10753.84,595.0,9702.37,13,18,1,RENT,home_improvement,1
APP103903,21,39306.76,35.0,15122.29,850.0,2613.76,9,28,4,MORTGAGE,credit_card,0
APP103904,63,9368.75,10.0,9787.07,578.0,3982.38,7,26,1,MORTGAGE,debt_consolidation,1
APP103905,58,30889.99,2.0,8145.22,571.0,18649.45,2,21,0,MORTGAGE,home_improvement,1
APP103906,56,44916.1,,4695.39,663.0,8092.64,0,10,0,RENT,debt_consolidation,0
APP103907,68,82466.0,26.0,6397.88,633.0,10543.76,11,21,1,OWN,debt_consolidation,0
APP103908,30,84392.08,21.0,3914.25,731.0,1850.25,8,16,0,OWN,credit_card,0
APP103909,65,18369.09,6.0,15397.12,734.0,3478.52,7,20,2,RENT,credit_card,0
APP103910,32,30489.49,,16052.89,552.0,6419.31,7,20,2,RENT,credit_card,1
APP103911,68,16596.43,8.0,9659.83,589.0,4754.37,13,23,1,RENT,car,1
APP103912,30,77648.11,26.0,12898.56,579.0,1844.05,6,21,2,RENT,business,1
APP103913,47,60260.26,34.0,16743.07,712.0,9025.46,8,15,2,RENT,car,1
APP103914,59,43273.42,10.0,10516.76,684.0,11636.97,7,5,2,OWN,home_improvement,1
APP103915,24,39460.18,35.0,22837.66,620.0,3911.67,12,29,0,OWN,debt_consolidation,0
APP103916,24,72425.63,16.0,5354.67,667.0,9288.99,3,2,1,OWN,credit_card,1
APP103917,62,66546.92,3.0,8028.86,559.0,24916.22,0,18,5,MORTGAGE,credit_card,1
APP103918,23,64797.5,12.0,7475.26,590.0,16651.59,14,6,2,MORTGAGE,home_improvement,1
APP103919,51,45630.88,34.0,14593.67,545.0,4054.27,6,18,2,RENT,debt_consolidation,1
APP103920,66,30497.07,32.0,4186.06,661.0,2032.82,8,13,3,OWN,debt_consolidation,1
APP103921,51,53293.11,29.0,23594.87,661.0,5908.38,6,0,4,OWN,car,1
APP103922,44,54612.66,15.0,13864.19,571.0,32131.04,4,27,1,OWN,other,1
APP103923,41,33013.81,31.0,28287.54,683.0,14334.75,2,22,1,OWN,debt_consolidation,0
APP103924,52,30466.27,28.0,9659.11,734.0,4890.85,10,10,1,MORTGAGE,car,0
APP103925,49,64001.17,31.0,7113.92,567.0,17150.75,8,10,0,MORTGAGE,debt_consolidation,1
APP103926,45,83454.6,22.0,14680.33,623.0,12518.56,9,16,1,OWN,debt_consolidation,0
APP103927,28,24966.8,20.0,18367.52,691.0,1075.4,11,23,1,MORTGAGE,debt_consolidation,0
APP103928,53,31834.68,38.0,6446.85,649.0,11490.86,4,29,1,MORTGAGE,car,0
APP103929,57,43280.89,37.0,2985.26,540.0,5404.62,7,25,1,OWN,credit_card,1
APP103930,55,46318.63,21.0,3308.47,614.0,2457.09,9,2,1,MORTGAGE,home_improvement,0
APP103931,24,27968.02,8.0,11577.64,612.0,5286.97,12,0,1,RENT,business,1
APP103932,55,93130.81,16.0,24937.14,636.0,6845.97,1,5,0,RENT,home_improvement,1
APP103933,56,44848.6,20.0,4534.62,639.0,2603.75,4,11,1,OWN,debt_consolidation,1
APP103934,29,47367.5,,8404.98,775.0,4465.26,2,1,1,OWN,home_improvement,0
APP103935,62,87504.2,12.0,8029.92,633.0,3772.02,4,27,1,RENT,debt_consolidation,1
APP103936,46,29012.13,1.0,31329.62,512.0,9285.46,14,19,2,RENT,credit_card,1
APP103937,44,34744.76,32.0,38377.15,657.0,3861.8,2,3,1,MORTGAGE,car,1
APP103938,56,19406.03,37.0,12767.67,789.0,1261.5,11,25,1,MORTGAGE,car,0
APP103939,45,33317.06,3.0,16963.18,636.0,3435.78,11,22,0,MORTGAGE,credit_card,0
APP103940,47,,12.0,16682.56,614.0,2305.2,11,9,2,RENT,home_improvement,1
APP103941,36,52781.96,17.0,4590.79,625.0,1745.48,2,9,1,RENT,car,0
APP103942,66,44801.57,30.0,15049.71,696.0,12635.84,1,20,2,MORTGAGE,debt_consolidation,1
APP103943,68,31617.48,30.0,5368.14,625.0,9347.38,2,15,2,OWN,home_improvement,1
APP103944,27,34537.06,13.0,8929.17,528.0,2267.54,12,28,1,RENT,debt_consolidation,1
APP103945,56,53142.55,12.0,19610.93,596.0,1780.23,0,27,1,MORTGAGE,debt_consolidation,0
APP103946,22,20580.55,16.0,10389.59,644.0,4527.31,10,28,1,OWN,debt_consolidation,0
APP103947,39,40218.56,9.0,19177.59,692.0,1704.83,5,18,1,MORTGAGE,credit_card,0
APP103948,68,51521.52,17.0,21580.77,603.0,4049.39,14,23,0,RENT,debt_consolidation,0
APP103949,29,14896.22,10.0,3449.0,626.0,5199.99,6,13,1,MORTGAGE,car,1
APP103950,39,51147.51,2.0,2679.49,653.0,6270.36,6,22,2,OWN,credit_card,0
APP103951,31,15724.4,28.0,19875.75,587.0,6451.76,6,20,1,MORTGAGE,car,0
APP103952,56,34241.81,31.0,20362.38,642.0,2631.77,12,15,2,RENT,debt_consolidation,1
APP103953,43,20298.54,11.0,11544.41,687.0,5200.18,11,6,2,MORTGAGE,home_improvement,1
APP103954,50,74281.95,16.0,12523.09,555.0,13690.26,14,28,1,OWN,business,1
APP103955,67,20362.28,16.0,16912.84,674.0,918.11,6,0,0,RENT,business,1
APP103956,46,15913.21,0.0,16724.76,562.0,6377.66,12,3,0,OWN,business,1
APP103957,56,38819.43,21.0,8246.05,564.0,1914.76,0,18,0,OWN,debt_consolidation,0
APP103958,25,29529.6,18.0,17562.31,596.0,15110.04,9,11,1,MORTGAGE,credit_card,1
APP103959,31,17114.77,37.0,8039.45,759.0,9448.46,9,25,1,MORTGAGE,other,0
APP103960,67,47235.81,14.0,11454.42,512.0,9210.67,0,1,2,RENT,debt_consolidation,1
APP103961,63,13416.63,31.0,11159.13,612.0,2483.18,2,20,1,RENT,business,1
APP103962,53,21630.93,15.0,5909.62,647.0,6069.68,14,7,1,MORTGAGE,home_improvement,1
APP103963,39,27238.61,7.0,6337.3,743.0,6635.2,0,15,1,MORTGAGE,debt_consolidation,0
APP103964,30,54236.6,13.0,37815.16,805.0,737.34,7,13,1,RENT,debt_consolidation,0
APP103965,62,69406.39,35.0,5795.68,616.0,5525.94,11,4,2,RENT,other,0
APP103966,59,63031.58,10.0,12356.97,693.0,8027.39,14,12,2,MORTGAGE,debt_consolidation,0
APP103967,32,33636.37,33.0,14014.94,642.0,1585.66,3,2,1,RENT,home_improvement,0
APP103968,49,10789.69,26.0,9580.36,641.0,7955.25,9,25,0,RENT,credit_card,0
APP103969,51,44153.46,29.0,14807.57,671.0,5322.62,11,8,0,OWN,car,0
APP103970,44,75757.06,30.0,12056.87,523.0,14839.01,13,3,1,OWN,business,1
APP103971,66,67298.63,20.0,5871.4,646.0,3531.65,9,28,1,MORTGAGE,car,0
APP103972,27,45774.14,24.0,13658.13,686.0,5665.32,3,18,1,MORTGAGE,car,0
APP103973,33,20035.25,2.0,7137.92,581.0,6457.61,13,13,1,OWN,business,1
APP103974,25,27926.92,27.0,28124.64,686.0,520.07,14,14,5,RENT,car,1
APP103975,54,95502.45,28.0,12803.52,511.0,3700.93,5,24,0,MORTGAGE,home_improvement,1
APP103976,52,17883.53,4.0,6502.28,657.0,5266.06,7,12,1,OWN,debt_consolidation,0
APP103977,69,20456.98,20.0,12153.52,757.0,746.05,9,0,2,RENT,debt_consolidation,1
APP103978,47,58178.77,20.0,5682.16,632.0,8428.48,12,20,1,MORTGAGE,debt_consolidation,0
APP103979,28,29272.99,12.0,11552.62,571.0,5264.26,8,14,1,MORTGAGE,home_improvement,1
APP103980,43,20113.02,2.0,8643.66,535.0,5240.55,11,3,2,RENT,debt_consolidation,1
APP103981,25,77962.68,0.0,6026.23,681.0,8751.25,11,7,0,MORTGAGE,debt_consolidation,0
APP103982,53,45730.83,8.0,5980.95,724.0,3538.05,3,11,2,MORTGAGE,credit_card,0
APP103983,54,30004.4,9.0,42657.59,645.0,5088.07,4,28,2,RENT,credit_card,0
APP103984,63,20478.13,8.0,10455.0,612.0,9818.95,12,24,0,RENT,business,0
APP103985,37,101083.61,24.0,7638.5,495.0,5137.8,8,5,0,RENT,car,1
APP103986,36,35874.22,16.0,6884.64,659.0,1124.36,3,6,2,RENT,credit_card,1
APP103987,24,73032.81,,13130.59,594.0,5121.73,8,1,2,RENT,business,1
APP103988,41,56773.04,3.0,6747.33,599.0,5172.69,3,6,1,RENT,home_improvement,1
APP103989,44,27988.51,26.0,5131.89,779.0,10101.71,0,4,1,RENT,credit_card,0
APP103990,57,28100.13,37.0,9706.5,505.0,3734.66,6,15,0,MORTGAGE,car,1
APP103991,57,74843.72,32.0,9662.6,516.0,2247.62,0,1,2,MORTGAGE,other,1
APP103992,27,75452.51,30.0,7706.19,668.0,2253.51,14,16,2,RENT,car,0
APP103993,34,14207.74,12.0,5797.75,619.0,15585.43,13,9,3,MORTGAGE,home_improvement,1
APP103994,46,47805.22,28.0,7827.65,608.0,6194.42,3,20,1,MORTGAGE,car,1
APP103995,37,34179.89,3.0,7466.77,671.0,14961.39,9,29,1,RENT,credit_card,0
APP103996,22,21662.51,6.0,6870.43,670.0,16797.77,5,28,1,RENT,car,1
APP103997,62,41393.25,5.0,11683.12,572.0,2711.25,9,27,0,OWN,credit_card,0
APP103998,56,18494.0,7.0,37636.77,602.0,2550.46,7,17,0,MORTGAGE,business,1
APP103999,46,28760.91,14.0,22005.75,653.0,4437.51,11,17,0,RENT,business,0
APP104000,36,24361.59,1.0,31734.25,663.0,8034.68,11,17,0,RENT,debt_consolidation,1
APP104001,62,28285.49,32.0,7040.15,688.0,1601.58,0,24,1,OWN,credit_card,0
APP104002,22,35040.53,28.0,27032.98,603.0,7072.14,12,7,1,RENT,car,1
APP104003,42,21855.69,25.0,11343.11,677.0,6791.3,3,11,3,RENT,debt_consolidation,1
APP104004,60,79745.02,7.0,17886.8,726.0,1997.54,9,10,1,MORTGAGE,credit_card,0
APP104005,67,46473.69,,13024.95,653.0,2054.38,9,26,0,RENT,credit_card,0
APP104006,33,89079.23,0.0,8054.93,641.0,7013.54,9,6,0,MORTGAGE,home_improvement,1
APP104007,52,33522.09,39.0,15240.3,631.0,25807.25,10,6,1,RENT,debt_consolidation,1
APP104008,30,27600.94,29.0,13239.48,600.0,3882.02,1,10,3,OWN,car,0
APP104009,26,87483.7,8.0,3425.79,574.0,6398.38,9,12,0,OWN,credit_card,1
APP104010,38,27199.94,7.0,9186.82,626.0,3029.02,5,21,1,MORTGAGE,debt_consolidation,1
APP104011,64,33218.23,27.0,16704.65,686.0,5938.37,6,3,2,OWN,business,0
APP104012,54,52053.31,32.0,11689.58,578.0,2980.05,2,6,3,MORTGAGE,home_improvement,0
APP104013,44,19557.95,18.0,13117.24,643.0,3995.21,8,28,1,MORTGAGE,debt_consolidation,0
APP104014,34,51826.01,2.0,6305.3,634.0,34866.75,4,19,0,MORTGAGE,car,1
APP104015,27,,19.0,11541.75,792.0,5354.31,10,10,1,RENT,car,0
APP104016,34,68505.04,19.0,9341.24,707.0,1406.22,7,29,4,MORTGAGE,business,1
APP104017,28,56671.25,13.0,8759.8,706.0,8219.59,6,7,0,OWN,home_improvement,1
APP104018,30,69563.08,36.0,6584.32,723.0,12130.32,7,19,1,OWN,home_improvement,0
APP104019,54,34364.83,13.0,17135.67,606.0,8437.16,8,6,2,MORTGAGE,car,1
APP104020,27,23592.04,9.0,12176.72,760.0,4266.64,10,20,2,MORTGAGE,home_improvement,1
APP104021,23,104296.46,27.0,11461.27,662.0,2359.28,1,14,1,RENT,debt_consolidation,0
APP104022,47,16926.78,24.0,33876.3,646.0,2406.14,12,4,0,RENT,home_improvement,0
APP104023,35,17796.26,24.0,13151.35,552.0,4222.61,2,15,0,MORTGAGE,business,1
APP104024,43,48173.48,20.0,20339.05,617.0,3664.86,3,13,1,RENT,credit_card,1
APP104025,27,81837.68,12.0,11658.14,508.0,3144.54,11,20,1,RENT,debt_consolidation,1
APP104026,31,39925.7,10.0,8007.24,630.0,12994.14,0,26,2,RENT,other,1
APP104027,42,59853.3,4.0,5242.31,603.0,10269.5,5,24,1,RENT,credit_card,0
APP104028,54,13387.79,7.0,11439.57,618.0,13542.59,9,9,0,RENT,credit_card,0
APP104029,41,28288.98,23.0,2002.01,539.0,2615.74,11,21,0,MORTGAGE,business,1
APP104030,47,14228.84,16.0,11654.88,706.0,2352.8,13,16,3,MORTGAGE,home_improvement,1
APP104031,46,53648.32,29.0,11959.0,697.0,5228.64,10,14,1,MORTGAGE,credit_card,0
APP104032,34,16753.87,32.0,8685.93,785.0,6849.86,3,6,1,RENT,credit_card,0
APP104033,34,19169.78,22.0,9363.55,782.0,5204.16,5,16,0,MORTGAGE,business,0
APP104034,41,46958.18,4.0,4671.79,662.0,6486.49,0,10,0,MORTGAGE,credit_card,1
APP104035,22,,0.0,22728.21,731.0,17466.56,11,29,0,OWN,credit_card,0
APP104036,54,33540.73,,8084.06,670.0,4126.93,0,13,1,RENT,credit_card,0
APP104037,51,,11.0,5523.37,615.0,9374.14,1,13,0,RENT,other,1
APP104038,36,47519.44,2.0,13722.56,627.0,7438.11,14,2,1,MORTGAGE,business,1
APP104039,39,32607.14,31.0,10577.18,701.0,5304.22,2,9,2,MORTGAGE,home_improvement,0
APP104040,37,21007.76,14.0,7982.44,850.0,9034.71,4,29,0,MORTGAGE,home_improvement,0
APP104041,52,48167.78,29.0,7491.92,743.0,2658.82,6,19,0,OWN,credit_card,0
APP104042,58,49342.83,8.0,9863.7,669.0,2263.67,2,22,0,OWN,debt_consolidation,0
APP104043,26,,0.0,22192.05,688.0,6948.6,9,20,0,MORTGAGE,business,1
APP104044,41,42447.92,5.0,13117.83,687.0,1325.54,4,14,1,OWN,other,0
APP104045,21,20246.76,18.0,9694.9,642.0,7399.99,4,28,1,OWN,car,0
APP104046,43,51285.85,19.0,16505.69,710.0,1993.14,8,9,0,OWN,debt_consolidation,0
APP104047,33,36290.43,17.0,10061.98,637.0,16553.35,4,10,2,RENT,credit_card,1
APP104048,37,28527.71,38.0,12593.44,569.0,3579.53,3,21,1,OWN,car,0
APP104049,43,31340.99,26.0,10836.51,688.0,15718.36,12,15,2,RENT,car,1
APP104050,36,25716.07,29.0,14099.13,699.0,4152.0,8,11,1,MORTGAGE,credit_card,0
APP104051,40,56637.23,,7581.86,638.0,4012.49,13,18,0,OWN,home_improvement,1
APP104052,58,17871.14,18.0,4996.01,674.0,9825.48,5,24,0,MORTGAGE,business,0
APP104053,60,22098.32,24.0,17053.47,726.0,6212.84,13,21,0,MORTGAGE,car,0
APP104054,21,30810.58,23.0,24415.1,645.0,4659.39,13,12,1,OWN,credit_card,0
APP104055,39,81379.24,37.0,5140.32,614.0,3557.16,0,1,1,OWN,credit_card,1
APP104056,62,61521.39,19.0,11021.19,593.0,3584.47,1,24,1,OWN,car,1
APP104057,46,15987.77,14.0,7560.39,629.0,32403.76,11,27,0,RENT,debt_consolidation,1
APP104058,31,71372.9,37.0,16815.01,772.0,1286.61,4,22,0,OWN,business,0
APP104059,50,71304.17,13.0,11475.7,634.0,1878.02,11,5,1,MORTGAGE,debt_consolidation,1
APP104060,28,20191.07,22.0,72873.72,678.0,12600.7,6,25,2,MORTGAGE,business,1
APP104061,22,10293.53,1.0,8259.67,624.0,11866.71,3,6,0,MORTGAGE,other,0
APP104062,51,35027.52,6.0,24893.83,617.0,2349.6,3,26,1,OWN,debt_consolidation,1
APP104063,46,63653.67,2.0,26391.0,579.0,1209.62,3,20,2,MORTGAGE,other,1
APP104064,58,80469.3,16.0,13631.77,658.0,13600.5,9,15,1,RENT,debt_consolidation,1
APP104065,37,23496.02,37.0,10119.81,608.0,2127.2,0,5,3,RENT,credit_card,1
APP104066,62,87202.61,2.0,10476.63,,3317.99,2,12,2,MORTGAGE,debt_consolidation,1
APP104067,41,11920.73,39.0,9957.91,641.0,5307.61,12,4,1,OWN,debt_consolidation,1
APP104068,57,30211.4,34.0,19535.33,646.0,2083.73,4,21,5,RENT,debt_consolidation,1
APP104069,25,29477.86,0.0,5863.01,635.0,10296.37,9,28,0,MORTGAGE,debt_consolidation,1
APP104070,25,64612.85,0.0,8985.88,679.0,4997.76,4,24,1,MORTGAGE,car,0
APP104071,59,69504.81,36.0,8355.61,769.0,2426.91,0,19,3,RENT,other,0
APP104072,61,58519.3,23.0,3513.2,566.0,2604.15,6,29,3,MORTGAGE,credit_card,1
APP104073,67,18485.19,6.0,16570.0,672.0,13871.37,3,28,3,RENT,car,1
APP104074,36,55899.43,,18727.56,524.0,3932.37,11,29,0,MORTGAGE,debt_consolidation,0
APP104075,22,46841.32,22.0,6764.67,747.0,8035.12,12,1,3,MORTGAGE,business,1
APP104076,69,15746.65,25.0,18362.75,641.0,4875.67,13,29,3,MORTGAGE,home_improvement,1
APP104077,50,12919.5,27.0,3826.88,530.0,1207.57,9,1,0,MORTGAGE,home_improvement,1
APP104078,33,61022.3,8.0,10040.4,547.0,8932.71,1,11,0,MORTGAGE,debt_consolidation,0
APP104079,58,33188.22,14.0,9175.07,715.0,11603.7,12,8,0,RENT,credit_card,0
APP104080,65,19099.34,5.0,10432.17,516.0,21459.98,12,25,0,MORTGAGE,credit_card,0
APP104081,34,32725.64,21.0,10399.65,672.0,1074.42,2,1,0,OWN,business,0
APP104082,58,43565.49,39.0,9450.05,615.0,392.78,6,28,1,RENT,home_improvement,0
APP104083,59,34841.85,25.0,7842.68,634.0,8194.9,14,13,2,RENT,debt_consolidation,1
APP104084,45,16714.08,,9272.2,596.0,3042.82,12,2,3,MORTGAGE,debt_consolidation,1
APP104085,51,93225.68,7.0,22425.02,573.0,1565.55,3,28,0,OWN,car,1
APP104086,34,60000.55,21.0,6993.73,611.0,5356.28,9,1,3,OWN,debt_consolidation,1
APP104087,66,30709.01,39.0,38299.96,695.0,3430.83,4,10,4,MORTGAGE,credit_card,0
APP104088,69,31333.8,3.0,6760.83,626.0,1770.55,13,7,0,RENT,home_improvement,0
APP104089,69,43466.41,8.0,11430.44,683.0,4599.79,13,21,4,RENT,home_improvement,1
APP104090,57,20644.19,28.0,13942.87,630.0,7732.61,11,7,2,RENT,debt_consolidation,1
APP104091,23,42673.71,0.0,8307.77,698.0,5653.01,4,19,4,MORTGAGE,home_improvement,0
APP104092,38,18669.26,8.0,22684.06,683.0,5687.39,5,2,1,RENT,debt_consolidation,0
APP104093,42,35057.08,37.0,13727.1,606.0,7007.53,8,0,3,RENT,home_improvement,1
APP104094,68,20246.03,,8752.18,573.0,1270.15,14,2,2,RENT,debt_consolidation,1
APP104095,47,20763.63,17.0,22533.51,,4717.16,5,6,1,MORTGAGE,credit_card,1
APP104096,47,82690.61,13.0,5381.41,584.0,5954.88,8,14,1,OWN,car,1
APP104097,28,37406.99,15.0,7049.49,690.0,3632.4,11,18,1,RENT,debt_consolidation,0
APP104098,59,40283.74,10.0,13870.81,652.0,2531.22,5,18,1,MORTGAGE,business,1
APP104099,37,13283.93,11.0,16008.58,612.0,2705.54,4,2,1,OWN,credit_card,1
APP104100,25,26943.55,30.0,12010.94,684.0,3886.6,5,11,2,RENT,other,1
APP104101,69,45734.4,1.0,9169.93,759.0,10213.92,6,13,1,MORTGAGE,home_improvement,0
APP104102,30,40017.34,5.0,8511.16,700.0,16676.86,1,11,2,RENT,debt_consolidation,1
APP104103,21,12369.45,10.0,19513.09,660.0,14168.28,1,20,1,RENT,car,1
APP104104,24,40278.33,33.0,11432.74,779.0,1410.09,10,14,2,RENT,home_improvement,0
APP104105,43,43620.36,15.0,5864.41,516.0,2318.2,13,10,0,RENT,debt_consolidation,1
APP104106,26,69001.33,1.0,5664.98,561.0,8316.28,12,6,0,RENT,debt_consolidation,1
APP104107,62,26170.4,20.0,24540.42,612.0,13913.0,13,9,2,RENT,car,1
APP104108,46,11836.76,25.0,6430.08,763.0,2267.77,12,24,2,MORTGAGE,credit_card,0
APP104109,36,22062.06,18.0,11656.73,725.0,5690.87,12,21,3,RENT,home_improvement,0
APP104110,21,20982.99,3.0,22259.94,512.0,1987.26,0,12,0,OWN,credit_card,1
APP104111,44,52488.77,35.0,13701.55,615.0,6131.48,13,12,1,RENT,car,0
APP104112,28,9335.99,34.0,6281.82,544.0,2937.28,6,8,0,OWN,debt_consolidation,1
APP104113,68,29022.36,36.0,5380.75,646.0,5689.27,9,15,1,RENT,debt_consolidation,0
APP104114,35,74079.77,38.0,30391.95,722.0,1864.14,13,26,0,RENT,credit_card,0
APP104115,44,36446.7,12.0,5299.15,728.0,1329.95,1,5,1,OWN,credit_card,0
APP104116,21,56849.26,16.0,7101.34,671.0,58607.93,3,17,2,RENT,home_improvement,0
APP104117,27,15980.12,38.0,12375.85,615.0,5195.11,1,23,1,RENT,debt_consolidation,0
APP104118,31,16301.38,17.0,8679.1,642.0,27113.01,6,2,0,MORTGAGE,car,1
APP104119,23,74504.98,34.0,13964.63,704.0,16436.17,11,17,1,OWN,car,0
APP104120,56,38200.65,25.0,4102.44,837.0,1328.11,7,17,0,RENT,credit_card,0
APP104121,67,38239.99,37.0,8723.37,555.0,6564.47,7,29,1,RENT,credit_card,1
APP104122,69,20762.91,0.0,14862.75,777.0,1744.84,3,11,1,OWN,car,0
APP104123,34,38192.36,28.0,14892.96,669.0,3877.87,4,22,2,MORTGAGE,other,1
APP104124,59,20476.46,32.0,7020.07,715.0,1087.98,8,2,3,RENT,credit_card,1
APP104125,45,65738.18,7.0,5361.37,664.0,1394.96,0,17,4,RENT,debt_consolidation,1
APP104126,23,142047.3,29.0,11251.18,762.0,2480.38,6,7,1,RENT,credit_card,0
APP104127,25,46257.11,7.0,4503.1,676.0,3176.08,14,18,0,RENT,debt_consolidation,0
APP104128,47,26437.18,36.0,21387.51,598.0,5069.83,8,18,1,MORTGAGE,debt_consolidation,1
APP104129,41,10230.93,36.0,10877.43,686.0,2145.33,1,9,0,RENT,other,0
APP104130,21,15642.83,0.0,6515.33,740.0,5538.32,6,25,0,MORTGAGE,credit_card,0
APP104131,66,79018.0,20.0,5256.91,650.0,12192.94,5,13,2,RENT,credit_card,1
APP104132,56,21707.3,15.0,6769.39,484.0,6118.74,10,7,2,MORTGAGE,debt_consolidation,1
APP104133,45,30169.37,35.0,3877.09,640.0,4657.07,10,20,1,RENT,car,1
APP104134,69,50395.79,12.0,13317.94,657.0,6459.47,14,15,0,MORTGAGE,credit_card,0
APP104135,68,76202.15,28.0,6113.73,646.0,1559.33,9,15,1,MORTGAGE,debt_consolidation,0
APP104136,68,32866.41,4.0,12579.24,610.0,10526.02,3,4,1,MORTGAGE,debt_consolidation,1
APP104137,33,29663.32,8.0,13664.1,755.0,1885.4,1,28,3,RENT,home_improvement,0
APP104138,64,37639.55,39.0,17669.55,460.0,17008.87,2,10,3,RENT,business,1
APP104139,45,26533.97,15.0,11511.58,657.0,9105.21,9,16,2,RENT,debt_consolidation,0
APP104140,56,27257.67,30.0,19441.02,,7671.36,8,4,3,RENT,debt_consolidation,1
APP104141,63,44620.12,38.0,22735.12,817.0,7943.25,5,0,1,OWN,business,0
APP104142,29,39840.76,38.0,11555.64,648.0,4907.34,11,21,1,MORTGAGE,car,1
APP104143,42,105430.02,0.0,11981.46,685.0,2619.9,2,3,0,RENT,business,0
APP104144,27,45225.86,9.0,7083.45,660.0,2313.64,10,20,0,OWN,debt_consolidation,0
APP104145,34,64574.36,,5472.14,657.0,19952.58,9,1,0,MORTGAGE,home_improvement,1
APP104146,41,21255.21,37.0,21359.35,791.0,5338.2,2,9,1,RENT,debt_consolidation,0
APP104147,62,47220.28,39.0,14234.82,561.0,2014.36,13,27,0,RENT,credit_card,0
APP104148,63,25298.73,28.0,14944.48,596.0,7430.65,13,16,2,OWN,credit_card,0
APP104149,40,44255.13,4.0,6943.59,710.0,6465.96,11,9,0,RENT,credit_card,0
APP104150,37,51239.05,29.0,26221.97,670.0,3776.41,9,3,1,MORTGAGE,home_improvement,1
APP104151,47,37232.39,10.0,8628.55,627.0,2396.06,2,25,3,MORTGAGE,credit_card,1
APP104152,65,121014.16,32.0,6117.42,644.0,8852.43,14,17,0,MORTGAGE,car,0
APP104153,68,74160.72,21.0,7014.93,723.0,10475.95,2,13,2,RENT,debt_consolidation,0
APP104154,32,65422.58,7.0,25405.35,688.0,6360.85,12,23,2,OWN,debt_consolidation,0
APP104155,30,53217.53,33.0,5081.55,592.0,5204.27,7,27,0,RENT,car,0
APP104156,55,87700.28,39.0,6306.44,669.0,2628.29,10,20,2,MORTGAGE,business,0
APP104157,35,17703.46,20.0,56336.93,646.0,7214.67,0,14,2,MORTGAGE,car,1
APP104158,30,72051.87,32.0,17406.91,687.0,2957.93,4,18,3,RENT,credit_card,0
APP104159,22,22123.11,2.0,6375.17,624.0,1775.83,0,25,1,MORTGAGE,credit_card,0
APP104160,40,27387.18,10.0,5172.6,553.0,12094.15,10,8,0,OWN,credit_card,1
APP104161,40,48083.59,,3627.8,703.0,2156.15,3,20,1,RENT,credit_card,0
APP104162,48,67279.45,11.0,10490.95,693.0,1077.56,4,15,3,MORTGAGE,debt_consolidation,1
APP104163,30,20398.4,15.0,15318.43,763.0,14005.6,1,7,2,MORTGAGE,home_improvement,0
APP104164,56,28105.7,17.0,24619.13,544.0,1217.37,1,6,1,MORTGAGE,car,1
APP104165,54,38130.36,12.0,3176.74,644.0,3598.27,8,17,0,RENT,car,1
APP104166,43,33084.39,21.0,4468.33,631.0,2045.73,5,5,1,RENT,home_improvement,1
APP104167,29,55659.94,8.0,9212.07,618.0,2754.41,0,8,2,OWN,debt_consolidation,1
APP104168,45,202392.43,13.0,52712.19,526.0,29122.21,12,11,2,RENT,business,1
APP104169,54,44786.42,33.0,16840.49,564.0,4531.23,3,5,1,OWN,credit_card,1
APP104170,39,25144.68,22.0,12378.05,671.0,6554.61,0,9,3,OWN,home_improvement,1
APP104171,33,18991.48,1.0,4745.94,610.0,9250.11,0,9,0,RENT,debt_consolidation,0
APP104172,45,30864.84,13.0,2773.9,583.0,2929.37,6,1,2,RENT,credit_card,1
APP104173,38,22694.44,33.0,10130.54,764.0,11615.69,7,8,1,MORTGAGE,home_improvement,0
APP104174,40,45879.56,7.0,9324.29,839.0,6639.6,1,19,3,MORTGAGE,home_improvement,0
APP104175,38,45524.72,36.0,8428.01,645.0,8982.58,5,14,1,MORTGAGE,credit_card,0
APP104176,35,28808.22,11.0,7877.29,529.0,2752.29,5,11,3,MORTGAGE,home_improvement,1
APP104177,56,97975.97,,6316.92,681.0,7010.7,1,19,0,RENT,debt_consolidation,0
APP104178,43,25141.53,19.0,5505.01,483.0,4879.75,9,5,1,MORTGAGE,home_improvement,1
APP104179,43,34210.38,25.0,22781.51,541.0,12134.43,5,29,3,MORTGAGE,business,1
APP104180,53,49990.15,31.0,5814.34,683.0,3189.86,10,2,2,OWN,credit_card,1
APP104181,38,56728.24,5.0,8385.93,539.0,24978.54,0,14,2,RENT,credit_card,1
APP104182,25,68788.25,14.0,9667.77,626.0,6444.48,0,23,1,RENT,credit_card,1
APP104183,62,44992.37,22.0,15119.92,531.0,4446.29,12,22,0,MORTGAGE,debt_consolidation,1
APP104184,23,61417.88,10.0,5936.66,654.0,4049.09,4,13,3,OWN,credit_card,1
APP104185,49,26041.48,15.0,17797.99,739.0,4887.93,5,14,2,OWN,car,0
APP104186,34,57471.3,35.0,6989.75,600.0,2972.24,6,26,3,OWN,business,1
APP104187,31,57088.88,9.0,8980.96,648.0,8378.07,9,13,1,OWN,debt_consolidation,0
APP104188,23,77376.88,7.0,26525.43,584.0,4868.14,10,1,0,MORTGAGE,home_improvement,1
APP104189,65,15768.7,23.0,5532.88,590.0,23269.27,10,12,1,MORTGAGE,credit_card,1
APP104190,42,23072.77,3.0,15253.17,583.0,3474.97,13,1,3,OWN,business,1
APP104191,37,54806.85,0.0,18083.7,712.0,4462.58,8,26,2,MORTGAGE,credit_card,0
APP104192,57,9646.18,34.0,11919.59,536.0,3472.23,3,6,1,MORTGAGE,debt_consolidation,1
APP104193,22,46444.02,11.0,9223.24,623.0,21921.74,8,4,1,OWN,debt_consolidation,1
APP104194,48,61691.55,4.0,35433.83,682.0,1545.98,4,18,1,OWN,car,0
APP104195,45,27222.86,26.0,9815.25,722.0,5297.09,6,8,0,RENT,car,0
APP104196,48,29287.18,19.0,11186.32,685.0,6313.13,0,22,0,RENT,business,0
APP104197,27,21224.92,18.0,8087.57,644.0,1993.37,6,21,1,OWN,debt_consolidation,0
APP104198,67,27979.47,17.0,10836.22,604.0,40723.05,8,15,1,MORTGAGE,other,1
APP104199,32,28387.83,5.0,17649.64,724.0,2334.49,4,8,1,OWN,debt_consolidation,0
APP104200,54,25811.6,34.0,8390.18,580.0,5048.36,1,8,1,OWN,home_improvement,1
APP104201,57,25113.5,0.0,2793.03,581.0,18905.77,1,0,0,OWN,home_improvement,1
APP104202,37,31713.5,19.0,13468.95,758.0,3640.76,1,26,1,MORTGAGE,debt_consolidation,0
APP104203,27,31522.22,10.0,5182.27,678.0,5513.21,5,6,2,MORTGAGE,home_improvement,1
APP104204,35,92694.64,25.0,15446.32,681.0,3730.06,14,14,0,MORTGAGE,credit_card,0
APP104205,60,29819.19,21.0,9889.27,697.0,4709.68,6,0,3,MORTGAGE,car,1
APP104206,65,43134.36,15.0,17428.56,642.0,11674.54,13,15,3,MORTGAGE,credit_card,1
APP104207,66,27215.95,21.0,5602.64,534.0,3507.79,2,8,1,MORTGAGE,debt_consolidation,0
APP104208,32,27043.5,,7178.65,670.0,587.83,14,15,1,OWN,home_improvement,0
APP104209,50,15487.91,5.0,8070.56,648.0,4786.9,13,9,1,OWN,other,0
APP104210,28,16552.9,36.0,4066.88,581.0,5168.48,1,23,1,OWN,car,0
APP104211,55,19860.75,24.0,19280.55,562.0,5746.52,0,28,2,MORTGAGE,car,1
APP104212,41,39809.0,26.0,3732.17,646.0,4244.4,9,19,1,MORTGAGE,business,1
APP104213,55,62198.54,39.0,19118.05,541.0,2465.06,3,24,0,OWN,car,1
APP104214,54,14863.56,36.0,12767.26,638.0,4039.53,9,13,1,OWN,debt_consolidation,0
APP104215,69,27596.98,23.0,8783.93,628.0,20174.07,10,3,2,RENT,credit_card,1
APP104216,44,18334.77,31.0,12174.14,640.0,4752.21,0,10,1,RENT,debt_consolidation,0
APP104217,37,31820.35,21.0,11975.76,682.0,8286.03,12,3,0,MORTGAGE,credit_card,1
APP104218,46,62185.97,9.0,7783.36,699.0,2149.56,12,1,1,MORTGAGE,debt_consolidation,0
APP104219,28,29043.76,24.0,11835.87,593.0,3892.72,7,29,2,OWN,car,1
APP104220,26,35462.87,36.0,15347.53,719.0,2207.27,13,14,1,OWN,debt_consolidation,0
APP104221,46,75178.02,35.0,5614.96,632.0,13834.74,8,20,2,OWN,debt_consolidation,0
APP104222,61,45658.75,20.0,12182.03,790.0,1415.7,10,12,0,MORTGAGE,other,0
APP104223,47,24833.63,37.0,2047.15,603.0,6620.47,4,18,2,OWN,business,1
APP104224,59,39318.78,7.0,3109.57,521.0,6454.91,9,8,1,MORTGAGE,credit_card,1
APP104225,29,24010.0,1.0,13887.11,716.0,6128.78,14,17,0,RENT,debt_consolidation,0
APP104226,43,44812.44,16.0,7702.52,684.0,753.02,11,15,0,OWN,debt_consolidation,0
APP104227,51,46989.06,8.0,5930.93,746.0,974.23,9,4,0,MORTGAGE,debt_consolidation,0
APP104228,38,18332.31,38.0,9587.21,674.0,5397.25,6,16,0,OWN,car,0
APP104229,21,39639.24,4.0,7804.29,837.0,2348.44,1,7,0,MORTGAGE,credit_card,0
APP104230,24,34242.18,21.0,5468.91,634.0,2938.68,5,16,1,RENT,home_improvement,1
APP104231,66,47683.4,,3701.79,733.0,3499.47,11,12,1,OWN,business,1
APP104232,50,55032.19,4.0,3038.46,607.0,2116.73,7,9,1,MORTGAGE,credit_card,1
APP104233,33,46107.22,1.0,15417.76,689.0,1844.11,1,13,1,MORTGAGE,debt_consolidation,0
APP104234,33,31207.18,22.0,7680.96,704.0,4914.55,3,2,2,RENT,other,1
APP104235,22,57911.14,36.0,17707.25,716.0,1069.7,6,29,2,OWN,credit_card,0
APP104236,67,23469.77,0.0,7634.33,712.0,3279.21,0,17,0,MORTGAGE,debt_consolidation,0
APP104237,26,18764.82,0.0,12246.33,391.0,2881.51,7,1,3,OWN,car,1
APP104238,58,7349.27,37.0,9179.77,644.0,4822.51,13,4,1,RENT,debt_consolidation,1
APP104239,32,35063.97,24.0,10164.62,603.0,33181.35,10,0,2,MORTGAGE,car,1
APP104240,37,24082.16,28.0,10465.32,619.0,2240.47,14,7,1,MORTGAGE,credit_card,0
APP104241,34,44306.08,11.0,7574.75,627.0,6802.84,14,27,2,OWN,business,0
APP104242,61,13553.31,12.0,4732.59,728.0,5864.28,0,21,3,MORTGAGE,home_improvement,0
APP104243,22,26275.99,18.0,15672.75,666.0,7691.85,5,26,1,RENT,debt_consolidation,0
APP104244,38,45942.0,8.0,25748.41,609.0,4143.79,3,14,1,MORTGAGE,credit_card,1
APP104245,34,21700.31,17.0,26783.18,532.0,15570.99,10,8,0,RENT,credit_card,1
APP104246,34,,38.0,7101.33,772.0,8503.54,0,11,1,MORTGAGE,business,0
APP104247,30,27487.56,29.0,6374.73,598.0,8612.45,10,9,5,MORTGAGE,credit_card,1
APP104248,65,35724.64,34.0,7097.02,639.0,1585.41,5,26,1,RENT,home_improvement,0
APP104249,39,48902.27,19.0,8906.15,821.0,5308.54,2,17,2,MORTGAGE,debt_consolidation,0
APP104250,41,58477.57,31.0,9590.45,600.0,3268.6,3,24,3,RENT,debt_consolidation,0
APP104251,39,38034.4,16.0,5438.41,627.0,2466.84,9,6,3,OWN,debt_consolidation,0
APP104252,69,24173.08,24.0,4073.1,668.0,2977.47,7,27,0,OWN,debt_consolidation,0
APP104253,37,28882.19,,10198.19,521.0,4699.75,13,26,2,MORTGAGE,credit_card,1
APP104254,37,49935.01,32.0,1190.05,512.0,7082.71,14,17,3,MORTGAGE,credit_card,1
APP104255,37,21793.63,37.0,9317.09,611.0,10778.22,8,8,3,OWN,car,1
APP104256,37,33221.97,4.0,5614.74,614.0,10381.24,10,17,2,MORTGAGE,home_improvement,1
APP104257,25,29943.21,31.0,15805.18,660.0,6211.49,7,1,1,RENT,debt_consolidation,1
APP104258,50,34486.36,28.0,18556.6,571.0,5138.41,5,5,2,MORTGAGE,debt_consolidation,1
APP104259,22,21924.47,29.0,18821.36,684.0,3791.1,9,15,0,OWN,debt_consolidation,0
APP104260,32,14386.25,0.0,8039.58,477.0,4031.62,0,29,1,RENT,credit_card,1
APP104261,30,47116.16,19.0,5008.61,644.0,2632.7,12,22,3,RENT,credit_card,1
APP104262,35,58809.91,38.0,6070.79,,3488.52,10,7,0,OWN,home_improvement,0
APP104263,58,14822.66,36.0,11761.26,676.0,6522.82,3,28,1,OWN,home_improvement,0
APP104264,50,43672.03,9.0,3686.68,636.0,16852.98,0,14,1,RENT,credit_card,1
APP104265,69,62416.91,19.0,22836.83,597.0,4359.96,2,18,4,MORTGAGE,credit_card,1
APP104266,38,48920.68,34.0,8116.24,634.0,2575.64,10,24,2,OWN,business,0
APP104267,66,29485.82,37.0,13361.12,748.0,10672.26,9,3,1,MORTGAGE,home_improvement,0
APP104268,23,22657.63,13.0,3398.69,602.0,990.36,9,5,2,MORTGAGE,debt_consolidation,1
APP104269,45,37816.06,32.0,5678.32,728.0,11322.19,0,19,1,RENT,credit_card,0
APP104270,60,41105.31,33.0,3154.52,740.0,1562.01,0,12,1,MORTGAGE,other,0
APP104271,47,38097.49,6.0,18264.48,511.0,8314.26,12,2,1,MORTGAGE,home_improvement,1
APP104272,66,33187.64,1.0,8990.08,639.0,3358.09,6,4,2,MORTGAGE,debt_consolidation,1
APP104273,36,21134.76,1.0,13943.7,571.0,6353.29,4,5,1,RENT,car,1
APP104274,22,44861.9,5.0,10280.95,529.0,26017.37,1,14,3,MORTGAGE,debt_consolidation,1
APP104275,58,45955.43,29.0,13109.4,713.0,2514.37,1,8,1,RENT,credit_card,0
APP104276,24,40151.34,15.0,8083.13,687.0,2207.38,11,27,0,MORTGAGE,other,1
APP104277,58,,27.0,8759.31,671.0,5232.11,11,1,1,RENT,debt_consolidation,1
APP104278,56,84088.47,3.0,9367.12,563.0,16651.61,4,12,1,RENT,credit_card,1
APP104279,62,26577.24,24.0,12624.3,666.0,5672.2,3,10,0,OWN,other,0
APP104280,44,68921.09,29.0,12826.53,545.0,5093.36,4,3,1,RENT,business,1
APP104281,64,25159.42,39.0,53469.26,656.0,5626.62,6,23,0,MORTGAGE,debt_consolidation,0
APP104282,29,63226.28,12.0,27145.36,597.0,2200.11,12,22,0,OWN,car,0
APP104283,42,67284.41,21.0,3404.13,734.0,5672.48,6,1,1,MORTGAGE,debt_consolidation,0
APP104284,26,31365.83,19.0,9082.79,620.0,3589.38,11,16,2,RENT,home_improvement,1
APP104285,58,83323.14,13.0,7757.87,668.0,14157.07,12,14,0,MORTGAGE,car,0
APP104286,55,45913.66,25.0,21334.45,668.0,9305.77,8,1,2,MORTGAGE,credit_card,1
APP104287,60,23420.42,22.0,8189.03,643.0,1704.47,3,6,0,MORTGAGE,other,0
APP104288,58,30119.31,33.0,13076.52,658.0,3918.61,14,11,0,RENT,credit_card,0
APP104289,36,63983.54,1.0,2435.15,674.0,7497.98,9,16,1,OWN,debt_consolidation,0
APP104290,24,57614.66,8.0,3991.17,578.0,2241.22,10,13,1,MORTGAGE,debt_consolidation,0
APP104291,66,21396.44,23.0,34730.58,682.0,2072.65,14,14,1,RENT,home_improvement,0
APP104292,45,33872.93,22.0,10200.04,719.0,3396.21,9,21,0,OWN,credit_card,0
APP104293,25,40205.6,36.0,5436.68,681.0,6474.02,8,4,1,MORTGAGE,home_improvement,1
APP104294,66,28175.21,26.0,11449.74,621.0,11268.0,12,2,3,RENT,home_improvement,1
APP104295,69,118054.29,0.0,5261.46,663.0,5917.44,2,25,0,OWN,credit_card,0
APP104296,42,40816.1,19.0,8349.66,620.0,35237.6,14,6,1,OWN,credit_card,1
APP104297,58,35210.3,33.0,4139.91,640.0,2860.04,4,15,1,MORTGAGE,credit_card,0
APP104298,22,65869.15,34.0,6165.76,554.0,8886.44,14,1,0,RENT,credit_card,0
APP104299,25,30254.29,32.0,7709.42,760.0,2023.78,8,29,3,MORTGAGE,debt_consolidation,0
APP104300,34,60096.92,19.0,19388.19,804.0,17832.56,13,21,5,RENT,debt_consolidation,1
APP104301,53,15774.24,4.0,13074.61,593.0,14581.79,4,29,0,OWN,car,0
APP104302,27,28945.59,8.0,14517.56,712.0,8683.73,11,28,0,OWN,car,0
APP104303,22,61361.34,33.0,9745.25,766.0,1225.29,7,7,0,RENT,car,0
APP104304,53,79626.23,13.0,16215.28,573.0,8619.59,9,12,0,MORTGAGE,credit_card,0
APP104305,58,24670.22,30.0,5859.9,477.0,2552.16,8,26,0,MORTGAGE,credit_card,1
APP104306,57,23273.93,1.0,6376.51,771.0,7064.92,14,15,0,RENT,debt_consolidation,0
APP104307,60,48229.36,19.0,12639.15,,1534.99,11,21,0,OWN,other,0
APP104308,60,26595.12,38.0,8370.86,608.0,6099.64,3,13,1,MORTGAGE,credit_card,0
APP104309,50,31752.0,9.0,9815.25,653.0,3703.96,9,12,3,RENT,home_improvement,0
APP104310,46,56286.08,1.0,8968.9,,2637.04,5,12,0,MORTGAGE,credit_card,0
APP104311,62,27665.71,11.0,20995.64,850.0,7895.76,10,24,2,OWN,debt_consolidation,0
APP104312,38,13592.69,2.0,21662.37,607.0,4717.15,7,14,3,OWN,home_improvement,1
APP104313,25,18948.08,24.0,6797.43,676.0,4171.5,3,12,1,MORTGAGE,debt_consolidation,1
APP104314,57,36496.72,7.0,3442.93,753.0,8864.01,3,15,0,OWN,home_improvement,1
APP104315,34,14303.91,9.0,6458.17,752.0,22542.7,6,14,0,OWN,car,0
APP104316,68,31301.45,23.0,5778.06,737.0,6127.48,7,6,0,MORTGAGE,credit_card,0
APP104317,41,18105.15,13.0,16302.1,615.0,1158.89,12,11,1,MORTGAGE,business,1
APP104318,62,,26.0,17193.7,637.0,1412.87,9,18,3,RENT,credit_card,0
APP104319,23,107212.84,37.0,5331.33,476.0,5193.34,11,25,3,RENT,credit_card,1
APP104320,53,21394.76,37.0,6293.65,644.0,11172.12,2,12,1,MORTGAGE,business,1
APP104321,42,41290.15,29.0,4074.87,652.0,5474.01,2,27,0,OWN,car,0
APP104322,43,22466.89,38.0,10728.16,709.0,7400.13,0,29,1,OWN,home_improvement,0
APP104323,33,31111.79,29.0,9633.96,793.0,4688.86,0,4,2,MORTGAGE,debt_consolidation,0
APP104324,68,89476.8,2.0,15890.44,,10611.32,2,6,1,MORTGAGE,debt_consolidation,1
APP104325,40,28757.55,38.0,13336.75,735.0,8048.85,9,17,0,RENT,car,0
APP104326,62,31476.02,22.0,14272.96,648.0,2174.03,6,8,0,MORTGAGE,credit_card,0
APP104327,41,22668.59,,3923.73,752.0,7032.11,6,3,0,MORTGAGE,debt_consolidation,0
APP104328,23,64414.54,24.0,6796.78,650.0,1430.66,11,23,0,RENT,debt_consolidation,0
APP104329,64,7103.67,9.0,17489.19,741.0,7033.36,6,26,1,MORTGAGE,debt_consolidation,1
APP104330,30,29103.14,21.0,7164.22,714.0,3920.6,0,7,2,RENT,credit_card,0
APP104331,34,35491.8,26.0,3727.38,681.0,5589.0,0,6,1,OWN,car,0
APP104332,63,26094.02,1.0,16071.35,526.0,6369.09,2,24,2,RENT,car,1
APP104333,64,,17.0,6999.83,737.0,6156.78,5,1,1,OWN,debt_consolidation,0
APP104334,65,66238.27,2.0,18724.39,680.0,15275.11,13,0,1,OWN,home_improvement,1
APP104335,41,17925.51,4.0,9788.38,706.0,5050.61,2,22,2,OWN,other,0
APP104336,58,103439.62,8.0,8380.55,675.0,5716.62,11,5,0,MORTGAGE,car,0
APP104337,37,17825.24,31.0,22424.62,688.0,14240.61,0,19,0,OWN,credit_card,0
APP104338,57,69169.5,16.0,4529.68,754.0,22413.99,1,12,2,RENT,car,1
APP104339,45,39140.53,1.0,23400.97,612.0,4845.63,5,12,0,MORTGAGE,debt_consolidation,1
APP104340,23,28230.25,29.0,6743.85,687.0,3262.77,9,28,0,RENT,car,0
APP104341,41,29593.69,21.0,10909.86,587.0,3394.76,12,18,2,RENT,debt_consolidation,1
APP104342,43,35712.06,5.0,10971.89,696.0,7048.55,11,7,2,RENT,credit_card,1
APP104343,33,40304.12,22.0,7659.7,670.0,4176.75,13,23,2,OWN,home_improvement,1
APP104344,39,22923.61,9.0,6264.99,599.0,1212.69,6,4,2,OWN,home_improvement,1
APP104345,45,32306.7,25.0,7927.61,657.0,12069.53,3,5,0,RENT,home_improvement,1
APP104346,23,24702.6,37.0,5384.41,604.0,9436.22,6,11,1,RENT,car,1
APP104347,28,19780.96,12.0,32118.14,,12299.51,4,9,3,OWN,debt_consolidation,1
APP104348,58,24133.21,29.0,7415.45,678.0,14404.56,5,29,1,MORTGAGE,business,0
APP104349,38,20435.17,0.0,19838.27,671.0,5724.38,1,14,3,MORTGAGE,debt_consolidation,1
APP104350,50,29434.49,16.0,18330.17,496.0,6053.81,11,12,3,RENT,debt_consolidation,0
APP104351,48,45081.96,35.0,12304.96,679.0,10996.44,13,18,0,RENT,other,0
APP104352,48,38574.83,2.0,9123.35,625.0,1859.31,1,13,1,RENT,car,1
APP104353,41,97457.57,37.0,11117.43,616.0,3707.16,0,18,2,MORTGAGE,debt_consolidation,0
APP104354,44,12025.37,3.0,13950.94,559.0,4686.97,12,12,0,OWN,credit_card,1
APP104355,61,45920.66,19.0,10512.09,646.0,10275.83,14,14,0,RENT,debt_consolidation,0
APP104356,68,36432.27,7.0,3865.9,608.0,3194.27,0,27,4,RENT,credit_card,0
APP104357,33,54602.51,0.0,3324.3,751.0,2780.21,9,19,0,MORTGAGE,other,0
APP104358,53,51960.16,13.0,24474.64,510.0,3481.53,6,2,1,OWN,home_improvement,1
APP104359,68,33439.87,23.0,2036.87,572.0,7155.98,11,0,0,OWN,home_improvement,0
APP104360,21,39589.75,28.0,11130.13,567.0,4653.52,7,13,1,MORTGAGE,car,1
APP104361,59,25033.38,12.0,8595.66,670.0,1539.81,3,9,0,OWN,home_improvement,0
APP104362,45,49357.25,19.0,10899.59,743.0,1802.88,4,16,1,OWN,home_improvement,0
APP104363,68,14193.82,7.0,4994.14,690.0,5482.32,9,17,2,MORTGAGE,debt_consolidation,0
APP104364,49,53552.26,29.0,12214.84,562.0,5630.32,3,25,2,MORTGAGE,home_improvement,1
APP104365,62,,6.0,11199.34,615.0,5024.43,1,9,0,MORTGAGE,car,1
APP104366,29,28466.09,34.0,51875.77,585.0,3372.57,7,20,0,RENT,credit_card,1
APP104367,27,,7.0,10699.88,690.0,9229.11,9,28,2,MORTGAGE,credit_card,1
APP104368,66,33536.91,26.0,22224.29,614.0,6602.37,11,6,1,MORTGAGE,debt_consolidation,1
APP104369,46,69470.11,13.0,4027.05,536.0,6424.85,9,28,1,RENT,debt_consolidation,1
APP104370,48,182909.51,39.0,18252.5,696.0,6609.86,6,28,0,MORTGAGE,business,0
APP104371,29,66831.87,11.0,11336.29,751.0,17640.13,12,11,0,OWN,debt_consolidation,0
APP104372,32,27373.68,37.0,11635.82,635.0,2165.88,6,23,2,MORTGAGE,home_improvement,0
APP104373,61,49756.23,33.0,11732.77,659.0,3509.2,9,6,0,MORTGAGE,car,0
APP104374,35,50851.48,18.0,27551.24,529.0,3755.31,13,0,1,RENT,debt_consolidation,1
APP104375,49,22866.3,19.0,11534.09,485.0,13441.91,14,6,1,MORTGAGE,debt_consolidation,1
APP104376,36,19333.61,14.0,6182.8,502.0,3644.58,6,3,3,RENT,debt_consolidation,1
APP104377,33,35184.45,17.0,6839.28,646.0,2607.2,7,13,0,MORTGAGE,credit_card,0
APP104378,29,54385.55,18.0,16159.71,625.0,4515.87,13,7,1,MORTGAGE,debt_consolidation,0
APP104379,66,16221.55,5.0,12945.11,693.0,5343.62,8,28,2,RENT,debt_consolidation,0
APP104380,67,25325.09,12.0,3950.97,634.0,12798.79,11,15,1,OWN,credit_card,1
APP104381,26,48355.05,35.0,13477.61,729.0,3627.33,1,7,2,RENT,debt_consolidation,0
APP104382,38,37081.07,39.0,5169.83,719.0,2835.69,12,8,1,MORTGAGE,debt_consolidation,0
APP104383,48,73727.92,2.0,12873.87,624.0,2373.5,1,9,1,RENT,debt_consolidation,0
APP104384,39,17931.54,29.0,6103.8,569.0,3731.52,5,2,1,MORTGAGE,business,1
APP104385,56,117722.15,9.0,8359.14,496.0,38212.72,2,16,0,OWN,business,1
APP104386,33,16831.44,26.0,7137.48,764.0,6673.73,13,0,1,MORTGAGE,home_improvement,0
APP104387,23,13166.33,24.0,24620.82,574.0,7931.7,1,17,1,OWN,debt_consolidation,1
APP104388,37,35261.38,35.0,12595.67,530.0,4913.63,8,21,1,RENT,credit_card,1
APP104389,50,20594.32,28.0,21092.39,660.0,5485.74,2,19,1,MORTGAGE,business,0
APP104390,29,35618.56,32.0,56225.61,530.0,9220.73,0,0,1,MORTGAGE,business,1
APP104391,60,35001.16,32.0,10179.01,660.0,7708.99,3,21,0,RENT,home_improvement,0
APP104392,21,32929.13,25.0,24372.1,623.0,6498.49,1,14,1,OWN,debt_consolidation,1
APP104393,24,23832.24,16.0,6505.0,723.0,4978.56,4,23,2,MORTGAGE,credit_card,0
APP104394,45,45086.05,13.0,21013.64,716.0,3707.66,2,12,1,MORTGAGE,other,0
APP104395,46,30987.26,13.0,6096.65,738.0,6901.35,10,14,1,RENT,car,0
APP104396,35,63059.4,14.0,9788.38,666.0,5254.53,2,13,2,MORTGAGE,car,0
APP104397,33,33183.69,11.0,13658.63,581.0,27070.85,7,2,3,MORTGAGE,credit_card,1
APP104398,24,22419.27,12.0,15011.0,567.0,11389.83,0,13,1,RENT,debt_consolidation,0
APP104399,53,15617.46,22.0,4612.24,607.0,2865.72,13,20,2,RENT,credit_card,0
APP104400,39,33321.07,10.0,5882.79,809.0,1928.23,6,24,2,RENT,debt_consolidation,0
APP104401,26,19252.53,13.0,14283.64,630.0,3573.96,5,17,4,OWN,credit_card,1
APP104402,40,18490.62,28.0,7937.63,662.0,2066.09,4,11,0,OWN,car,0
APP104403,66,47274.61,13.0,4279.5,771.0,3406.19,0,6,3,OWN,debt_consolidation,1
APP104404,33,14930.55,4.0,9484.5,670.0,2262.77,3,24,0,RENT,debt_consolidation,0
APP104405,64,73577.66,0.0,9215.27,590.0,3783.39,12,25,0,RENT,debt_consolidation,1
APP104406,33,39334.54,30.0,11005.48,708.0,3819.61,5,8,0,RENT,business,0
APP104407,30,35528.08,37.0,13596.19,615.0,5528.87,12,22,0,RENT,debt_consolidation,0
APP104408,33,21646.89,27.0,13087.21,673.0,4165.11,2,25,0,MORTGAGE,credit_card,0
APP104409,36,53219.82,2.0,6242.25,690.0,2387.89,5,12,0,OWN,business,0
APP104410,26,36262.79,22.0,7734.94,610.0,12989.81,9,17,1,RENT,business,0
APP104411,49,25769.62,10.0,17269.09,664.0,6784.46,1,29,1,RENT,home_improvement,0
APP104412,37,40131.32,12.0,7144.44,778.0,3179.34,5,18,1,RENT,home_improvement,0
APP104413,56,15655.96,36.0,7808.32,599.0,2418.97,13,20,1,OWN,car,1
APP104414,45,16031.91,32.0,4013.58,755.0,1519.62,7,27,1,RENT,debt_consolidation,0
APP104415,42,20741.81,29.0,9728.27,602.0,1433.14,14,27,0,MORTGAGE,debt_consolidation,0
APP104416,44,43250.48,20.0,12175.27,794.0,11361.29,2,23,0,MORTGAGE,debt_consolidation,0
APP104417,28,36256.39,23.0,3025.11,581.0,10436.07,14,21,0,MORTGAGE,credit_card,1
APP104418,55,61358.54,36.0,5207.47,618.0,3079.72,13,6,0,OWN,car,0
APP104419,26,22925.5,26.0,4217.35,770.0,14660.97,5,21,1,MORTGAGE,credit_card,0
APP104420,56,48403.82,23.0,15883.11,774.0,8049.87,8,10,1,MORTGAGE,debt_consolidation,0
APP104421,69,34305.63,3.0,3141.92,715.0,5782.57,1,6,2,RENT,car,1
APP104422,58,22662.74,39.0,9440.74,563.0,9794.26,2,29,0,RENT,credit_card,0
APP104423,43,44031.2,32.0,15225.35,656.0,8060.8,5,12,2,OWN,car,1
APP104424,36,35136.44,14.0,11077.74,650.0,5557.71,4,19,2,OWN,business,1
APP104425,63,26514.32,10.0,7600.92,581.0,4056.05,8,19,1,OWN,credit_card,1
APP104426,33,37086.18,38.0,12184.03,705.0,4510.86,13,18,2,MORTGAGE,credit_card,0
APP104427,44,34038.07,38.0,18438.28,587.0,1357.8,0,24,3,MORTGAGE,credit_card,1
APP104428,58,33629.4,16.0,9278.29,546.0,2590.01,12,24,1,MORTGAGE,credit_card,0
APP104429,66,29545.99,9.0,2582.82,520.0,20746.42,4,27,1,OWN,home_improvement,1
APP104430,66,18911.5,31.0,19705.24,786.0,2535.21,9,26,0,OWN,car,0
APP104431,25,37698.77,25.0,12583.71,609.0,1118.2,14,2,2,RENT,credit_card,0
APP104432,65,24309.99,36.0,9702.65,610.0,10129.13,11,12,0,RENT,debt_consolidation,1
APP104433,26,21803.71,21.0,3016.27,567.0,5996.26,0,21,2,RENT,debt_consolidation,1
APP104434,49,32197.69,22.0,8275.17,759.0,6272.3,8,25,0,OWN,car,0
APP104435,66,52418.42,5.0,5853.02,539.0,4332.85,2,7,2,MORTGAGE,credit_card,1
APP104436,53,39847.17,24.0,4770.62,553.0,10184.37,3,24,4,RENT,car,1
APP104437,67,27845.56,14.0,9119.14,624.0,16709.62,8,21,2,RENT,credit_card,1
APP104438,37,27291.4,8.0,7175.44,648.0,3238.42,8,15,3,RENT,home_improvement,1
APP104439,36,49906.5,31.0,7464.7,702.0,8154.34,14,9,0,RENT,credit_card,1
APP104440,36,10955.89,13.0,15425.48,595.0,12025.65,4,17,0,MORTGAGE,business,1
APP104441,38,54105.03,8.0,11537.33,773.0,3095.76,14,17,0,RENT,credit_card,0
APP104442,54,14228.36,38.0,7351.73,596.0,16443.12,6,8,1,RENT,home_improvement,1
APP104443,43,17895.35,38.0,6812.89,569.0,11993.66,3,15,4,MORTGAGE,home_improvement,1
APP104444,57,28081.52,19.0,7533.27,561.0,1819.63,9,16,1,OWN,car,1
APP104445,41,107480.22,,8531.61,588.0,17605.78,9,26,0,OWN,car,1
APP104446,36,84011.56,6.0,14050.74,556.0,1897.58,13,5,1,RENT,credit_card,1
APP104447,30,51701.59,25.0,5294.71,710.0,2835.7,14,19,1,MORTGAGE,debt_consolidation,0
APP104448,48,43402.45,24.0,23743.49,569.0,8492.44,9,2,0,MORTGAGE,credit_card,1
APP104449,65,14312.11,24.0,14056.82,639.0,11306.89,9,7,1,OWN,business,1
APP104450,63,39276.4,30.0,1914.56,567.0,5318.48,4,25,1,OWN,car,1
APP104451,33,27594.98,18.0,10417.16,556.0,2969.37,3,18,1,RENT,credit_card,1
APP104452,44,24140.96,27.0,18479.96,738.0,3991.45,8,6,1,OWN,credit_card,1
APP104453,55,39238.02,26.0,12496.75,778.0,3630.82,10,19,1,RENT,debt_consolidation,0
APP104454,51,28694.05,31.0,7727.92,751.0,9633.26,5,28,1,MORTGAGE,credit_card,0
APP104455,24,56086.46,29.0,9540.92,532.0,3552.11,7,10,2,OWN,home_improvement,0
APP104456,49,13794.46,1.0,11014.77,543.0,2917.62,8,22,1,MORTGAGE,business,1
APP104457,22,37703.41,24.0,15705.29,808.0,1507.49,7,7,0,RENT,home_improvement,0
APP104458,26,23399.07,39.0,4234.17,629.0,3055.25,0,11,3,MORTGAGE,debt_consolidation,1
APP104459,53,29589.71,22.0,6884.23,540.0,4470.72,7,27,0,RENT,credit_card,1
APP104460,26,42290.31,21.0,26453.58,736.0,1989.58,3,3,0,RENT,car,0
APP104461,37,20771.69,24.0,10094.73,655.0,1217.09,1,4,0,RENT,car,1
APP104462,49,39423.45,22.0,24753.97,,10764.05,7,1,1,RENT,debt_consolidation,1
APP104463,53,32657.54,16.0,59358.81,470.0,2207.61,11,4,2,OWN,debt_consolidation,1
APP104464,42,26100.42,39.0,7367.1,,1724.23,11,23,1,RENT,credit_card,0
APP104465,25,28701.76,2.0,4825.32,725.0,17250.9,5,17,2,MORTGAGE,business,1
APP104466,60,33614.88,32.0,8439.53,598.0,9691.63,8,3,1,MORTGAGE,home_improvement,0
APP104467,67,24737.65,6.0,19137.32,748.0,11163.32,2,9,1,RENT,debt_consolidation,0
APP104468,64,36444.55,8.0,20813.09,544.0,7362.54,4,24,2,MORTGAGE,home_improvement,1
APP104469,57,31599.98,24.0,38684.2,640.0,14032.04,6,15,3,RENT,car,1
APP104470,40,26751.85,25.0,9680.96,781.0,9963.89,5,21,0,RENT,credit_card,0
APP104471,63,80412.19,37.0,13264.33,557.0,3731.06,9,8,4,RENT,business,1
APP104472,44,44695.14,11.0,6457.12,671.0,2096.37,11,27,3,MORTGAGE,car,1
APP104473,27,29990.74,1.0,2199.11,696.0,1760.73,8,11,0,OWN,home_improvement,0
APP104474,62,39062.97,10.0,9664.44,657.0,4395.08,0,28,1,RENT,credit_card,0
APP104475,36,21733.06,21.0,4952.99,629.0,2038.57,12,12,0,MORTGAGE,debt_consolidation,1
APP104476,66,29190.96,14.0,14559.72,579.0,2596.33,6,22,0,RENT,debt_consolidation,0
APP104477,39,30944.83,10.0,3200.83,665.0,4351.02,12,16,0,RENT,car,0
APP104478,63,19469.47,36.0,6351.21,641.0,15037.53,4,18,1,RENT,business,1
APP104479,47,44076.28,22.0,11621.45,535.0,1467.83,9,2,0,MORTGAGE,debt_consolidation,1
APP104480,43,28203.28,26.0,12374.8,737.0,5033.04,3,23,2,RENT,debt_consolidation,0
APP104481,35,30402.09,29.0,9619.39,577.0,1805.97,8,12,0,OWN,home_improvement,1
APP104482,61,27327.26,16.0,30345.61,537.0,3149.27,12,7,2,MORTGAGE,home_improvement,1
APP104483,23,159459.51,29.0,25379.02,602.0,10341.1,8,20,2,RENT,credit_card,0
APP104484,43,26073.96,38.0,6564.32,578.0,2493.22,14,22,2,OWN,credit_card,0
APP104485,39,12908.76,28.0,25994.64,629.0,3981.06,5,21,2,RENT,debt_consolidation,1
APP104486,47,16318.16,11.0,28490.35,550.0,5501.73,1,27,0,MORTGAGE,debt_consolidation,1
APP104487,33,53085.09,31.0,9188.05,685.0,8612.26,7,8,3,OWN,debt_consolidation,1
APP104488,53,70843.35,9.0,10170.45,760.0,3170.63,12,5,1,OWN,credit_card,0
APP104489,39,25825.08,2.0,9600.47,658.0,13475.44,7,16,2,OWN,credit_card,1
APP104490,30,68835.5,17.0,6721.05,534.0,3442.3,9,10,0,RENT,other,1
APP104491,30,52617.02,20.0,7133.8,576.0,7240.77,12,11,3,RENT,debt_consolidation,1
APP104492,55,33032.92,18.0,21842.08,667.0,4222.02,3,19,1,RENT,car,1
APP104493,33,31881.36,10.0,12867.06,492.0,8890.37,11,1,0,RENT,debt_consolidation,1
APP104494,36,39752.78,10.0,7097.42,551.0,24884.64,14,12,2,RENT,home_improvement,1
APP104495,51,56315.66,36.0,5678.27,518.0,3936.0,2,12,3,MORTGAGE,debt_consolidation,1
APP104496,37,44295.89,11.0,6280.05,659.0,4852.2,2,0,1,OWN,debt_consolidation,1
APP104497,40,25889.58,31.0,8970.41,822.0,3478.57,14,20,2,MORTGAGE,debt_consolidation,0
APP104498,32,33286.14,10.0,17118.28,549.0,3075.56,14,24,4,OWN,debt_consolidation,1
APP104499,37,97795.29,4.0,5907.34,715.0,2808.94,14,28,0,RENT,debt_consolidation,0
APP104500,54,41175.84,2.0,17000.9,604.0,4842.0,12,28,1,MORTGAGE,debt_consolidation,1
APP104501,47,56087.19,9.0,11138.62,544.0,2639.69,4,3,3,RENT,credit_card,1
APP104502,69,47569.28,33.0,10782.77,775.0,2704.55,8,7,0,RENT,debt_consolidation,0
APP104503,58,41634.27,18.0,18315.04,822.0,390.57,14,12,1,MORTGAGE,business,0
APP104504,21,38343.85,27.0,16416.06,682.0,14882.79,10,17,2,OWN,car,1
APP104505,39,56879.79,38.0,4261.13,679.0,18307.05,7,28,4,OWN,debt_consolidation,1
APP104506,35,52016.75,1.0,5164.65,654.0,8258.57,9,8,2,RENT,home_improvement,0
APP104507,49,41437.72,4.0,8623.88,638.0,2442.79,3,14,2,OWN,credit_card,1
APP104508,34,25671.04,36.0,12253.71,677.0,1788.64,5,20,0,MORTGAGE,credit_card,0
APP104509,68,44036.73,22.0,22443.25,704.0,1405.85,10,26,0,MORTGAGE,credit_card,0
APP104510,35,35118.95,24.0,10291.16,783.0,8195.4,14,20,2,MORTGAGE,home_improvement,0
APP104511,46,31128.28,13.0,27507.6,608.0,13524.23,0,20,1,OWN,debt_consolidation,1
APP104512,27,138605.63,33.0,6476.88,660.0,5613.16,6,29,2,MORTGAGE,credit_card,0
APP104513,65,16822.53,25.0,7168.51,642.0,9762.1,10,25,2,MORTGAGE,car,1
APP104514,65,58644.93,10.0,8238.64,731.0,7015.5,6,25,2,RENT,other,0
APP104515,59,23592.04,25.0,6061.2,842.0,2652.6,12,22,1,MORTGAGE,debt_consolidation,0
APP104516,38,38777.59,0.0,19843.72,734.0,11021.18,9,9,2,RENT,credit_card,1
APP104517,23,131175.81,9.0,1878.26,713.0,10471.96,5,2,1,OWN,credit_card,0
APP104518,55,22444.83,8.0,7316.29,722.0,2225.22,11,23,2,MORTGAGE,credit_card,0
APP104519,42,25287.45,31.0,19710.85,751.0,9373.9,5,22,1,RENT,credit_card,0
APP104520,69,35998.88,29.0,8205.9,843.0,4367.36,6,18,0,MORTGAGE,car,0
APP104521,55,23775.04,3.0,18839.89,515.0,3988.97,4,3,1,OWN,home_improvement,1
APP104522,47,56501.82,36.0,36997.68,697.0,6717.6,14,29,3,MORTGAGE,car,0
APP104523,69,27798.44,32.0,10386.17,443.0,6553.6,6,22,2,MORTGAGE,car,1
APP104524,60,50362.64,17.0,19957.51,726.0,10006.08,14,19,3,RENT,business,1
APP104525,43,18683.68,8.0,42255.19,694.0,2491.29,8,12,1,RENT,car,0
APP104526,21,14714.43,16.0,12597.51,606.0,7727.03,1,1,0,MORTGAGE,debt_consolidation,1
APP104527,25,32386.84,23.0,9615.79,436.0,1943.07,11,20,0,OWN,home_improvement,1
APP104528,42,16576.58,25.0,17008.68,648.0,4259.88,2,11,1,MORTGAGE,debt_consolidation,0
APP104529,48,77585.39,13.0,20141.35,667.0,4493.28,13,1,0,MORTGAGE,debt_consolidation,1
APP104530,22,16900.5,4.0,9669.3,644.0,10679.03,14,1,0,OWN,business,1
APP104531,27,21615.3,24.0,7403.39,600.0,4951.33,8,3,2,MORTGAGE,other,1
APP104532,55,44658.95,28.0,27734.63,578.0,3985.94,5,8,0,RENT,debt_consolidation,1
APP104533,57,27087.24,10.0,8413.82,645.0,15378.77,7,3,2,MORTGAGE,credit_card,1
APP104534,22,16997.24,25.0,20256.63,585.0,3487.02,11,3,1,OWN,other,1
APP104535,45,100708.16,22.0,11587.94,714.0,3371.38,5,11,1,OWN,debt_consolidation,0
APP104536,24,22008.48,20.0,29619.23,643.0,1095.32,0,0,2,MORTGAGE,business,1
APP104537,56,32921.17,0.0,5946.59,512.0,4131.96,8,5,2,OWN,other,1
APP104538,61,,12.0,5939.69,664.0,2317.52,11,11,2,MORTGAGE,business,1
APP104539,63,51800.47,14.0,16526.03,683.0,4021.53,2,0,1,OWN,car,0
APP104540,50,45760.49,33.0,5023.07,779.0,5954.88,5,6,0,MORTGAGE,home_improvement,0
APP104541,51,24018.98,33.0,10614.51,724.0,2063.0,7,26,0,MORTGAGE,business,0
APP104542,66,30856.0,34.0,25060.43,578.0,2544.31,9,12,2,RENT,debt_consolidation,1
APP104543,51,32420.26,18.0,3391.75,764.0,1367.08,7,22,2,MORTGAGE,debt_consolidation,0
APP104544,42,52811.26,13.0,12597.88,539.0,3268.71,11,13,0,MORTGAGE,home_improvement,1
APP104545,57,20248.56,19.0,20476.79,652.0,2308.64,9,17,4,MORTGAGE,debt_consolidation,1
APP104546,49,99613.73,31.0,9744.47,710.0,27319.43,10,3,0,MORTGAGE,home_improvement,0
APP104547,62,24844.91,24.0,5674.54,766.0,16370.41,1,21,1,MORTGAGE,home_improvement,0
APP104548,46,36156.98,24.0,8454.34,801.0,14378.27,13,8,2,RENT,home_improvement,0
APP104549,63,20333.1,17.0,5984.26,751.0,1744.41,6,9,2,OWN,debt_consolidation,1
APP104550,23,18975.81,27.0,10316.45,639.0,4264.62,6,7,0,OWN,business,0
APP104551,22,23453.75,34.0,8383.13,696.0,1877.03,11,21,1,OWN,car,0
APP104552,25,22353.5,26.0,7273.87,667.0,21466.69,6,19,0,MORTGAGE,debt_consolidation,1
APP104553,48,29521.42,16.0,13091.11,593.0,9555.45,11,15,1,RENT,home_improvement,1
APP104554,55,22259.35,33.0,25526.42,640.0,2117.37,12,10,0,MORTGAGE,credit_card,1
APP104555,31,51419.68,37.0,12048.46,793.0,6604.98,8,2,1,MORTGAGE,car,1
APP104556,28,24551.0,31.0,22163.44,701.0,1501.09,8,24,0,RENT,credit_card,0
APP104557,63,23227.5,35.0,25521.97,814.0,4406.4,13,19,0,OWN,debt_consolidation,0
APP104558,57,29837.33,10.0,6960.56,563.0,4270.77,11,17,2,RENT,car,1
APP104559,52,59660.14,16.0,11671.61,619.0,8881.43,11,29,2,RENT,credit_card,1
APP104560,44,40434.48,9.0,7669.69,683.0,10832.13,10,2,1,MORTGAGE,other,1
APP104561,41,34549.74,14.0,4067.17,709.0,4995.33,11,7,0,OWN,credit_card,1
APP104562,22,17738.23,29.0,12252.15,640.0,4108.44,11,27,2,RENT,home_improvement,1
APP104563,30,20509.55,27.0,5264.34,714.0,369.37,11,0,2,OWN,credit_card,0
APP104564,64,19164.12,0.0,13234.5,713.0,17149.07,6,9,3,OWN,credit_card,1
APP104565,37,69802.54,30.0,3891.2,538.0,2904.24,10,22,2,RENT,other,1
APP104566,55,47348.08,7.0,10966.45,710.0,5333.26,7,17,2,RENT,debt_consolidation,0
APP104567,55,23604.43,7.0,3856.67,735.0,29949.68,12,8,3,OWN,car,1
APP104568,36,27386.74,21.0,14828.69,673.0,1890.8,7,10,3,RENT,business,1
APP104569,31,24037.13,9.0,7816.34,502.0,4999.12,1,12,3,RENT,home_improvement,1
APP104570,54,23320.06,38.0,7377.01,627.0,7313.57,12,7,1,RENT,credit_card,0
APP104571,25,45713.57,5.0,19455.85,685.0,11777.77,7,0,2,MORTGAGE,credit_card,1
APP104572,45,31452.44,6.0,8160.48,580.0,4919.57,0,18,0,MORTGAGE,home_improvement,1
APP104573,64,102804.45,30.0,10577.79,723.0,12587.58,12,1,3,RENT,other,0
APP104574,55,67858.5,11.0,8785.26,708.0,3524.48,0,21,2,MORTGAGE,credit_card,0
APP104575,58,69894.36,28.0,13419.11,660.0,7591.72,1,21,1,RENT,business,0
APP104576,25,50801.36,27.0,18504.46,651.0,6844.26,10,28,2,OWN,debt_consolidation,1
APP104577,30,29397.66,7.0,16340.16,665.0,4569.29,2,28,4,OWN,credit_card,1
APP104578,34,48966.68,23.0,7480.08,649.0,6366.47,4,28,0,OWN,credit_card,0
APP104579,35,30503.1,21.0,20443.66,547.0,2441.45,6,17,2,MORTGAGE,debt_consolidation,1
APP104580,30,82054.42,3.0,5711.23,615.0,3870.27,14,2,1,RENT,debt_consolidation,1
APP104581,68,44450.86,30.0,6339.22,655.0,1755.48,8,25,4,OWN,business,0
APP104582,29,41405.96,34.0,9166.58,763.0,3452.15,14,27,1,RENT,other,0
APP104583,55,38697.73,37.0,18547.31,705.0,12216.54,10,6,1,RENT,business,0
APP104584,49,86693.42,3.0,4904.5,767.0,6879.71,4,10,0,MORTGAGE,debt_consolidation,0
APP104585,50,17731.98,7.0,16896.99,537.0,6287.66,8,2,0,MORTGAGE,debt_consolidation,1
APP104586,31,91048.16,33.0,9577.31,621.0,1367.71,5,9,1,MORTGAGE,debt_consolidation,0
APP104587,36,33087.91,12.0,7629.36,815.0,6348.93,3,10,2,MORTGAGE,home_improvement,0
APP104588,50,17978.39,25.0,19123.7,590.0,4674.04,8,26,3,RENT,debt_consolidation,1
APP104589,35,24931.69,13.0,6114.37,588.0,7554.76,12,6,0,OWN,home_improvement,1
APP104590,55,15908.3,8.0,39003.46,628.0,14862.15,11,4,6,OWN,debt_consolidation,1
APP104591,22,50353.75,24.0,8901.85,811.0,3543.48,3,18,2,MORTGAGE,car,0
APP104592,24,21608.75,8.0,10828.16,596.0,3818.13,3,21,0,MORTGAGE,debt_consolidation,0
APP104593,56,39510.98,5.0,24977.81,694.0,10244.59,12,28,2,OWN,business,1
APP104594,51,64030.1,21.0,10998.98,681.0,3032.87,9,23,1,MORTGAGE,debt_consolidation,0
APP104595,23,25951.68,7.0,20197.65,495.0,5270.67,7,6,3,RENT,debt_consolidation,1
APP104596,65,31759.53,7.0,3065.93,648.0,994.99,12,20,0,RENT,debt_consolidation,1
APP104597,21,18926.47,31.0,7588.9,605.0,3841.26,0,27,1,MORTGAGE,debt_consolidation,1
APP104598,67,29906.21,21.0,12557.08,704.0,13960.91,11,24,0,RENT,home_improvement,0
APP104599,56,131532.84,21.0,18936.6,789.0,6427.55,7,16,1,MORTGAGE,credit_card,0
APP104600,69,53581.9,5.0,15706.31,622.0,10092.36,7,8,2,MORTGAGE,credit_card,1
APP104601,67,31813.14,6.0,14847.98,622.0,10562.36,9,3,1,MORTGAGE,home_improvement,1
APP104602,36,26746.42,15.0,18706.66,850.0,14463.84,3,10,1,RENT,home_improvement,0
APP104603,58,35549.57,15.0,13160.98,593.0,3722.93,13,16,1,RENT,car,1
APP104604,31,38755.4,18.0,2735.55,542.0,10444.43,1,29,2,RENT,credit_card,1
APP104605,44,29450.47,5.0,23513.31,760.0,29676.03,8,14,1,MORTGAGE,debt_consolidation,1
APP104606,32,47336.15,35.0,5987.33,645.0,4812.39,7,21,0,OWN,debt_consolidation,0
APP104607,44,22545.17,14.0,11946.28,672.0,1710.04,14,22,1,OWN,debt_consolidation,1
APP104608,63,22489.55,32.0,11032.52,828.0,3053.48,9,13,2,OWN,debt_consolidation,0
APP104609,42,43699.75,16.0,10182.2,537.0,7148.58,5,22,0,MORTGAGE,credit_card,1
APP104610,25,20245.32,18.0,5096.84,634.0,1300.67,6,25,2,MORTGAGE,other,1
APP104611,36,52287.29,4.0,3092.65,551.0,2671.33,3,19,0,OWN,credit_card,1
APP104612,59,36057.12,27.0,5423.91,676.0,3775.07,0,21,2,MORTGAGE,business,0
APP104613,46,14560.18,2.0,16248.29,605.0,5366.26,6,20,1,RENT,home_improvement,1
APP104614,48,38359.2,29.0,4154.83,556.0,20685.91,0,29,2,OWN,debt_consolidation,1
APP104615,42,15637.49,35.0,5836.18,708.0,8520.68,9,18,1,MORTGAGE,car,0
APP104616,35,51363.39,14.0,12718.69,650.0,2016.08,13,3,0,RENT,car,1
APP104617,50,32068.93,35.0,5343.01,549.0,108454.48,1,7,0,OWN,car,1
APP104618,52,91632.57,27.0,7145.02,554.0,4850.24,14,8,3,OWN,debt_consolidation,1
APP104619,65,62047.56,0.0,10395.13,666.0,1281.34,1,27,1,MORTGAGE,debt_consolidation,1
APP104620,51,21368.09,8.0,11726.26,516.0,2141.57,7,0,0,RENT,car,1
APP104621,69,13221.9,25.0,5279.91,668.0,2151.74,9,6,0,RENT,car,1
APP104622,61,24895.67,28.0,10770.5,757.0,1671.73,9,20,1,RENT,home_improvement,0
APP104623,24,19719.65,3.0,12573.07,703.0,7408.4,5,17,0,OWN,car,0
APP104624,40,90478.64,27.0,4610.45,600.0,582.0,0,0,2,OWN,home_improvement,0
APP104625,39,36128.69,32.0,11258.81,671.0,10783.81,11,23,1,MORTGAGE,home_improvement,1
APP104626,21,57913.71,3.0,6438.49,549.0,9428.82,6,0,0,OWN,other,1
APP104627,29,31491.87,35.0,10661.02,660.0,3411.19,3,2,0,OWN,debt_consolidation,0
APP104628,58,33195.39,21.0,15273.08,623.0,10224.79,6,24,1,RENT,debt_consolidation,0
APP104629,38,35727.88,24.0,8903.9,566.0,2050.43,6,13,1,RENT,debt_consolidation,0
APP104630,28,63150.1,2.0,17120.8,699.0,2505.24,8,16,1,OWN,debt_consolidation,0
APP104631,35,42438.55,24.0,15906.58,491.0,7628.45,7,0,0,MORTGAGE,car,1
APP104632,34,21404.0,18.0,17063.52,555.0,4156.24,8,4,2,RENT,car,1
APP104633,29,81736.59,14.0,12605.22,564.0,2980.7,14,6,0,MORTGAGE,home_improvement,0
APP104634,25,31369.53,31.0,19157.7,609.0,4488.05,13,10,2,RENT,debt_consolidation,1
APP104635,58,28918.59,9.0,12469.7,753.0,14115.26,0,19,3,RENT,credit_card,0
APP104636,61,8824.15,2.0,3639.65,710.0,13684.19,9,11,2,MORTGAGE,home_improvement,1
APP104637,45,49871.24,19.0,6153.38,658.0,6911.22,3,27,0,RENT,debt_consolidation,0
APP104638,51,38196.77,,8718.88,654.0,3698.4,1,6,1,OWN,debt_consolidation,0
APP104639,66,38176.02,5.0,9392.49,649.0,7458.65,1,9,1,MORTGAGE,debt_consolidation,0
APP104640,62,29690.66,39.0,12266.7,759.0,2465.23,9,2,1,MORTGAGE,car,0
APP104641,22,27238.62,26.0,6098.69,504.0,12520.95,14,25,1,RENT,home_improvement,1
APP104642,67,30188.3,37.0,33031.77,711.0,10512.71,11,18,0,MORTGAGE,home_improvement,0
APP104643,24,45778.99,18.0,9307.03,609.0,23046.56,1,15,0,MORTGAGE,debt_consolidation,1
APP104644,22,49989.03,4.0,9851.58,690.0,2587.01,3,24,1,RENT,credit_card,0
APP104645,40,32353.72,,6618.01,690.0,2342.47,12,22,2,MORTGAGE,debt_consolidation,0
APP104646,57,58364.83,20.0,5420.67,708.0,7639.29,9,12,0,RENT,car,0
APP104647,24,34909.45,23.0,9174.82,776.0,3948.1,7,24,1,OWN,debt_consolidation,0
APP104648,35,28222.84,29.0,10062.09,540.0,10932.06,2,7,3,MORTGAGE,debt_consolidation,1
APP104649,33,40103.05,31.0,9394.29,730.0,14103.36,11,19,2,MORTGAGE,home_improvement,1
APP104650,40,18403.7,30.0,26718.02,644.0,19191.9,12,13,0,OWN,home_improvement,1
APP104651,69,40796.81,23.0,9174.79,613.0,5149.83,4,12,0,MORTGAGE,business,1
APP104652,37,16796.22,0.0,9399.79,812.0,9939.85,14,19,2,RENT,car,0
APP104653,31,21723.21,21.0,16141.96,706.0,3250.07,7,17,1,OWN,car,0
APP104654,26,13235.45,32.0,8931.69,,5847.51,0,28,3,MORTGAGE,car,1
APP104655,30,33271.0,33.0,13678.81,726.0,4709.09,14,20,0,RENT,debt_consolidation,0
APP104656,27,81211.88,33.0,4594.31,646.0,4512.39,2,12,2,OWN,credit_card,0
APP104657,49,34250.68,0.0,4616.14,615.0,21144.46,1,25,0,OWN,debt_consolidation,1
APP104658,41,50100.82,17.0,10649.15,601.0,1679.64,6,29,2,MORTGAGE,credit_card,0
APP104659,45,117730.92,24.0,8613.01,674.0,4895.23,9,16,1,RENT,car,0
APP104660,61,44445.9,9.0,6091.11,600.0,5130.8,9,7,0,RENT,credit_card,1
APP104661,49,24770.14,16.0,10647.83,662.0,8222.59,14,26,1,RENT,credit_card,0
APP104662,28,26534.89,3.0,11220.08,720.0,2043.18,6,19,3,RENT,other,1
APP104663,39,36327.46,7.0,6464.38,658.0,3869.23,1,11,1,MORTGAGE,credit_card,1
APP104664,36,26464.32,0.0,7249.75,808.0,3051.49,6,12,4,OWN,debt_consolidation,0
APP104665,61,27472.93,39.0,11270.79,651.0,811.16,12,22,1,OWN,credit_card,0
APP104666,36,59434.31,34.0,5363.4,757.0,12456.31,0,19,1,RENT,credit_card,0
APP104667,27,60662.33,16.0,6888.3,728.0,1516.34,4,18,2,RENT,credit_card,0
APP104668,57,15939.47,0.0,13634.53,772.0,1362.97,10,23,0,OWN,debt_consolidation,0
APP104669,41,24122.86,13.0,9756.59,807.0,10489.21,3,2,2,RENT,other,1
APP104670,25,28796.17,17.0,7432.95,509.0,3759.78,7,10,1,OWN,credit_card,1
APP104671,54,48998.48,6.0,5756.92,671.0,3865.22,2,15,1,MORTGAGE,home_improvement,0
APP104672,31,64314.33,,5388.77,641.0,3924.62,1,7,2,MORTGAGE,debt_consolidation,1
APP104673,63,140222.25,39.0,9144.86,658.0,11608.54,11,22,0,RENT,credit_card,0
APP104674,61,28772.15,33.0,33372.5,618.0,3160.68,11,7,0,RENT,credit_card,1
APP104675,39,29499.71,34.0,13897.61,606.0,7911.34,0,20,0,RENT,credit_card,1
APP104676,48,48741.45,33.0,4448.32,562.0,1972.5,8,13,2,MORTGAGE,debt_consolidation,1
APP104677,48,25819.66,2.0,15128.41,657.0,6399.89,6,16,1,MORTGAGE,credit_card,1
APP104678,53,33844.07,22.0,6277.13,724.0,10118.83,5,0,2,OWN,debt_consolidation,1
APP104679,24,29509.9,22.0,9868.33,610.0,15124.59,10,23,1,MORTGAGE,debt_consolidation,1
APP104680,36,9790.55,4.0,6951.3,623.0,1423.25,9,7,1,OWN,business,1
APP104681,29,38623.52,5.0,33311.33,594.0,3876.32,2,27,3,RENT,credit_card,1
APP104682,55,33150.71,22.0,5011.72,570.0,17653.53,14,28,1,MORTGAGE,credit_card,0
APP104683,24,68570.35,28.0,11946.19,631.0,10275.27,3,4,1,MORTGAGE,credit_card,1
APP104684,46,36415.33,8.0,6560.39,677.0,4191.4,8,1,1,MORTGAGE,business,0
APP104685,56,19392.2,19.0,15418.09,750.0,4929.77,2,7,0,MORTGAGE,debt_consolidation,0
APP104686,67,31918.8,3.0,11802.57,554.0,6233.01,9,9,2,RENT,other,1
APP104687,35,12764.95,4.0,21009.53,647.0,3646.83,0,29,0,RENT,car,0
APP104688,21,19821.87,23.0,15227.69,744.0,7613.82,4,2,1,MORTGAGE,debt_consolidation,1
APP104689,56,,22.0,6528.16,555.0,7276.51,6,7,1,RENT,car,1
APP104690,21,32090.96,30.0,56938.19,751.0,2014.6,1,5,1,MORTGAGE,car,0
APP104691,24,57598.63,36.0,13811.48,614.0,3321.54,7,24,0,MORTGAGE,home_improvement,0
APP104692,69,13582.72,7.0,7112.46,706.0,3417.73,8,20,0,RENT,credit_card,0
APP104693,63,32169.35,13.0,11196.14,632.0,4006.13,14,15,2,OWN,car,1
APP104694,55,28630.95,34.0,14450.73,686.0,6099.13,5,25,0,MORTGAGE,business,0
APP104695,61,58566.86,2.0,14124.65,778.0,5678.14,10,11,0,RENT,debt_consolidation,0
APP104696,24,50837.08,33.0,13327.93,640.0,2763.34,3,7,1,MORTGAGE,credit_card,1
APP104697,25,50067.43,37.0,17674.7,729.0,14360.26,14,21,3,OWN,credit_card,0
APP104698,35,78488.31,3.0,16662.28,671.0,4934.69,14,26,1,OWN,other,0
APP104699,22,30210.85,5.0,5951.87,587.0,15849.53,11,22,1,RENT,credit_card,1
APP104700,64,70794.77,27.0,35060.57,638.0,15555.19,3,0,0,MORTGAGE,credit_card,1
APP104701,23,21544.95,19.0,32251.91,633.0,2106.19,14,8,0,MORTGAGE,debt_consolidation,1
APP104702,47,21153.51,39.0,16003.76,537.0,3320.03,5,29,4,OWN,home_improvement,1
APP104703,62,52911.36,21.0,10129.61,686.0,3519.9,3,0,1,MORTGAGE,car,1
APP104704,57,17113.62,26.0,10234.62,702.0,6314.78,6,14,0,MORTGAGE,other,0
APP104705,32,48357.8,9.0,8149.74,714.0,8787.87,2,23,1,RENT,home_improvement,0
APP104706,44,38202.51,12.0,8807.59,764.0,5527.78,5,26,3,OWN,home_improvement,0
APP104707,47,62064.31,7.0,2664.92,726.0,3163.0,5,20,1,MORTGAGE,home_improvement,0
APP104708,58,35252.02,,24789.07,601.0,18421.67,14,26,0,RENT,car,1
APP104709,41,37347.62,4.0,20059.78,618.0,3460.81,7,3,1,MORTGAGE,credit_card,1
APP104710,34,46846.54,35.0,3619.13,717.0,8896.94,11,8,1,RENT,debt_consolidation,0
APP104711,59,26073.51,2.0,16881.82,681.0,4770.8,12,1,3,OWN,credit_card,1
APP104712,64,25511.81,,9851.42,648.0,4665.11,14,24,1,MORTGAGE,car,0
APP104713,44,46037.65,20.0,8782.99,580.0,8425.36,8,19,1,MORTGAGE,car,1
APP104714,22,35787.58,2.0,13302.47,607.0,16888.74,8,27,1,RENT,home_improvement,1
APP104715,45,29624.09,33.0,3478.4,696.0,6272.89,14,18,3,RENT,car,1
APP104716,64,34843.01,20.0,9830.55,493.0,3324.03,10,18,3,RENT,debt_consolidation,1
APP104717,69,80602.08,5.0,10380.55,462.0,16059.53,4,22,0,OWN,other,1
APP104718,40,29099.92,5.0,10386.57,705.0,7295.96,8,12,2,RENT,debt_consolidation,1
APP104719,28,28681.0,28.0,4356.86,607.0,5632.4,8,26,2,OWN,debt_consolidation,0
APP104720,49,15464.12,24.0,12940.92,687.0,11182.88,8,29,1,RENT,debt_consolidation,0
APP104721,61,35554.55,16.0,18692.71,776.0,6359.94,9,19,1,OWN,debt_consolidation,0
APP104722,67,50435.06,16.0,12637.18,568.0,35086.16,6,10,2,RENT,debt_consolidation,1
APP104723,23,55165.83,1.0,8625.58,516.0,4922.08,2,19,2,RENT,debt_consolidation,1
APP104724,35,38334.62,1.0,49683.31,627.0,12329.16,5,28,1,RENT,business,1
APP104725,44,58566.42,21.0,5683.12,595.0,6999.48,11,15,3,OWN,credit_card,1
APP104726,25,52345.18,14.0,15741.74,647.0,6981.0,14,22,2,OWN,debt_consolidation,1
APP104727,64,63352.85,10.0,11452.51,693.0,3678.79,9,16,0,OWN,credit_card,0
APP104728,26,59406.05,15.0,33103.28,676.0,3693.42,11,13,0,MORTGAGE,home_improvement,0
APP104729,53,79617.49,24.0,12482.09,653.0,7312.24,2,29,2,MORTGAGE,car,1
APP104730,66,33361.35,11.0,14195.68,734.0,2453.79,11,10,0,OWN,credit_card,0
APP104731,54,18703.59,13.0,13405.63,703.0,3101.25,6,1,0,RENT,home_improvement,1
APP104732,58,50607.72,11.0,5244.87,635.0,4975.29,10,23,1,MORTGAGE,debt_consolidation,1
APP104733,33,53652.14,26.0,5876.24,700.0,13257.23,9,16,2,MORTGAGE,business,0
APP104734,61,79618.18,2.0,8388.35,526.0,5241.83,11,0,1,MORTGAGE,business,1
APP104735,41,68916.11,36.0,17578.46,735.0,5175.82,11,7,4,OWN,debt_consolidation,1
APP104736,24,96060.76,22.0,11382.79,651.0,2107.18,9,22,4,MORTGAGE,credit_card,1
APP104737,38,49509.85,9.0,8742.57,553.0,19082.94,6,21,2,MORTGAGE,car,1
APP104738,38,40717.18,30.0,22546.16,616.0,11916.66,12,15,3,MORTGAGE,debt_consolidation,0
APP104739,46,18169.66,37.0,3012.55,733.0,13039.83,10,22,1,MORTGAGE,debt_consolidation,0
APP104740,33,42363.75,2.0,4548.3,588.0,1537.44,2,29,3,OWN,debt_consolidation,1
APP104741,43,27549.74,8.0,2212.86,682.0,6510.96,3,7,0,OWN,debt_consolidation,0
APP104742,41,40366.48,5.0,20434.63,720.0,2320.17,4,6,0,MORTGAGE,debt_consolidation,0
APP104743,37,37318.95,2.0,9339.09,651.0,9111.6,4,22,2,OWN,car,1
APP104744,55,45975.63,29.0,17672.68,580.0,6357.27,10,11,2,OWN,debt_consolidation,1
APP104745,35,34590.51,7.0,9269.13,644.0,7443.26,0,19,2,RENT,home_improvement,1
APP104746,58,57960.1,15.0,18286.35,537.0,2770.3,3,15,2,MORTGAGE,business,0
APP104747,33,9306.08,,9172.35,,2139.07,7,28,3,OWN,business,1
APP104748,63,39934.54,24.0,12656.76,561.0,2943.69,2,2,0,MORTGAGE,home_improvement,1
APP104749,38,66253.59,27.0,11592.44,646.0,6287.01,2,24,2,RENT,credit_card,0
APP104750,22,92505.58,3.0,12120.15,548.0,4048.96,6,28,2,RENT,credit_card,0
APP104751,28,52364.32,38.0,27196.47,656.0,6018.11,9,23,2,MORTGAGE,credit_card,1
APP104752,60,84325.66,3.0,3734.41,740.0,2166.4,5,29,0,RENT,car,0
APP104753,63,39516.28,28.0,9499.27,745.0,4889.14,14,4,0,RENT,debt_consolidation,0
APP104754,31,36367.52,25.0,11145.51,550.0,15004.16,6,28,1,OWN,debt_consolidation,1
APP104755,50,,16.0,10188.06,596.0,6411.63,14,29,1,MORTGAGE,debt_consolidation,1
APP104756,49,36257.55,33.0,7795.24,718.0,6740.75,8,27,1,MORTGAGE,credit_card,0
APP104757,27,24558.7,35.0,7180.83,706.0,6784.04,5,23,0,OWN,credit_card,0
APP104758,43,28067.84,2.0,24785.37,600.0,3263.18,1,10,2,MORTGAGE,business,0
APP104759,54,20825.29,38.0,9485.95,611.0,18131.25,11,25,3,MORTGAGE,credit_card,1
APP104760,68,47296.36,9.0,42734.76,656.0,6539.52,8,0,0,OWN,home_improvement,1
APP104761,62,36522.94,31.0,13588.31,503.0,5663.29,14,22,1,MORTGAGE,car,1
APP104762,25,30328.92,32.0,8318.25,692.0,8514.95,14,5,1,OWN,car,0
APP104763,32,27355.1,22.0,13788.74,736.0,10431.18,7,25,0,MORTGAGE,debt_consolidation,0
APP104764,42,46748.07,34.0,10565.61,618.0,1814.41,3,6,3,OWN,car,0
APP104765,28,53649.32,33.0,22141.29,536.0,5141.45,5,18,3,OWN,home_improvement,1
APP104766,48,20634.98,20.0,4911.66,763.0,29382.22,1,3,2,RENT,credit_card,1
APP104767,21,19075.45,7.0,3358.63,667.0,18476.42,2,0,3,OWN,car,1
APP104768,26,58527.67,17.0,12290.58,706.0,4513.72,6,1,1,RENT,credit_card,0
APP104769,23,18259.37,36.0,16340.75,544.0,8799.05,2,13,3,RENT,debt_consolidation,1
APP104770,35,47750.43,8.0,11749.23,544.0,3784.67,12,25,1,OWN,debt_consolidation,1
APP104771,58,81507.85,39.0,14816.33,683.0,6521.97,12,7,3,RENT,home_improvement,1
APP104772,29,81602.68,7.0,13565.19,732.0,3406.18,2,6,3,RENT,credit_card,0
APP104773,69,52519.32,26.0,4071.47,559.0,3360.26,3,9,0,MORTGAGE,car,1
APP104774,34,51761.65,25.0,11716.39,641.0,3061.06,12,5,0,OWN,business,0
APP104775,23,111966.36,7.0,21808.79,523.0,18879.97,4,8,3,MORTGAGE,home_improvement,1
APP104776,37,11302.76,18.0,10971.54,593.0,3346.4,3,11,1,RENT,home_improvement,1
APP104777,57,28791.4,5.0,4509.88,629.0,12251.66,11,18,1,OWN,debt_consolidation,1
APP104778,26,55505.97,14.0,8100.54,689.0,3479.59,6,18,1,RENT,home_improvement,0
APP104779,24,30679.7,38.0,13822.51,481.0,3175.08,12,23,2,RENT,credit_card,1
APP104780,62,67500.42,2.0,29067.56,755.0,6711.14,7,11,2,OWN,home_improvement,0
APP104781,50,35607.91,34.0,3060.07,636.0,1738.91,3,26,0,MORTGAGE,credit_card,0
APP104782,37,38788.22,27.0,12292.43,753.0,8364.34,2,22,1,OWN,home_improvement,0
APP104783,58,31655.36,29.0,5657.15,705.0,4407.65,10,26,0,RENT,car,0
APP104784,62,27965.99,11.0,13421.81,718.0,3163.37,6,21,1,OWN,business,0
APP104785,38,27624.13,37.0,14082.65,811.0,2664.08,6,0,1,MORTGAGE,credit_card,0
APP104786,48,41588.67,10.0,8605.11,587.0,23791.15,10,6,1,OWN,business,1
APP104787,21,24654.57,20.0,14457.37,660.0,4781.7,4,22,1,RENT,home_improvement,1
APP104788,36,58489.49,1.0,19612.79,570.0,4623.08,14,4,5,MORTGAGE,credit_card,1
APP104789,50,50342.9,35.0,8966.56,641.0,9880.92,7,27,3,MORTGAGE,credit_card,1
APP104790,30,62925.59,28.0,4436.87,707.0,2506.6,12,8,2,OWN,car,1
APP104791,69,,6.0,23279.86,740.0,12178.63,11,23,1,MORTGAGE,credit_card,0
APP104792,68,15525.85,26.0,16272.26,619.0,4776.23,9,8,0,OWN,car,1
APP104793,33,36239.58,7.0,13880.69,553.0,1624.55,1,3,1,RENT,home_improvement,1
APP104794,40,154724.33,17.0,6538.22,655.0,3215.07,11,7,0,OWN,debt_consolidation,0
APP104795,30,68398.38,20.0,17876.84,581.0,2046.47,1,28,0,RENT,credit_card,0
APP104796,45,27522.99,37.0,33706.82,603.0,5244.44,11,15,2,MORTGAGE,credit_card,1
APP104797,27,44902.83,13.0,9202.35,703.0,2604.84,13,15,0,RENT,car,0
APP104798,40,52249.91,0.0,10474.46,688.0,2385.2,7,17,0,OWN,car,0
APP104799,48,18321.05,17.0,5223.3,716.0,6209.04,14,17,1,MORTGAGE,debt_consolidation,0
APP104800,50,72028.2,37.0,6427.07,623.0,5090.58,9,22,0,MORTGAGE,home_improvement,0
APP104801,50,33399.22,31.0,5193.99,730.0,12930.26,7,8,1,MORTGAGE,home_improvement,1
APP104802,31,34705.71,2.0,10705.29,651.0,12479.97,7,0,3,RENT,car,1
APP104803,59,36749.96,2.0,8066.97,627.0,5162.07,2,25,3,OWN,credit_card,1
APP104804,54,64361.45,30.0,12378.05,562.0,7329.91,0,10,2,RENT,debt_consolidation,1
APP104805,57,24894.67,28.0,5795.63,482.0,1593.96,1,26,0,MORTGAGE,debt_consolidation,1
APP104806,43,15467.79,22.0,8950.51,524.0,8576.94,13,18,2,RENT,credit_card,1
APP104807,64,42679.66,3.0,5585.22,667.0,6826.46,2,24,1,RENT,car,0
APP104808,40,13071.26,11.0,11076.08,577.0,10543.49,9,22,0,MORTGAGE,business,1
APP104809,60,31239.8,33.0,3716.75,518.0,3846.88,4,6,1,OWN,credit_card,1
APP104810,30,65738.31,5.0,10839.44,616.0,3873.79,5,5,1,MORTGAGE,home_improvement,1
APP104811,33,48511.05,8.0,8372.95,672.0,3893.19,10,3,1,MORTGAGE,car,1
APP104812,46,61155.68,18.0,11032.25,683.0,15485.62,13,7,0,RENT,debt_consolidation,0
APP104813,48,49522.17,29.0,3672.54,647.0,6163.12,1,29,0,OWN,credit_card,0
APP104814,57,121196.35,33.0,14659.29,645.0,1485.09,7,0,3,MORTGAGE,debt_consolidation,1
APP104815,35,27061.85,23.0,8273.01,606.0,8229.7,2,26,0,RENT,credit_card,0
APP104816,63,44314.44,19.0,11274.15,700.0,3392.63,3,12,1,OWN,business,0
APP104817,37,29171.27,15.0,3222.64,635.0,11703.75,10,25,1,OWN,car,0
APP104818,47,58594.76,1.0,4695.5,643.0,7562.83,0,25,1,OWN,home_improvement,0
APP104819,66,35214.48,10.0,7831.49,733.0,13257.99,3,23,0,OWN,business,0
APP104820,47,85769.82,8.0,22590.85,713.0,11283.4,8,9,3,OWN,credit_card,0
APP104821,54,,2.0,13580.13,635.0,10403.46,3,3,3,RENT,credit_card,1
APP104822,65,73391.49,29.0,10699.21,623.0,12180.35,5,15,2,MORTGAGE,debt_consolidation,0
APP104823,68,48852.94,14.0,5684.03,623.0,9433.73,8,15,1,OWN,credit_card,0
APP104824,45,,20.0,5096.15,488.0,2821.22,13,7,1,MORTGAGE,home_improvement,1
APP104825,41,47630.15,8.0,11684.2,737.0,1968.71,1,3,1,MORTGAGE,home_improvement,0
APP104826,30,41383.28,23.0,15069.28,595.0,2529.55,7,13,3,MORTGAGE,debt_consolidation,1
APP104827,47,43389.7,5.0,11219.23,718.0,8818.05,9,12,0,MORTGAGE,business,0
APP104828,65,,27.0,27604.51,653.0,829.88,7,5,1,OWN,debt_consolidation,0
APP104829,44,25570.78,29.0,6571.67,761.0,4854.59,0,4,3,OWN,debt_consolidation,0
APP104830,38,30713.71,12.0,11021.71,692.0,3973.13,11,14,2,OWN,credit_card,0
APP104831,26,15653.15,8.0,3583.5,722.0,13083.09,3,14,1,RENT,credit_card,0
APP104832,40,55324.67,31.0,11233.18,602.0,4474.86,1,15,0,OWN,home_improvement,1
APP104833,32,19583.02,8.0,23899.77,547.0,3659.88,6,20,0,MORTGAGE,home_improvement,1
APP104834,68,32570.96,7.0,5298.05,661.0,14084.25,2,18,3,MORTGAGE,home_improvement,0
APP104835,46,50212.66,13.0,16403.97,496.0,4566.37,9,25,2,RENT,credit_card,1
APP104836,27,55254.13,38.0,23496.9,612.0,4012.84,8,27,2,RENT,debt_consolidation,0
APP104837,24,14953.1,18.0,6543.14,554.0,3322.99,3,2,1,RENT,debt_consolidation,1
APP104838,62,34685.46,10.0,13097.33,582.0,6176.53,13,10,3,MORTGAGE,business,1
APP104839,66,45700.86,20.0,25534.33,697.0,3769.94,13,26,3,MORTGAGE,debt_consolidation,0
APP104840,58,37272.39,13.0,11364.9,692.0,3780.85,4,27,0,RENT,credit_card,1
APP104841,27,71113.86,26.0,15867.51,637.0,15680.7,13,5,2,OWN,car,1
APP104842,25,24079.03,17.0,3413.97,675.0,5110.81,4,6,0,MORTGAGE,credit_card,1
APP104843,30,13036.12,23.0,14161.49,606.0,3433.81,7,28,3,RENT,other,0
APP104844,57,54456.8,17.0,13498.62,844.0,2217.01,8,4,3,MORTGAGE,other,0
APP104845,58,27762.93,19.0,4466.11,674.0,5760.68,4,14,0,RENT,car,0
APP104846,62,15074.05,17.0,5549.17,602.0,3140.7,9,25,2,RENT,credit_card,0
APP104847,25,33548.38,15.0,14219.95,720.0,3660.42,1,1,2,MORTGAGE,business,0
APP104848,28,67189.95,38.0,8253.34,749.0,2486.86,9,26,0,MORTGAGE,home_improvement,0
APP104849,65,19309.91,10.0,19286.55,588.0,5753.25,14,23,1,RENT,business,1
APP104850,66,116774.26,32.0,11925.52,536.0,1732.53,4,26,2,MORTGAGE,debt_consolidation,1
APP104851,56,23886.27,28.0,10238.12,552.0,6830.64,2,1,3,RENT,debt_consolidation,1
APP104852,26,37930.3,21.0,8934.99,596.0,3174.24,8,5,2,MORTGAGE,home_improvement,1
APP104853,24,19740.62,12.0,11797.1,645.0,8719.44,4,18,0,MORTGAGE,credit_card,0
APP104854,23,37078.97,19.0,16022.66,519.0,7246.04,11,10,3,MORTGAGE,home_improvement,1
APP104855,54,33966.37,33.0,13633.84,616.0,5341.2,4,23,1,MORTGAGE,business,1
APP104856,62,17244.58,7.0,7678.62,633.0,9671.26,0,0,1,MORTGAGE,car,1
APP104857,51,149180.68,23.0,20819.85,675.0,17078.23,4,13,1,RENT,debt_consolidation,0
APP104858,33,28348.56,30.0,14685.51,698.0,13558.86,12,5,1,MORTGAGE,debt_consolidation,0
APP104859,58,28360.96,25.0,12470.74,682.0,1722.11,0,20,0,MORTGAGE,home_improvement,0
APP104860,23,58954.31,5.0,10456.91,793.0,3028.15,13,18,1,MORTGAGE,credit_card,0
APP104861,61,89960.63,20.0,13360.12,737.0,3339.73,3,17,0,MORTGAGE,debt_consolidation,0
APP104862,64,63781.5,7.0,3297.74,667.0,8191.79,4,17,2,RENT,debt_consolidation,1
APP104863,56,19918.61,37.0,11439.02,572.0,3236.4,11,2,1,MORTGAGE,debt_consolidation,1
APP104864,64,40414.93,14.0,26479.07,595.0,3136.34,13,7,1,MORTGAGE,debt_consolidation,1
APP104865,49,14176.11,16.0,11293.61,535.0,2731.64,3,20,1,OWN,debt_consolidation,1
APP104866,43,57002.62,34.0,10405.46,662.0,6242.35,13,7,5,OWN,other,1
APP104867,36,16033.02,17.0,6922.07,676.0,8166.05,11,28,0,RENT,business,1
APP104868,66,24304.08,7.0,13301.56,721.0,1864.44,0,2,0,RENT,debt_consolidation,0
APP104869,55,36257.42,35.0,8803.95,671.0,3257.15,6,10,2,MORTGAGE,home_improvement,0
APP104870,30,45365.32,25.0,21711.12,734.0,1079.2,3,10,0,OWN,car,0
APP104871,67,31873.58,24.0,5894.81,735.0,725.35,1,3,0,RENT,credit_card,0
APP104872,23,77617.01,3.0,7544.82,567.0,7242.58,13,29,1,RENT,credit_card,1
APP104873,49,52136.46,17.0,6901.36,608.0,6325.48,12,7,4,RENT,debt_consolidation,1
APP104874,30,50129.37,18.0,29754.85,649.0,5641.61,13,27,0,MORTGAGE,car,0
APP104875,53,19639.53,10.0,8832.03,593.0,17493.46,9,19,3,MORTGAGE,debt_consolidation,1
APP104876,41,84938.6,22.0,7123.49,630.0,1286.15,10,16,1,RENT,credit_card,1
APP104877,42,24305.73,9.0,2823.25,674.0,930.68,9,29,1,OWN,credit_card,0
APP104878,53,86575.42,18.0,5728.32,640.0,2000.85,0,0,0,OWN,car,0
APP104879,58,99817.37,32.0,13585.13,650.0,901.71,2,24,0,RENT,car,0
APP104880,39,46926.05,29.0,13552.49,574.0,3008.86,13,25,3,MORTGAGE,home_improvement,1
APP104881,69,60840.23,11.0,6696.08,690.0,7834.46,9,23,1,MORTGAGE,debt_consolidation,0
APP104882,45,7774.0,8.0,6923.01,684.0,6230.73,4,17,1,OWN,home_improvement,0
APP104883,28,32941.84,0.0,30209.83,588.0,11181.47,11,10,2,RENT,home_improvement,1
APP104884,21,63012.15,13.0,49902.57,546.0,6611.82,7,4,0,MORTGAGE,home_improvement,1
APP104885,30,57656.32,0.0,19729.37,748.0,3557.34,14,18,0,MORTGAGE,credit_card,0
APP104886,54,19734.79,5.0,25224.42,789.0,3226.75,7,13,0,RENT,debt_consolidation,0
APP104887,47,31355.31,39.0,28648.47,668.0,6974.14,10,12,2,RENT,home_improvement,0
APP104888,37,10217.09,34.0,37374.46,621.0,1445.01,14,28,0,RENT,credit_card,1
APP104889,44,44644.95,22.0,8257.22,733.0,386.78,6,1,0,OWN,credit_card,0
APP104890,62,14162.26,,5843.23,687.0,6715.53,13,6,1,OWN,car,1
APP104891,49,63910.5,19.0,29735.41,633.0,5927.95,12,14,1,MORTGAGE,home_improvement,0
APP104892,23,65602.06,24.0,5549.28,727.0,17247.79,0,28,0,MORTGAGE,business,0
APP104893,23,28647.36,36.0,5339.26,585.0,8579.65,0,16,1,RENT,credit_card,0
APP104894,44,47128.72,3.0,5413.33,594.0,6293.94,1,14,1,MORTGAGE,credit_card,0
APP104895,40,32579.89,14.0,9146.83,,3828.76,6,25,1,RENT,credit_card,0
APP104896,62,40984.7,4.0,3009.03,659.0,2568.55,12,22,2,RENT,debt_consolidation,0
APP104897,49,20462.93,31.0,4188.65,700.0,3927.65,10,22,0,MORTGAGE,debt_consolidation,0
APP104898,58,49575.22,32.0,6813.06,745.0,10552.38,11,19,1,MORTGAGE,business,0
APP104899,49,15985.02,28.0,4829.24,525.0,7121.91,5,13,0,MORTGAGE,business,1
APP104900,37,14545.47,24.0,18721.86,653.0,10377.39,0,17,0,MORTGAGE,debt_consolidation,0
APP104901,53,34167.69,19.0,9936.69,802.0,5352.78,0,14,1,MORTGAGE,debt_consolidation,0
APP104902,51,32675.42,0.0,13991.61,602.0,2393.15,2,13,1,MORTGAGE,debt_consolidation,0
APP104903,56,41612.29,30.0,13101.97,592.0,12437.4,1,23,1,OWN,car,0
APP104904,30,26245.41,35.0,8742.37,470.0,11568.82,14,17,2,OWN,car,1
APP104905,52,93231.96,38.0,17905.78,658.0,5701.13,2,8,2,OWN,other,0
APP104906,34,39352.02,13.0,12981.61,696.0,7667.71,4,19,3,RENT,other,0
APP104907,59,40800.14,8.0,8176.01,696.0,7337.56,12,10,1,MORTGAGE,credit_card,0
APP104908,60,40079.37,26.0,3603.48,567.0,3378.82,3,24,0,RENT,debt_consolidation,1
APP104909,51,59961.32,0.0,13526.35,,3991.53,10,27,1,OWN,debt_consolidation,0
APP104910,67,48436.49,2.0,4643.47,667.0,2373.83,6,18,0,RENT,credit_card,0
APP104911,47,45297.58,32.0,12433.75,654.0,3979.66,11,22,2,MORTGAGE,car,1
APP104912,22,52469.75,38.0,10376.86,562.0,11211.25,4,4,0,RENT,car,1
APP104913,50,14584.18,16.0,4375.51,656.0,9631.98,13,28,1,OWN,debt_consolidation,1
APP104914,59,14862.2,20.0,11556.9,584.0,7683.04,10,20,1,MORTGAGE,credit_card,1
APP104915,25,34960.38,21.0,11101.01,500.0,10586.58,4,26,0,OWN,car,1
APP104916,26,32897.87,5.0,11125.2,704.0,3669.27,9,22,2,MORTGAGE,credit_card,0
APP104917,34,48528.42,8.0,10809.69,661.0,1922.43,11,22,1,MORTGAGE,credit_card,0
APP104918,62,36680.79,11.0,6691.32,697.0,4335.1,14,3,1,MORTGAGE,car,0
APP104919,46,48578.31,33.0,14114.61,607.0,4618.61,5,7,1,RENT,credit_card,1
APP104920,68,19481.15,17.0,6551.22,700.0,8438.75,14,10,1,RENT,debt_consolidation,1
APP104921,63,,28.0,5193.93,731.0,7399.42,11,15,0,OWN,business,0
APP104922,48,18573.14,7.0,14835.53,790.0,11031.0,6,12,0,MORTGAGE,business,0
APP104923,54,44065.35,38.0,17358.86,715.0,980.51,10,12,0,MORTGAGE,car,0
APP104924,37,14198.02,35.0,14238.7,680.0,2595.6,8,16,3,RENT,credit_card,1
APP104925,25,43224.17,19.0,8740.15,539.0,4568.37,14,11,1,MORTGAGE,car,1
APP104926,40,17422.2,9.0,3091.22,641.0,7211.87,0,17,2,RENT,car,1
APP104927,50,29978.51,39.0,24077.04,536.0,26252.31,11,23,0,MORTGAGE,credit_card,1
APP104928,29,56809.78,32.0,3062.36,584.0,2248.8,12,18,3,MORTGAGE,credit_card,1
APP104929,31,40688.06,20.0,14067.7,806.0,2785.36,0,11,1,OWN,other,0
APP104930,21,15949.29,10.0,35106.52,568.0,3502.87,7,28,3,OWN,credit_card,1
APP104931,56,25946.79,24.0,10825.72,462.0,2706.86,10,4,1,MORTGAGE,debt_consolidation,1
APP104932,65,17142.41,14.0,11786.85,715.0,2414.89,12,0,0,MORTGAGE,debt_consolidation,0
APP104933,61,15562.52,26.0,12426.57,596.0,5098.66,1,10,0,RENT,credit_card,1
APP104934,39,38516.1,33.0,11146.72,711.0,10795.84,4,16,2,RENT,credit_card,1
APP104935,50,48057.29,19.0,40553.12,556.0,5407.17,8,24,0,OWN,debt_consolidation,1
APP104936,68,45265.61,1.0,5967.61,615.0,2470.63,9,17,0,MORTGAGE,credit_card,1
APP104937,49,49085.23,22.0,5534.54,745.0,4200.77,2,15,1,OWN,debt_consolidation,0
APP104938,35,36099.87,34.0,8131.49,544.0,2141.21,12,9,2,RENT,business,1
APP104939,37,31675.69,8.0,28127.39,636.0,10790.51,7,0,1,OWN,home_improvement,1
APP104940,56,21236.26,38.0,7001.46,673.0,15945.35,6,11,1,MORTGAGE,credit_card,1
APP104941,42,29142.71,14.0,12812.53,592.0,1371.81,11,18,0,OWN,car,1
APP104942,62,18757.07,27.0,18818.68,669.0,5903.03,7,24,2,RENT,business,0
APP104943,63,23799.44,28.0,15794.08,651.0,2637.1,4,5,0,RENT,debt_consolidation,0
APP104944,22,37966.65,7.0,18230.37,692.0,5168.31,6,7,1,OWN,home_improvement,0
APP104945,56,34238.19,1.0,23174.13,797.0,4589.63,2,3,2,OWN,credit_card,0
APP104946,39,168108.35,37.0,11907.68,850.0,1681.01,12,21,2,MORTGAGE,home_improvement,0
APP104947,46,18529.18,28.0,7523.38,687.0,12926.74,4,9,0,RENT,home_improvement,0
APP104948,33,34113.57,25.0,10811.13,641.0,4353.05,5,26,1,RENT,debt_consolidation,0
APP104949,39,17821.02,12.0,8075.32,685.0,3374.46,2,23,2,MORTGAGE,home_improvement,0
APP104950,37,29914.75,4.0,44933.15,631.0,5394.02,5,28,2,RENT,debt_consolidation,0
APP104951,23,30529.64,10.0,7189.71,523.0,2449.21,2,1,1,OWN,car,1
APP104952,59,55405.83,21.0,13225.27,646.0,4243.21,0,25,0,OWN,debt_consolidation,0
APP104953,28,29003.35,27.0,4021.78,736.0,1130.19,10,6,1,RENT,credit_card,1
APP104954,39,33002.55,12.0,10718.12,532.0,745.69,5,17,1,RENT,car,1
APP104955,30,29285.3,8.0,8330.99,571.0,2261.85,10,6,1,OWN,debt_consolidation,1
APP104956,28,18024.26,9.0,14844.89,603.0,3210.21,3,19,2,RENT,home_improvement,1
APP104957,39,26211.38,38.0,15078.9,679.0,1205.2,7,24,0,OWN,debt_consolidation,0
APP104958,66,30002.37,25.0,23160.4,840.0,3301.12,3,13,1,MORTGAGE,debt_consolidation,0
APP104959,67,37681.06,39.0,22082.52,585.0,3206.79,3,7,1,RENT,business,1
APP104960,39,48024.84,0.0,9511.12,657.0,4678.58,14,14,2,MORTGAGE,debt_consolidation,0
APP104961,45,32296.1,18.0,5615.96,650.0,8033.08,7,17,0,RENT,debt_consolidation,0
APP104962,69,,18.0,6025.38,625.0,19335.05,0,22,0,MORTGAGE,car,0
APP104963,32,15361.1,16.0,11868.5,646.0,6922.97,14,3,3,RENT,home_improvement,1
APP104964,67,47565.7,15.0,10879.89,612.0,2236.59,12,1,2,RENT,debt_consolidation,1
APP104965,26,25643.64,3.0,11553.64,850.0,8376.56,5,23,0,OWN,debt_consolidation,0
APP104966,32,52762.8,1.0,7179.13,709.0,15070.33,3,3,0,OWN,debt_consolidation,0
APP104967,37,70138.0,31.0,23443.36,613.0,2005.77,6,7,3,OWN,credit_card,1
APP104968,22,33058.78,17.0,4090.37,744.0,2097.08,11,26,0,MORTGAGE,credit_card,0
APP104969,60,21771.22,6.0,6944.61,670.0,1576.8,7,13,2,OWN,credit_card,0
APP104970,62,36013.56,13.0,5186.09,654.0,3128.79,2,2,1,MORTGAGE,credit_card,1
APP104971,39,43232.64,37.0,8730.83,635.0,6624.78,2,9,2,MORTGAGE,car,1
APP104972,61,31015.43,18.0,20909.1,629.0,16099.81,14,25,2,RENT,car,0
APP104973,58,27391.3,39.0,8327.74,552.0,10030.03,3,19,1,RENT,credit_card,1
APP104974,60,48135.06,6.0,10518.45,516.0,6690.35,8,23,0,MORTGAGE,debt_consolidation,1
APP104975,60,46573.6,4.0,14743.32,679.0,5098.01,10,7,0,RENT,home_improvement,0
APP104976,49,,22.0,8093.45,634.0,6722.49,2,24,0,RENT,credit_card,1
APP104977,26,15882.4,27.0,12451.25,720.0,7046.99,2,0,1,MORTGAGE,debt_consolidation,1
APP104978,66,45624.0,39.0,11504.04,578.0,13940.55,4,5,0,MORTGAGE,credit_card,1
APP104979,50,24743.95,18.0,5021.65,,4833.35,9,15,2,RENT,other,1
APP104980,65,40423.66,8.0,7490.65,712.0,6059.59,12,26,0,MORTGAGE,credit_card,0
APP104981,67,39166.56,,12243.51,626.0,3544.68,5,29,1,MORTGAGE,debt_consolidation,1
APP104982,30,14122.52,12.0,21360.85,718.0,5381.49,4,11,0,MORTGAGE,debt_consolidation,1
APP104983,40,,7.0,21348.91,652.0,4003.63,4,24,2,OWN,credit_card,0
APP104984,30,46970.09,3.0,34797.2,800.0,1897.6,11,7,0,OWN,home_improvement,0
APP104985,23,49939.93,28.0,13243.66,710.0,9883.49,8,29,1,MORTGAGE,debt_consolidation,0
APP104986,68,38510.37,25.0,7723.41,682.0,16164.99,9,3,2,OWN,car,1
APP104987,66,13512.99,6.0,9524.56,713.0,4769.79,3,13,2,RENT,business,0
APP104988,66,68771.21,22.0,9244.1,628.0,6410.18,9,0,1,RENT,other,1
APP104989,64,44600.99,35.0,7748.63,518.0,9791.95,4,17,0,MORTGAGE,home_improvement,1
APP104990,52,19897.32,32.0,12453.7,678.0,4382.34,13,13,1,OWN,debt_consolidation,0
APP104991,46,24492.41,,12806.31,805.0,5719.72,7,23,2,MORTGAGE,car,0
APP104992,69,,2.0,4893.9,466.0,4131.57,2,18,2,MORTGAGE,business,1
APP104993,48,51015.87,25.0,19013.45,687.0,3166.55,9,10,0,OWN,debt_consolidation,0
APP104994,52,28453.28,20.0,3287.62,527.0,7459.68,0,28,1,MORTGAGE,home_improvement,1
APP104995,31,54872.23,36.0,8660.35,648.0,7405.79,12,3,1,OWN,credit_card,1
APP104996,57,14818.28,22.0,19723.95,656.0,10280.81,6,2,1,MORTGAGE,home_improvement,1
APP104997,61,21563.78,29.0,14248.9,709.0,4901.43,12,5,3,RENT,car,1
APP104998,54,12936.63,21.0,7988.96,666.0,1882.09,14,17,0,RENT,credit_card,0
APP104999,45,23185.85,,32250.67,759.0,11921.87,7,28,0,OWN,debt_consolidation,0
APP105000,30,77191.03,12.0,7600.4,743.0,2730.85,1,4,1,OWN,credit_card,1
APP105001,22,101610.39,16.0,2977.47,634.0,2693.4,1,23,3,RENT,debt_consolidation,0
APP105002,51,40835.02,11.0,12986.22,737.0,3211.31,4,22,2,OWN,credit_card,0
APP105003,54,26391.19,18.0,3404.63,624.0,1218.2,2,8,0,MORTGAGE,other,0
APP105004,58,32506.0,38.0,6009.7,611.0,4129.46,10,4,1,RENT,debt_consolidation,1
APP105005,67,46012.57,13.0,14380.81,553.0,8066.48,0,23,0,MORTGAGE,credit_card,1
APP105006,45,16622.45,18.0,7506.21,,3474.11,10,23,1,MORTGAGE,credit_card,0
APP105007,61,27275.67,37.0,14021.76,625.0,14336.41,2,21,3,MORTGAGE,credit_card,1
APP105008,56,74417.51,6.0,4940.1,456.0,13642.74,1,22,2,MORTGAGE,debt_consolidation,1
APP105009,34,21528.76,10.0,16565.67,693.0,10010.91,0,14,1,MORTGAGE,car,0
APP105010,62,24971.43,19.0,3588.29,615.0,1045.28,12,11,1,RENT,debt_consolidation,1
APP105011,23,36555.86,16.0,21833.02,626.0,15474.82,10,0,2,RENT,debt_consolidation,1
APP105012,50,41838.45,13.0,7441.19,631.0,4065.36,13,15,3,MORTGAGE,business,1
APP105013,67,26568.94,31.0,24802.39,623.0,18821.01,8,21,0,MORTGAGE,car,1
APP105014,53,37740.24,19.0,5977.11,850.0,3031.3,8,5,1,MORTGAGE,home_improvement,0
APP105015,66,49215.79,14.0,31409.3,783.0,4394.69,0,8,3,RENT,debt_consolidation,1
APP105016,23,96831.33,19.0,5571.41,705.0,5280.11,0,17,2,MORTGAGE,business,0
APP105017,47,34094.04,35.0,3373.25,669.0,2331.15,9,8,1,OWN,debt_consolidation,1
APP105018,59,35573.33,39.0,10156.43,740.0,1344.3,7,26,0,RENT,credit_card,0
APP105019,52,77942.46,9.0,20751.91,669.0,721.91,12,15,0,OWN,business,0
APP105020,64,27595.75,1.0,15906.34,715.0,52169.46,8,12,3,RENT,car,1
APP105021,43,18728.91,1.0,19886.23,,1293.5,0,7,1,MORTGAGE,credit_card,1
APP105022,54,41155.98,,16095.78,660.0,1307.84,9,27,0,OWN,credit_card,0
APP105023,41,62198.58,25.0,6050.16,725.0,7766.66,1,21,1,MORTGAGE,debt_consolidation,0
APP105024,63,43500.32,2.0,15675.44,616.0,1573.3,13,17,2,RENT,car,1
APP105025,26,34595.96,20.0,10464.04,654.0,1356.04,7,8,0,RENT,business,0
APP105026,33,17602.62,15.0,6465.02,571.0,493.0,6,3,1,MORTGAGE,business,1
APP105027,25,35270.96,37.0,11021.6,580.0,6211.6,0,24,2,MORTGAGE,credit_card,1
APP105028,55,67277.25,24.0,9568.24,447.0,2087.98,4,1,1,RENT,other,1
APP105029,32,19593.27,16.0,23146.42,686.0,8223.17,0,13,1,RENT,debt_consolidation,1
APP105030,36,32132.6,23.0,7266.82,708.0,4625.57,1,17,2,MORTGAGE,credit_card,0
APP105031,61,29919.26,5.0,7065.86,736.0,5262.78,8,15,1,OWN,car,0
APP105032,38,25620.49,19.0,6508.19,561.0,3419.53,7,20,3,MORTGAGE,other,1
APP105033,28,41108.14,13.0,30887.57,685.0,3941.7,8,1,1,MORTGAGE,other,1
APP105034,22,45326.75,7.0,6730.39,649.0,2402.23,12,6,0,OWN,credit_card,0
APP105035,32,45089.9,15.0,21549.39,709.0,2591.36,12,0,1,RENT,other,0
APP105036,65,22283.35,25.0,5330.33,597.0,2046.74,13,7,0,OWN,home_improvement,1
APP105037,47,15946.72,23.0,13412.93,623.0,16501.14,1,6,0,OWN,car,1
APP105038,69,41406.54,38.0,11585.45,525.0,3579.93,1,25,3,OWN,credit_card,1
APP105039,31,28198.96,10.0,20744.18,592.0,802.83,13,10,1,OWN,debt_consolidation,1
APP105040,38,91049.28,,19015.83,650.0,6045.13,13,16,1,RENT,debt_consolidation,0
APP105041,28,93176.88,22.0,10395.56,663.0,2583.78,0,5,1,RENT,home_improvement,0
APP105042,40,98257.31,34.0,7170.67,515.0,4742.95,0,23,1,OWN,business,1
APP105043,48,22696.01,36.0,26238.34,609.0,3961.43,4,15,0,RENT,home_improvement,0
APP105044,60,48275.75,28.0,6753.6,662.0,16189.86,8,26,1,MORTGAGE,home_improvement,1
APP105045,39,56132.84,16.0,2538.59,762.0,3615.91,0,18,0,MORTGAGE,credit_card,0
APP105046,58,53059.92,21.0,3244.97,582.0,9441.39,6,23,1,OWN,credit_card,1
APP105047,51,30418.34,26.0,3755.45,689.0,8676.73,3,24,2,RENT,business,1
APP105048,35,68842.91,32.0,14149.26,605.0,1647.07,13,2,0,MORTGAGE,debt_consolidation,1
APP105049,65,36324.13,,37372.13,614.0,5711.27,12,15,1,OWN,home_improvement,1
APP105050,42,38717.74,34.0,2910.34,579.0,2679.37,7,10,0,MORTGAGE,debt_consolidation,0
APP105051,28,16832.78,32.0,6188.62,566.0,1868.84,1,11,1,OWN,home_improvement,1
APP105052,68,50130.38,3.0,10440.16,612.0,1874.74,3,11,1,OWN,credit_card,1
APP105053,65,31881.91,10.0,25016.83,733.0,9481.04,3,27,2,OWN,debt_consolidation,0
APP105054,23,45816.04,9.0,6168.66,589.0,40717.85,12,29,1,MORTGAGE,debt_consolidation,1
APP105055,65,40845.7,23.0,14107.75,577.0,2580.54,9,13,0,RENT,car,1
APP105056,67,39754.1,8.0,8518.08,666.0,5840.62,5,29,1,RENT,debt_consolidation,1
APP105057,61,35494.86,12.0,47301.49,650.0,6300.23,0,8,0,RENT,other,1
APP105058,33,53814.59,7.0,10793.77,644.0,3216.37,12,22,1,OWN,credit_card,1
APP105059,51,32877.83,2.0,12251.62,670.0,15154.95,9,2,0,OWN,other,1
APP105060,47,17542.84,18.0,10410.33,569.0,28497.06,3,4,0,MORTGAGE,credit_card,1
APP105061,51,48265.77,12.0,7717.05,578.0,3046.77,13,5,0,RENT,car,1
APP105062,51,24233.65,20.0,17499.41,728.0,19683.08,11,17,1,MORTGAGE,debt_consolidation,0
APP105063,52,18729.76,8.0,4937.35,638.0,3173.63,1,20,0,OWN,debt_consolidation,0
APP105064,46,,11.0,2977.45,697.0,2261.53,0,0,2,OWN,home_improvement,1
APP105065,54,41842.43,35.0,9044.24,747.0,4396.36,0,5,1,OWN,business,0
APP105066,46,34604.55,32.0,16144.56,717.0,9849.87,4,26,2,OWN,business,0
APP105067,21,12502.18,10.0,6985.09,540.0,4521.61,6,10,1,MORTGAGE,car,1
APP105068,22,29976.59,6.0,11068.9,640.0,8868.27,13,21,1,OWN,car,0
APP105069,67,65160.95,38.0,4758.0,733.0,5891.47,12,0,0,OWN,other,0
APP105070,65,28979.74,,18724.69,691.0,14505.39,14,12,1,MORTGAGE,car,0
APP105071,49,33431.76,19.0,14634.63,664.0,7513.98,14,11,0,OWN,credit_card,1
APP105072,29,61175.11,27.0,10014.98,518.0,16721.33,0,23,2,OWN,credit_card,1
APP105073,59,54054.31,8.0,10951.57,,2474.83,12,19,1,RENT,credit_card,1
APP105074,28,60528.86,17.0,4289.2,655.0,4176.53,13,2,0,RENT,business,1
APP105075,39,9079.04,15.0,4405.74,535.0,4908.74,9,6,1,RENT,debt_consolidation,1
APP105076,37,86401.6,28.0,9198.59,,2482.19,14,16,0,OWN,business,0
APP105077,21,49921.16,7.0,13470.28,640.0,2195.84,6,0,0,RENT,business,1
APP105078,60,124335.42,19.0,13885.87,491.0,6672.08,11,3,0,MORTGAGE,debt_consolidation,1
APP105079,45,,33.0,7960.45,604.0,8368.24,11,25,1,OWN,debt_consolidation,1
APP105080,36,15037.08,7.0,15478.81,627.0,5378.2,3,0,2,MORTGAGE,home_improvement,1
APP105081,45,36446.81,4.0,23213.17,639.0,11466.87,11,21,1,OWN,debt_consolidation,0
APP105082,21,31644.32,32.0,9384.36,763.0,2033.16,7,16,2,MORTGAGE,car,0
APP105083,42,50353.93,34.0,11917.92,696.0,3594.47,2,29,0,OWN,credit_card,0
APP105084,46,62159.83,17.0,8736.7,540.0,1912.4,1,17,0,MORTGAGE,debt_consolidation,0
APP105085,37,34764.53,1.0,9174.8,530.0,5494.53,10,4,1,OWN,debt_consolidation,1
APP105086,61,32197.56,21.0,10957.05,628.0,7261.15,12,18,2,MORTGAGE,car,1
APP105087,33,47162.76,11.0,27500.48,660.0,14378.27,11,20,1,MORTGAGE,business,0
APP105088,27,31947.07,23.0,17139.93,729.0,1916.38,14,8,3,RENT,debt_consolidation,1
APP105089,46,30638.39,5.0,16238.02,788.0,6620.58,13,7,0,OWN,debt_consolidation,0
APP105090,64,60996.24,32.0,7538.32,792.0,15504.57,2,12,1,RENT,car,0
APP105091,39,68178.8,27.0,5773.85,614.0,2205.37,10,15,1,RENT,business,1
APP105092,23,62441.36,25.0,12502.97,724.0,1828.05,3,7,1,MORTGAGE,business,0
APP105093,68,33385.77,20.0,20873.74,684.0,1510.85,10,22,0,MORTGAGE,business,0
APP105094,42,12457.84,8.0,27834.81,562.0,8099.7,6,25,0,MORTGAGE,credit_card,0
APP105095,29,33721.7,37.0,2272.0,498.0,2750.72,13,5,1,RENT,debt_consolidation,1
APP105096,51,24859.87,10.0,42951.76,661.0,7204.37,1,22,1,RENT,debt_consolidation,0
APP105097,36,34034.76,14.0,12710.61,530.0,4134.31,2,13,1,RENT,debt_consolidation,1
APP105098,66,25963.7,37.0,17074.79,581.0,20758.73,9,4,1,RENT,credit_card,1
APP105099,35,35940.86,1.0,3484.34,595.0,9230.69,8,8,1,RENT,debt_consolidation,1
APP105100,47,21598.13,5.0,8585.73,667.0,2583.63,12,27,2,RENT,other,1
APP105101,47,19142.02,30.0,16215.27,752.0,3859.63,13,4,1,OWN,home_improvement,0
APP105102,32,66926.2,14.0,4891.0,651.0,9230.74,3,1,0,MORTGAGE,car,1
APP105103,45,22363.18,23.0,1749.37,606.0,2090.35,9,21,2,OWN,business,0
APP105104,26,36321.52,23.0,12104.14,484.0,12654.05,11,16,4,RENT,credit_card,1
APP105105,52,58527.82,33.0,9605.88,686.0,4023.16,13,7,0,MORTGAGE,debt_consolidation,1
APP105106,58,57362.84,24.0,23501.09,652.0,9387.44,5,22,0,RENT,debt_consolidation,0
APP105107,67,54036.99,17.0,8991.63,606.0,4201.12,0,15,0,MORTGAGE,car,1
APP105108,36,42253.11,21.0,9395.34,743.0,3232.22,5,7,2,OWN,debt_consolidation,0
APP105109,34,52156.37,29.0,15042.07,554.0,2835.61,3,20,1,RENT,home_improvement,1
APP105110,47,,15.0,18400.12,595.0,19651.34,0,25,2,MORTGAGE,credit_card,1
APP105111,54,44914.29,,6468.83,630.0,3881.22,3,13,1,OWN,credit_card,0
APP105112,69,14492.68,19.0,17443.1,605.0,57785.03,2,23,0,MORTGAGE,other,1
APP105113,22,27881.91,39.0,7236.98,694.0,5549.52,1,4,1,OWN,debt_consolidation,0
APP105114,32,51440.7,4.0,9995.73,687.0,2488.33,11,1,0,OWN,home_improvement,1
APP105115,33,26541.16,6.0,14801.17,734.0,1382.69,9,0,1,OWN,debt_consolidation,0
APP105116,33,81638.24,39.0,16433.58,690.0,13176.98,2,10,1,RENT,debt_consolidation,0
APP105117,43,35186.23,33.0,11979.94,640.0,4209.15,6,11,0,RENT,home_improvement,0
APP105118,63,37896.89,4.0,5175.37,622.0,9491.45,12,26,1,RENT,credit_card,1
APP105119,22,63727.54,8.0,3222.29,686.0,31502.46,3,29,1,MORTGAGE,debt_consolidation,0
APP105120,60,33142.61,27.0,8841.63,634.0,8392.29,3,19,0,MORTGAGE,home_improvement,1
APP105121,51,39661.59,31.0,17725.7,653.0,6437.14,10,29,2,OWN,other,0
APP105122,51,56929.09,29.0,12962.53,690.0,13108.87,5,29,1,MORTGAGE,debt_consolidation,0
APP105123,54,17393.72,34.0,11443.99,661.0,9351.5,10,13,5,MORTGAGE,debt_consolidation,1
APP105124,26,31487.66,,9855.49,674.0,1789.7,2,7,3,RENT,home_improvement,1
APP105125,57,54971.86,35.0,11913.9,586.0,14272.95,0,12,1,RENT,car,0
APP105126,33,37526.4,,5450.95,757.0,4737.36,8,0,1,RENT,home_improvement,0
APP105127,46,,19.0,15805.62,561.0,16866.51,6,19,6,RENT,credit_card,1
APP105128,54,16515.23,25.0,16445.12,685.0,7373.42,12,26,2,RENT,debt_consolidation,0
APP105129,50,15599.58,17.0,7997.15,611.0,12749.41,10,24,7,MORTGAGE,debt_consolidation,1
APP105130,36,53361.42,24.0,12864.21,736.0,4106.43,5,7,3,OWN,business,0
APP105131,40,55988.61,33.0,3533.59,720.0,1459.95,1,17,1,MORTGAGE,debt_consolidation,0
APP105132,44,32970.71,38.0,11026.19,649.0,7715.37,8,26,2,OWN,home_improvement,1
APP105133,23,44364.6,23.0,9137.34,774.0,10737.33,11,21,1,RENT,home_improvement,0
APP105134,56,52712.27,0.0,21068.61,635.0,3147.78,4,1,2,MORTGAGE,car,1
APP105135,25,24174.86,24.0,8785.12,720.0,4177.03,9,0,0,OWN,debt_consolidation,0
APP105136,43,25503.62,10.0,16667.21,591.0,835.91,0,27,2,MORTGAGE,home_improvement,1
APP105137,53,39929.2,9.0,7826.7,682.0,4340.58,10,26,1,MORTGAGE,home_improvement,0
APP105138,24,57070.61,35.0,2510.76,575.0,1807.39,12,22,2,MORTGAGE,car,1
APP105139,69,20272.52,17.0,8644.5,651.0,7433.7,3,16,1,MORTGAGE,other,0
APP105140,39,32893.36,31.0,11137.29,645.0,6424.91,10,29,3,MORTGAGE,home_improvement,1
APP105141,21,32140.8,14.0,10834.63,720.0,4974.9,11,14,0,MORTGAGE,home_improvement,0
APP105142,53,44755.94,24.0,10933.32,596.0,14159.19,3,18,1,MORTGAGE,debt_consolidation,1
APP105143,48,36157.9,26.0,7303.64,850.0,5959.68,2,6,0,RENT,credit_card,0
APP105144,52,27641.08,35.0,8149.92,539.0,5737.41,5,10,2,RENT,car,1
APP105145,57,67797.66,7.0,5035.13,668.0,6356.91,12,4,2,OWN,other,1
APP105146,44,27732.8,22.0,2987.04,673.0,3083.29,5,15,2,RENT,debt_consolidation,1
APP105147,61,31380.81,16.0,9284.71,693.0,10862.88,3,11,2,MORTGAGE,debt_consolidation,1
APP105148,39,16387.12,18.0,6328.88,608.0,2361.16,4,21,2,RENT,car,1
APP105149,47,25417.34,33.0,18918.61,669.0,6892.6,4,27,4,RENT,debt_consolidation,1
APP105150,28,47006.35,5.0,2672.61,604.0,13029.17,7,25,2,RENT,home_improvement,1
APP105151,51,42629.47,21.0,11785.34,799.0,2162.07,10,16,2,OWN,debt_consolidation,0
APP105152,33,49008.96,15.0,35344.3,599.0,1679.23,4,23,0,OWN,business,0
APP105153,55,47833.96,35.0,8868.78,638.0,2131.75,5,12,1,OWN,car,0
APP105154,60,103141.49,8.0,9880.82,596.0,21028.73,7,18,0,OWN,home_improvement,0
APP105155,63,24985.99,9.0,12782.19,585.0,3018.62,4,4,0,MORTGAGE,debt_consolidation,1
APP105156,66,16159.9,3.0,13396.0,537.0,1881.14,6,2,1,MORTGAGE,home_improvement,1
APP105157,26,21476.69,17.0,7745.72,703.0,6588.52,0,1,0,RENT,debt_consolidation,1
APP105158,27,25544.42,0.0,5404.69,596.0,556.1,5,8,1,RENT,debt_consolidation,1
APP105159,66,22311.03,20.0,14641.75,586.0,2290.05,12,18,2,OWN,home_improvement,1
APP105160,39,38056.62,8.0,3150.02,572.0,15233.62,6,14,2,OWN,debt_consolidation,1
APP105161,22,67936.41,16.0,16306.79,674.0,2288.62,6,28,0,OWN,debt_consolidation,0
APP105162,35,78419.63,24.0,7823.76,651.0,3989.28,9,2,2,RENT,credit_card,0
APP105163,61,46730.59,27.0,9915.47,652.0,6218.57,5,13,1,OWN,other,1
APP105164,38,105940.84,2.0,7220.18,589.0,6221.32,6,11,0,MORTGAGE,car,1
APP105165,24,30388.32,5.0,23354.14,684.0,3209.86,3,7,2,MORTGAGE,credit_card,0
APP105166,56,16054.44,12.0,11492.0,597.0,7609.15,11,16,2,OWN,debt_consolidation,1
APP105167,30,61487.49,20.0,8159.66,655.0,15630.5,8,11,3,RENT,debt_consolidation,0
APP105168,38,,35.0,8022.92,638.0,2102.08,0,6,5,RENT,car,1
APP105169,21,24896.9,5.0,9055.3,514.0,3335.74,8,15,1,RENT,debt_consolidation,1
APP105170,50,47101.31,2.0,41696.15,812.0,4518.25,5,6,1,MORTGAGE,home_improvement,0
APP105171,42,34503.27,25.0,4490.62,695.0,8603.17,0,22,0,MORTGAGE,business,0
APP105172,63,33008.61,39.0,18953.22,664.0,5046.71,7,10,1,OWN,credit_card,1
APP105173,37,20122.72,33.0,13916.96,677.0,4439.37,1,13,2,RENT,business,0
APP105174,31,36119.88,22.0,24931.49,814.0,1422.97,2,5,2,OWN,car,0
APP105175,29,59983.89,0.0,14435.42,740.0,1985.36,9,27,0,MORTGAGE,car,0
APP105176,30,36679.89,23.0,9917.12,677.0,5733.85,7,5,1,OWN,credit_card,1
APP105177,43,23977.88,18.0,18251.76,593.0,3258.19,4,19,3,RENT,debt_consolidation,1
APP105178,25,19462.23,17.0,11360.09,605.0,3738.07,13,19,0,MORTGAGE,debt_consolidation,0
APP105179,40,24226.51,19.0,15568.01,505.0,4677.42,14,3,1,OWN,debt_consolidation,1
APP105180,62,44186.16,22.0,23316.85,620.0,31995.36,1,4,0,OWN,car,1
APP105181,58,43122.54,28.0,10462.07,702.0,3301.11,3,3,4,OWN,home_improvement,1
APP105182,52,24336.84,7.0,7672.28,700.0,14906.63,0,27,1,RENT,home_improvement,0
APP105183,64,12023.52,2.0,6725.85,699.0,14059.68,2,16,2,OWN,credit_card,0
APP105184,59,44801.92,,12969.09,608.0,9348.85,5,4,1,MORTGAGE,debt_consolidation,1
APP105185,52,23182.35,16.0,5843.58,694.0,2495.0,0,24,0,MORTGAGE,car,0
APP105186,63,51253.09,20.0,8023.4,715.0,5484.85,13,27,0,RENT,debt_consolidation,0
APP105187,27,24883.13,31.0,5538.39,471.0,3596.11,10,15,0,RENT,debt_consolidation,1
APP105188,61,22160.12,17.0,13426.74,674.0,24625.38,1,16,1,RENT,credit_card,1
APP105189,35,39206.03,21.0,6302.53,816.0,6826.19,4,24,1,MORTGAGE,car,0
APP105190,56,118048.36,39.0,4573.16,626.0,4144.16,10,12,1,MORTGAGE,debt_consolidation,0
APP105191,65,52813.12,29.0,5082.38,448.0,20495.0,4,2,1,MORTGAGE,debt_consolidation,1
APP105192,45,38875.12,27.0,7025.82,584.0,3707.07,7,22,1,RENT,home_improvement,1
APP105193,25,43452.59,14.0,7419.15,504.0,7641.02,1,9,1,RENT,credit_card,1
APP105194,39,15130.11,6.0,11508.85,599.0,8620.77,12,19,5,MORTGAGE,debt_consolidation,1
APP105195,40,20719.48,36.0,8982.43,552.0,6489.26,0,1,3,RENT,car,1
APP105196,66,10347.87,22.0,12359.58,724.0,4513.71,1,10,0,RENT,debt_consolidation,0
APP105197,67,86244.1,3.0,12969.65,712.0,9604.79,3,10,0,RENT,debt_consolidation,1
APP105198,48,77939.88,19.0,15433.56,677.0,2969.18,5,9,0,MORTGAGE,credit_card,0
APP105199,67,44196.87,3.0,3150.46,748.0,11979.55,5,17,2,MORTGAGE,business,1
APP105200,42,38853.66,39.0,5032.47,604.0,3924.01,10,13,2,MORTGAGE,credit_card,1
APP105201,41,16717.39,21.0,13807.01,655.0,14331.8,9,27,0,OWN,debt_consolidation,0
APP105202,61,32544.06,31.0,11235.65,825.0,11350.63,0,21,0,RENT,credit_card,0
APP105203,53,88982.58,18.0,17785.87,696.0,7627.03,1,13,1,OWN,credit_card,0
APP105204,46,38781.86,0.0,3918.99,696.0,4572.61,4,8,1,OWN,debt_consolidation,0
APP105205,43,27382.98,25.0,7442.09,588.0,11874.39,5,11,0,MORTGAGE,debt_consolidation,1
APP105206,55,15077.59,26.0,8284.75,616.0,7761.07,11,9,0,MORTGAGE,home_improvement,0
APP105207,57,72413.85,9.0,10937.34,569.0,374.94,14,20,2,OWN,other,1
APP105208,45,35064.98,28.0,10112.49,784.0,2555.06,3,27,2,MORTGAGE,business,0
APP105209,22,15087.67,9.0,13114.14,525.0,5625.09,10,21,3,RENT,car,1
APP105210,25,22876.54,27.0,9239.17,723.0,6147.38,4,28,1,MORTGAGE,debt_consolidation,0
APP105211,28,19172.48,29.0,22548.0,696.0,8653.56,14,5,1,MORTGAGE,home_improvement,1
APP105212,43,34000.42,5.0,27302.28,,16967.88,9,2,3,OWN,debt_consolidation,1
APP105213,51,40282.38,11.0,5060.71,741.0,7858.28,1,21,1,RENT,credit_card,0
APP105214,60,28237.09,6.0,10168.67,629.0,927.53,1,29,0,RENT,car,0
APP105215,32,53558.15,29.0,15975.26,544.0,5756.68,6,16,1,MORTGAGE,debt_consolidation,0
APP105216,59,37774.94,9.0,14061.51,679.0,12999.2,6,13,1,MORTGAGE,business,1
APP105217,53,61768.96,25.0,7748.8,584.0,5373.69,3,15,3,RENT,car,0
APP105218,23,30375.84,16.0,11532.44,633.0,5783.47,1,4,5,RENT,home_improvement,1
APP105219,38,166485.38,3.0,3827.34,609.0,3309.66,14,29,1,OWN,business,0
APP105220,35,27385.14,35.0,9784.11,579.0,10502.6,10,1,1,MORTGAGE,debt_consolidation,1
APP105221,64,23117.26,28.0,4120.86,554.0,3705.07,13,23,1,MORTGAGE,business,0
APP105222,66,21738.71,,13423.84,713.0,7897.37,4,12,1,OWN,credit_card,0
APP105223,61,32680.36,35.0,5066.6,675.0,6924.6,8,24,1,MORTGAGE,credit_card,0
APP105224,46,15370.91,28.0,10914.2,670.0,5132.64,9,21,1,RENT,car,0
APP105225,45,42078.05,32.0,11986.27,620.0,7239.27,4,24,1,OWN,business,1
APP105226,36,14007.5,7.0,10358.04,654.0,5775.26,9,21,0,OWN,car,0
APP105227,58,39373.0,0.0,6773.87,591.0,13654.83,8,19,0,MORTGAGE,credit_card,1
APP105228,25,18478.7,2.0,8723.53,589.0,8445.39,12,15,1,OWN,business,1
APP105229,34,30012.02,21.0,20103.38,786.0,11291.19,13,0,2,OWN,car,0
APP105230,27,49132.21,31.0,7671.25,720.0,2667.42,13,24,3,RENT,credit_card,0
APP105231,45,114923.14,36.0,10025.21,605.0,2536.92,8,11,0,MORTGAGE,credit_card,0
APP105232,35,21183.96,38.0,7086.36,530.0,5167.63,0,11,2,OWN,credit_card,1
APP105233,30,33686.12,23.0,18256.13,513.0,8951.4,11,23,0,MORTGAGE,business,1
APP105234,39,25288.9,25.0,10370.27,599.0,7518.91,6,2,1,OWN,car,1
APP105235,63,23507.27,11.0,6258.0,658.0,2694.55,10,5,1,OWN,debt_consolidation,0
APP105236,48,25400.23,0.0,9939.53,659.0,9176.95,10,27,1,MORTGAGE,home_improvement,0
APP105237,61,54832.22,7.0,8564.5,661.0,2974.19,1,28,2,OWN,credit_card,0
APP105238,65,28451.95,2.0,22823.57,676.0,8426.03,2,27,0,RENT,debt_consolidation,0
APP105239,65,111821.19,27.0,9635.29,566.0,6181.05,11,0,0,OWN,debt_consolidation,1
APP105240,38,44711.66,20.0,4317.15,770.0,4104.76,8,11,1,MORTGAGE,credit_card,0
APP105241,63,21916.49,30.0,13348.78,634.0,3201.0,3,16,1,RENT,debt_consolidation,1
APP105242,65,30231.73,5.0,28901.61,673.0,5467.32,12,9,1,RENT,debt_consolidation,1
APP105243,68,24320.54,36.0,20295.58,597.0,5252.39,13,2,0,OWN,home_improvement,0
APP105244,38,54178.22,28.0,5106.35,674.0,2127.6,3,1,1,MORTGAGE,credit_card,0
APP105245,32,16004.26,36.0,8423.35,816.0,7955.82,4,22,0,RENT,debt_consolidation,0
APP105246,49,18574.12,25.0,9716.59,570.0,12398.7,2,24,1,RENT,business,0
APP105247,66,27017.14,13.0,9787.59,560.0,9783.59,8,18,2,OWN,credit_card,1
APP105248,65,51096.61,25.0,12438.82,580.0,6323.5,11,3,0,RENT,debt_consolidation,1
APP105249,48,67274.07,24.0,8050.9,623.0,3429.09,4,12,1,OWN,debt_consolidation,1
APP105250,28,72422.41,7.0,5713.72,608.0,5448.82,0,13,0,RENT,other,0
APP105251,41,47330.05,4.0,17519.68,566.0,4424.14,0,3,2,OWN,credit_card,1
APP105252,55,34841.18,26.0,5043.52,646.0,5428.62,3,5,1,MORTGAGE,car,0
APP105253,48,54030.98,3.0,6116.41,774.0,10395.77,11,13,3,MORTGAGE,other,1
APP105254,37,20491.18,4.0,5024.75,638.0,4507.89,5,7,2,MORTGAGE,credit_card,1
APP105255,37,14438.76,2.0,14290.17,642.0,1130.18,10,10,1,MORTGAGE,debt_consolidation,1
APP105256,23,45175.89,24.0,10550.02,677.0,9317.39,13,6,2,RENT,home_improvement,1
APP105257,35,21964.02,37.0,16816.27,701.0,6753.16,13,5,4,MORTGAGE,debt_consolidation,1
APP105258,53,35148.83,19.0,6178.83,759.0,5541.01,4,29,0,RENT,credit_card,0
APP105259,32,38553.94,6.0,4666.63,669.0,1920.8,8,5,1,OWN,debt_consolidation,0
APP105260,69,41112.18,20.0,7582.96,649.0,2525.38,10,17,2,OWN,business,1
APP105261,25,58040.47,19.0,8870.63,570.0,2773.01,2,25,1,OWN,debt_consolidation,0
APP105262,49,55052.23,23.0,11220.05,709.0,3081.09,10,8,3,RENT,business,1
APP105263,45,40034.63,17.0,3606.76,582.0,3320.62,2,9,0,MORTGAGE,credit_card,0
APP105264,61,29114.52,21.0,13190.32,579.0,1909.56,8,17,1,MORTGAGE,credit_card,1
APP105265,64,38325.89,12.0,5787.51,665.0,27482.98,5,2,2,RENT,debt_consolidation,1
APP105266,47,26954.21,36.0,6711.32,773.0,16344.95,5,19,0,MORTGAGE,car,0
APP105267,51,32918.35,21.0,20014.77,708.0,6134.79,4,4,2,MORTGAGE,car,1
APP105268,55,134468.7,12.0,2670.66,646.0,4784.2,7,22,1,OWN,home_improvement,0
APP105269,46,39779.02,0.0,12010.08,571.0,21188.73,6,19,2,MORTGAGE,debt_consolidation,1
APP105270,30,,27.0,11982.92,771.0,18015.94,3,11,1,MORTGAGE,credit_card,0
APP105271,42,25521.07,15.0,6055.54,645.0,2719.13,3,11,1,OWN,car,1
APP105272,32,60478.11,9.0,7568.86,626.0,5991.76,7,5,1,RENT,debt_consolidation,0
APP105273,43,53110.83,19.0,20591.39,694.0,4247.46,14,1,2,MORTGAGE,car,1
APP105274,51,53299.18,19.0,32136.71,614.0,3962.06,9,29,0,RENT,car,0
APP105275,31,40434.78,32.0,18747.87,589.0,4305.39,1,1,0,RENT,business,1
APP105276,33,60906.49,21.0,30684.81,597.0,4589.22,1,5,2,MORTGAGE,home_improvement,1
APP105277,61,68585.92,28.0,6536.79,597.0,5817.29,11,1,0,RENT,credit_card,1
APP105278,39,41837.55,25.0,3835.1,559.0,5843.71,8,14,3,RENT,debt_consolidation,1
APP105279,30,34292.91,33.0,9589.53,550.0,15530.24,8,22,1,MORTGAGE,business,1
APP105280,55,56799.65,0.0,16041.19,727.0,2577.28,5,7,0,RENT,credit_card,0
APP105281,56,23108.07,15.0,3252.4,703.0,10652.35,8,25,1,RENT,credit_card,0
APP105282,61,,28.0,5676.7,584.0,2079.72,8,18,2,RENT,business,1
APP105283,58,35360.47,5.0,6067.87,721.0,5940.07,9,25,3,RENT,car,0
APP105284,69,15204.12,17.0,12258.05,674.0,11324.0,14,11,2,RENT,debt_consolidation,1
APP105285,49,54929.05,16.0,11345.45,624.0,7748.26,13,16,2,OWN,home_improvement,1
APP105286,35,22438.71,32.0,6216.13,551.0,3815.79,12,6,2,MORTGAGE,car,1
APP105287,63,28688.58,38.0,11024.63,677.0,6172.36,10,11,4,MORTGAGE,debt_consolidation,1
APP105288,33,32642.17,4.0,4979.66,799.0,18431.77,10,27,3,OWN,debt_consolidation,1
APP105289,35,37035.92,8.0,7662.89,651.0,3061.44,4,9,0,RENT,business,0
APP105290,61,30582.2,30.0,4633.77,729.0,7732.93,12,12,2,RENT,car,1
APP105291,64,35112.57,6.0,9044.0,633.0,10636.74,4,22,0,OWN,business,0
APP105292,37,35248.78,19.0,6122.38,723.0,3603.21,1,8,0,RENT,credit_card,0
APP105293,56,29041.6,37.0,14976.31,637.0,19698.48,12,24,2,OWN,business,1
APP105294,66,24671.47,39.0,9742.84,457.0,25811.64,6,8,2,OWN,home_improvement,1
APP105295,60,62363.59,37.0,8638.24,592.0,11792.56,7,28,1,OWN,home_improvement,1
APP105296,21,12680.2,5.0,28591.78,660.0,11812.61,9,20,1,OWN,debt_consolidation,1
APP105297,53,32765.86,5.0,12456.19,736.0,1232.79,10,29,0,RENT,debt_consolidation,0
APP105298,29,28725.78,7.0,7935.55,637.0,1708.31,1,17,2,MORTGAGE,credit_card,0
APP105299,62,44774.58,30.0,6972.71,652.0,4593.72,5,21,0,OWN,other,0
APP105300,24,17550.78,7.0,4872.18,603.0,2903.86,11,20,0,RENT,credit_card,1
APP105301,69,28285.58,17.0,9513.52,774.0,8108.78,11,5,0,MORTGAGE,business,0
APP105302,29,34503.64,32.0,11903.27,770.0,503.78,9,0,0,MORTGAGE,debt_consolidation,0
APP105303,41,62009.12,19.0,3138.11,595.0,8066.91,6,28,0,RENT,debt_consolidation,0
APP105304,32,42877.07,37.0,4366.03,528.0,4270.16,5,17,1,RENT,debt_consolidation,1
APP105305,60,20095.59,19.0,7261.48,505.0,3186.13,7,3,1,MORTGAGE,credit_card,1
APP105306,40,28460.19,15.0,5120.93,698.0,22590.3,2,18,0,MORTGAGE,home_improvement,1
APP105307,57,,38.0,10157.37,660.0,3841.23,13,8,0,OWN,car,0
APP105308,24,19922.65,21.0,11040.12,587.0,1348.29,2,10,1,OWN,home_improvement,1
APP105309,43,34915.21,7.0,9196.84,671.0,7083.82,7,24,0,MORTGAGE,debt_consolidation,0
APP105310,65,36150.27,25.0,13768.03,551.0,6672.42,11,16,3,MORTGAGE,debt_consolidation,1
APP105311,66,29944.73,30.0,6967.78,713.0,4276.33,3,15,1,RENT,home_improvement,0
APP105312,31,,33.0,9628.25,619.0,32242.27,14,16,0,OWN,car,1
APP105313,40,29543.95,0.0,5420.87,563.0,5814.32,7,7,3,RENT,debt_consolidation,1
APP105314,41,45473.39,4.0,11740.17,620.0,11068.22,2,23,2,MORTGAGE,debt_consolidation,1
APP105315,48,24756.65,25.0,10358.32,617.0,6364.27,0,15,0,RENT,business,1
APP105316,47,47281.48,29.0,4821.69,679.0,13581.36,4,11,2,MORTGAGE,home_improvement,0
APP105317,26,56128.21,26.0,9017.88,743.0,3771.77,4,23,2,MORTGAGE,credit_card,0
APP105318,58,27065.58,15.0,9675.06,739.0,2099.1,0,17,0,RENT,debt_consolidation,0
APP105319,32,35335.7,30.0,11714.79,662.0,9068.76,9,8,1,RENT,debt_consolidation,0
APP105320,36,23210.5,23.0,11978.53,635.0,6244.25,7,23,1,OWN,car,1
APP105321,62,20492.17,37.0,6420.74,604.0,9285.21,1,15,0,RENT,home_improvement,0
APP105322,54,60985.88,14.0,15649.38,508.0,3000.79,12,3,0,RENT,credit_card,1
APP105323,40,27529.12,30.0,13545.82,648.0,7216.69,6,8,2,MORTGAGE,car,0
APP105324,65,10863.83,5.0,6407.68,581.0,1372.76,8,21,1,OWN,car,1
APP105325,40,87787.82,29.0,4985.96,747.0,3348.18,8,11,1,MORTGAGE,debt_consolidation,0
APP105326,48,24317.52,29.0,6708.35,633.0,2796.92,12,21,0,OWN,business,0
APP105327,33,32106.49,10.0,4092.91,709.0,7308.32,3,6,1,OWN,home_improvement,1
APP105328,29,82491.72,2.0,11212.72,611.0,3336.33,0,28,2,MORTGAGE,debt_consolidation,0
APP105329,45,33830.87,39.0,20133.41,595.0,1638.83,3,21,0,MORTGAGE,credit_card,0
APP105330,48,,3.0,23223.68,698.0,3119.43,10,7,1,MORTGAGE,credit_card,1
APP105331,60,19651.59,18.0,5148.16,672.0,7933.03,10,9,0,RENT,car,1
APP105332,40,16035.87,0.0,15868.36,675.0,5458.16,4,9,0,OWN,business,1
APP105333,64,33416.56,16.0,10411.86,642.0,2707.91,14,15,1,MORTGAGE,debt_consolidation,0
APP105334,50,43538.67,32.0,2350.62,713.0,9617.8,10,10,0,RENT,car,0
APP105335,24,42309.32,20.0,8107.64,701.0,17194.17,4,24,2,MORTGAGE,credit_card,1
APP105336,57,28548.78,9.0,7583.96,475.0,10168.63,14,5,0,MORTGAGE,business,1
APP105337,49,36685.21,15.0,20465.4,629.0,775.88,3,4,1,RENT,debt_consolidation,1
APP105338,40,14492.62,3.0,5868.93,731.0,5941.54,0,1,0,MORTGAGE,car,0
APP105339,43,45710.51,23.0,13874.93,568.0,4387.58,14,19,1,MORTGAGE,other,1
APP105340,35,39367.78,0.0,9281.21,514.0,964.3,6,26,1,MORTGAGE,home_improvement,1
APP105341,51,97424.25,13.0,4156.86,638.0,1750.52,12,9,0,MORTGAGE,credit_card,0
APP105342,48,36451.57,2.0,7105.96,691.0,9313.8,12,24,2,MORTGAGE,home_improvement,1
APP105343,42,22667.0,9.0,24809.42,613.0,5701.79,14,14,0,MORTGAGE,debt_consolidation,1
APP105344,34,,,8919.34,753.0,5242.26,11,8,3,MORTGAGE,home_improvement,1
APP105345,40,30825.58,37.0,17043.43,797.0,2921.71,0,21,2,RENT,credit_card,0
APP105346,45,45132.32,30.0,16492.03,495.0,11682.27,8,0,0,MORTGAGE,debt_consolidation,1
APP105347,44,36807.1,37.0,7563.14,619.0,1837.49,14,27,1,MORTGAGE,business,0
APP105348,36,19341.85,27.0,4582.26,467.0,2415.49,11,29,0,MORTGAGE,credit_card,1
APP105349,49,16028.58,19.0,4958.75,702.0,3811.56,12,25,5,MORTGAGE,business,1
APP105350,32,41417.31,6.0,23647.21,595.0,1450.13,11,26,1,MORTGAGE,debt_consolidation,1
APP105351,45,72515.62,38.0,10840.48,611.0,2427.63,4,27,0,RENT,credit_card,0
APP105352,26,37785.24,36.0,3497.16,741.0,11490.28,11,13,2,MORTGAGE,other,0
APP105353,44,54537.77,16.0,16323.75,543.0,2501.31,9,1,0,MORTGAGE,home_improvement,1
APP105354,59,60258.84,9.0,3387.64,523.0,9179.25,8,16,1,MORTGAGE,credit_card,1
APP105355,61,41497.81,15.0,6028.93,467.0,8167.85,2,12,2,RENT,car,1
APP105356,55,24167.26,15.0,10391.84,751.0,4295.19,1,23,2,MORTGAGE,debt_consolidation,0
APP105357,57,40040.79,36.0,44902.62,733.0,1579.48,6,24,1,OWN,car,0
APP105358,24,66405.59,2.0,16148.79,626.0,5170.53,3,24,1,MORTGAGE,debt_consolidation,1
APP105359,37,47332.16,25.0,7409.86,547.0,908.1,9,24,4,OWN,debt_consolidation,1
APP105360,53,52792.41,30.0,10066.7,716.0,3219.17,4,25,3,OWN,other,0
APP105361,60,28817.18,30.0,17185.57,850.0,5970.61,1,12,0,OWN,debt_consolidation,0
APP105362,49,32820.98,7.0,23228.1,631.0,9854.01,0,19,3,OWN,business,1
APP105363,62,34222.42,16.0,8530.61,553.0,4352.91,14,8,1,OWN,credit_card,1
APP105364,34,35395.18,13.0,8680.46,749.0,3021.85,1,18,3,OWN,debt_consolidation,1
APP105365,28,65119.49,16.0,6014.76,559.0,2834.4,13,16,1,MORTGAGE,credit_card,1
APP105366,25,11230.78,3.0,14751.43,620.0,3379.08,8,1,1,OWN,debt_consolidation,1
APP105367,49,36874.26,3.0,18316.97,,8097.47,13,22,1,MORTGAGE,debt_consolidation,1
APP105368,53,34900.34,0.0,3092.67,625.0,6503.35,13,20,0,MORTGAGE,credit_card,0
APP105369,34,,38.0,7800.29,547.0,4828.96,1,20,1,RENT,credit_card,1
APP105370,59,50811.79,16.0,4778.74,750.0,8135.79,8,6,2,OWN,home_improvement,0
APP105371,57,25279.52,9.0,10835.08,571.0,4916.87,10,7,1,RENT,credit_card,1
APP105372,38,30378.3,31.0,4709.01,712.0,1689.4,9,1,0,OWN,debt_consolidation,0
APP105373,32,91527.15,19.0,4482.41,641.0,2021.79,13,0,0,RENT,credit_card,0
APP105374,57,60173.47,14.0,19421.03,660.0,7953.3,2,21,2,RENT,credit_card,1
APP105375,53,48399.44,4.0,8961.06,691.0,1637.31,2,26,1,RENT,car,0
APP105376,29,,15.0,9547.71,645.0,3623.59,12,11,1,OWN,debt_consolidation,0
APP105377,33,33445.08,25.0,12823.2,598.0,4485.82,9,13,2,MORTGAGE,debt_consolidation,1
APP105378,44,98685.04,24.0,17720.75,585.0,2150.19,13,11,1,OWN,credit_card,1
APP105379,46,54235.11,15.0,7698.99,690.0,1294.41,3,24,2,MORTGAGE,home_improvement,1
APP105380,29,24964.87,24.0,7802.59,497.0,1920.2,0,25,3,RENT,debt_consolidation,1
APP105381,67,18032.82,30.0,7822.5,784.0,1155.42,10,26,2,MORTGAGE,debt_consolidation,0
APP105382,40,48214.69,37.0,18937.61,660.0,8016.88,11,2,2,MORTGAGE,business,1
APP105383,39,,21.0,9500.68,623.0,6754.6,9,28,0,MORTGAGE,debt_consolidation,0
APP105384,23,17774.69,9.0,8311.05,671.0,2676.59,0,0,0,MORTGAGE,home_improvement,0
APP105385,63,44994.39,5.0,12513.18,602.0,1646.02,13,10,0,OWN,car,1
APP105386,32,31744.87,6.0,29695.55,635.0,12494.39,3,8,0,RENT,home_improvement,1
APP105387,69,47350.49,0.0,10348.22,559.0,6990.29,7,19,1,RENT,credit_card,1
APP105388,45,45291.29,22.0,8419.72,680.0,2990.42,0,7,3,RENT,car,1
APP105389,63,26792.25,8.0,31754.8,643.0,12704.32,11,17,1,MORTGAGE,credit_card,0
APP105390,29,49832.49,9.0,21979.84,664.0,5486.71,12,26,0,OWN,debt_consolidation,0
APP105391,29,28312.18,28.0,20148.7,768.0,6338.59,2,4,4,MORTGAGE,debt_consolidation,0
APP105392,60,29247.78,12.0,7328.95,585.0,2135.43,1,26,1,MORTGAGE,business,1
APP105393,61,27829.85,33.0,6905.71,639.0,1461.19,9,13,0,RENT,car,0
APP105394,47,63926.37,5.0,3292.85,517.0,1399.6,8,17,0,OWN,business,1
APP105395,22,31562.15,13.0,17658.1,694.0,26014.95,13,12,1,MORTGAGE,debt_consolidation,1
APP105396,67,72129.73,2.0,10365.09,648.0,2534.98,4,5,1,RENT,debt_consolidation,0
APP105397,40,88587.18,21.0,3359.23,651.0,5177.82,10,5,1,OWN,home_improvement,0
APP105398,66,25100.43,4.0,20355.54,637.0,7098.87,12,1,4,RENT,business,1
APP105399,63,8429.58,9.0,8083.57,603.0,4833.57,13,11,0,MORTGAGE,business,1
APP105400,62,61221.56,29.0,8704.12,849.0,4344.21,1,2,0,MORTGAGE,credit_card,0
APP105401,54,30607.92,35.0,3992.68,653.0,4267.4,9,13,0,OWN,business,0
APP105402,53,23550.61,21.0,13297.34,673.0,7215.28,5,14,0,RENT,credit_card,1
APP105403,47,27055.37,38.0,13373.92,558.0,2139.14,8,23,1,OWN,debt_consolidation,1
APP105404,22,29513.21,30.0,9616.23,720.0,3454.97,10,21,2,RENT,debt_consolidation,0
APP105405,40,69466.27,30.0,7700.63,640.0,778.22,13,25,0,MORTGAGE,home_improvement,0
APP105406,56,39338.37,39.0,47852.59,685.0,1107.17,7,0,1,OWN,debt_consolidation,0
APP105407,60,68995.69,3.0,4807.73,722.0,1739.86,4,21,1,MORTGAGE,home_improvement,0
APP105408,48,46495.46,9.0,6419.77,641.0,9730.28,2,8,2,RENT,debt_consolidation,1
APP105409,55,31113.11,17.0,15137.86,595.0,3951.45,11,24,0,MORTGAGE,debt_consolidation,1
APP105410,22,29876.32,24.0,5384.8,463.0,8586.32,5,27,1,RENT,business,1
APP105411,43,48088.79,39.0,5151.67,619.0,6686.92,10,2,1,RENT,business,0
APP105412,45,54732.49,3.0,19514.46,595.0,6051.59,4,15,1,RENT,home_improvement,1
APP105413,64,59778.2,9.0,14230.1,558.0,2309.37,12,16,1,OWN,debt_consolidation,1
APP105414,36,31863.96,11.0,13233.18,766.0,5218.42,10,8,1,MORTGAGE,business,0
APP105415,32,39640.35,26.0,11037.95,728.0,6024.47,7,7,1,RENT,debt_consolidation,0
APP105416,38,48631.18,38.0,6533.56,503.0,28582.31,14,4,3,MORTGAGE,debt_consolidation,1
APP105417,29,29971.96,37.0,8504.9,662.0,3726.37,7,12,1,OWN,credit_card,0
APP105418,48,20589.37,29.0,9438.53,584.0,8828.81,8,21,2,OWN,debt_consolidation,1
APP105419,52,24266.8,30.0,16444.23,679.0,4451.06,0,21,3,RENT,car,1
APP105420,60,32192.29,16.0,12778.44,586.0,2802.31,9,23,2,OWN,credit_card,1
APP105421,68,50569.48,24.0,5671.98,606.0,9853.95,13,28,0,MORTGAGE,home_improvement,1
APP105422,24,68151.52,6.0,15894.45,727.0,22320.65,8,19,0,MORTGAGE,other,1
APP105423,33,18434.45,20.0,3615.18,715.0,6060.84,5,10,0,RENT,credit_card,0
APP105424,35,26938.92,11.0,8166.1,770.0,2845.72,9,8,1,MORTGAGE,credit_card,0
APP105425,33,30365.69,37.0,4987.9,632.0,7143.75,8,17,1,RENT,home_improvement,0
APP105426,61,54033.45,14.0,5917.91,533.0,6145.9,3,13,1,OWN,home_improvement,1
APP105427,27,27887.8,15.0,31443.63,723.0,28946.46,2,3,2,RENT,home_improvement,1
APP105428,22,29293.88,16.0,4095.3,724.0,8899.37,13,11,1,OWN,debt_consolidation,0
APP105429,63,17925.93,36.0,6054.05,700.0,2328.85,9,20,2,MORTGAGE,debt_consolidation,0
APP105430,68,46244.77,37.0,13443.37,590.0,13626.27,13,5,3,RENT,business,1
APP105431,32,33499.99,17.0,7465.13,564.0,9138.83,5,7,1,MORTGAGE,debt_consolidation,0
APP105432,37,26185.93,39.0,10865.36,692.0,10387.07,14,8,2,MORTGAGE,debt_consolidation,1
APP105433,45,31896.24,30.0,23335.47,579.0,7015.76,8,14,2,RENT,home_improvement,1
APP105434,46,63799.32,33.0,14658.52,625.0,11010.89,12,24,5,RENT,debt_consolidation,1
APP105435,69,21972.71,36.0,7471.05,850.0,6991.84,11,9,2,MORTGAGE,other,0
APP105436,40,23841.19,13.0,9134.09,820.0,4009.81,13,3,3,RENT,home_improvement,0
APP105437,21,67922.74,22.0,13607.33,713.0,5471.87,9,1,0,MORTGAGE,other,0
APP105438,41,37717.8,11.0,14486.81,597.0,4479.38,11,18,1,RENT,car,0
APP105439,48,50760.67,12.0,10021.14,592.0,6458.22,0,22,1,RENT,credit_card,1
APP105440,46,44394.73,18.0,12287.84,707.0,5237.26,8,2,1,MORTGAGE,home_improvement,0
APP105441,46,35679.54,2.0,12295.02,769.0,3821.26,12,18,1,RENT,credit_card,0
APP105442,66,30511.24,8.0,9364.34,609.0,4250.17,12,27,1,OWN,debt_consolidation,1
APP105443,60,55037.99,32.0,6883.33,613.0,4900.64,8,24,1,RENT,credit_card,0
APP105444,33,64936.7,6.0,15452.98,657.0,1182.2,14,28,0,RENT,business,0
APP105445,38,,24.0,11790.83,538.0,11153.91,3,28,4,MORTGAGE,debt_consolidation,0
APP105446,53,20075.68,30.0,2839.58,541.0,6492.11,11,23,1,MORTGAGE,business,1
APP105447,41,69734.85,10.0,6029.98,555.0,3013.35,4,12,0,RENT,debt_consolidation,1
APP105448,41,30364.59,18.0,7417.5,693.0,7886.88,3,20,1,OWN,debt_consolidation,0
APP105449,29,24896.57,35.0,8772.01,671.0,3273.16,12,22,1,OWN,other,0
APP105450,33,33367.45,33.0,20381.17,740.0,3273.08,12,22,0,RENT,debt_consolidation,0
APP105451,57,55026.17,36.0,67602.18,511.0,6632.32,14,9,2,OWN,other,1
APP105452,62,47583.06,25.0,2263.59,528.0,15436.63,6,13,0,RENT,home_improvement,1
APP105453,59,31962.12,35.0,11880.38,686.0,6148.11,12,12,2,MORTGAGE,business,0
APP105454,36,55206.33,15.0,10319.1,580.0,2642.02,11,24,3,OWN,home_improvement,1
APP105455,27,38945.96,24.0,8881.33,586.0,3709.12,13,25,2,OWN,debt_consolidation,0
APP105456,28,27269.23,26.0,13708.4,731.0,9693.76,4,28,2,RENT,car,0
APP105457,40,25488.49,39.0,10827.81,605.0,6791.48,7,26,2,OWN,car,0
APP105458,46,44583.42,14.0,7967.61,615.0,10589.07,10,3,1,OWN,debt_consolidation,0
APP105459,64,34847.66,34.0,10072.31,629.0,6732.93,6,11,0,RENT,debt_consolidation,1
APP105460,65,18255.97,20.0,13820.94,634.0,9105.79,14,12,1,RENT,credit_card,0
APP105461,21,,4.0,13054.43,704.0,24597.42,12,24,0,RENT,debt_consolidation,0
APP105462,55,28562.86,26.0,11083.13,553.0,1665.94,0,0,0,MORTGAGE,debt_consolidation,0
APP105463,35,80503.81,39.0,6973.91,634.0,33715.57,5,22,0,MORTGAGE,car,0
APP105464,30,18006.8,18.0,53717.05,742.0,10396.17,8,26,1,RENT,car,0
APP105465,48,33178.11,21.0,12279.76,820.0,40133.94,10,5,0,OWN,credit_card,0
APP105466,22,25591.39,,15638.29,541.0,2238.14,8,10,0,OWN,credit_card,0
APP105467,37,22298.81,36.0,7297.73,676.0,6673.91,9,18,1,RENT,credit_card,0
APP105468,48,28469.96,16.0,11089.39,634.0,5583.11,8,17,1,RENT,debt_consolidation,1
APP105469,34,88016.87,30.0,11036.52,642.0,9964.98,2,14,4,RENT,home_improvement,1
APP105470,50,39014.36,25.0,3142.68,,7156.7,5,8,1,MORTGAGE,credit_card,1
APP105471,43,24444.14,25.0,6438.2,710.0,6543.24,4,1,2,RENT,debt_consolidation,0
APP105472,60,14554.94,28.0,6367.19,706.0,9164.91,5,7,4,OWN,debt_consolidation,1
APP105473,29,15356.88,13.0,6903.1,850.0,4512.26,3,16,1,OWN,credit_card,0
APP105474,23,27771.58,12.0,5208.76,544.0,3253.01,14,6,1,MORTGAGE,other,1
APP105475,46,26453.82,1.0,10161.02,510.0,7062.82,1,29,0,RENT,business,0
APP105476,33,32466.84,34.0,22889.08,814.0,3247.86,4,5,2,MORTGAGE,debt_consolidation,0
APP105477,55,11659.87,,10703.15,645.0,4445.18,6,23,1,MORTGAGE,credit_card,1
APP105478,25,34688.35,26.0,4871.89,613.0,1551.71,9,9,0,OWN,credit_card,0
APP105479,49,60710.07,27.0,5331.87,665.0,5139.65,2,6,0,RENT,credit_card,1
APP105480,69,81749.96,28.0,7893.3,538.0,2338.08,10,6,0,MORTGAGE,debt_consolidation,1
APP105481,25,14083.75,34.0,4232.87,680.0,4786.8,1,6,1,RENT,car,0
APP105482,35,24326.06,34.0,11880.74,643.0,2061.48,0,28,1,MORTGAGE,credit_card,0
APP105483,62,23691.77,0.0,22289.24,735.0,4839.34,3,9,2,RENT,car,0
APP105484,47,39060.25,33.0,7005.55,,10094.69,3,9,1,RENT,debt_consolidation,1
APP105485,29,19734.3,8.0,10359.72,725.0,3051.31,9,0,2,MORTGAGE,business,1
APP105486,31,84215.28,25.0,7651.24,665.0,2329.4,12,9,0,MORTGAGE,car,0
APP105487,58,37114.43,26.0,6783.33,778.0,9184.87,12,2,3,MORTGAGE,credit_card,1
APP105488,63,34146.89,2.0,11089.41,696.0,10204.88,2,5,3,MORTGAGE,car,1
APP105489,38,80527.73,11.0,6647.64,,6899.04,6,21,0,MORTGAGE,home_improvement,0
APP105490,44,36025.28,36.0,6093.39,585.0,3386.79,2,18,3,RENT,debt_consolidation,1
APP105491,59,44362.58,5.0,3745.93,594.0,2969.8,9,16,2,MORTGAGE,credit_card,1
APP105492,29,24949.3,,10288.2,697.0,3769.93,3,6,2,MORTGAGE,home_improvement,0
APP105493,31,18301.7,3.0,18773.58,543.0,4687.57,9,20,1,OWN,credit_card,1
APP105494,58,26764.17,6.0,15129.25,662.0,1236.03,11,4,1,RENT,debt_consolidation,1
APP105495,30,108389.65,25.0,24226.35,583.0,2238.32,9,21,3,OWN,business,1
APP105496,58,49836.88,33.0,6603.07,549.0,13369.03,0,21,1,MORTGAGE,business,1
APP105497,45,,23.0,16489.61,562.0,5801.91,14,2,3,RENT,home_improvement,1
APP105498,69,22288.21,11.0,5107.27,648.0,13115.95,6,18,3,OWN,home_improvement,1
APP105499,22,57275.34,34.0,15146.96,711.0,11076.06,9,28,4,RENT,car,0
APP105500,67,18419.28,14.0,26542.76,595.0,3827.77,10,18,0,RENT,debt_consolidation,1
APP105501,32,16588.61,12.0,13346.76,483.0,3874.3,8,29,0,MORTGAGE,debt_consolidation,1
APP105502,22,27461.94,20.0,26824.93,850.0,10649.31,14,25,1,MORTGAGE,debt_consolidation,0
APP105503,56,96494.9,5.0,6910.25,739.0,9017.47,13,1,2,RENT,debt_consolidation,1
APP105504,47,93802.53,14.0,9131.28,724.0,10828.45,9,27,1,RENT,debt_consolidation,0
APP105505,62,28980.59,31.0,5713.52,780.0,4861.87,9,2,1,OWN,debt_consolidation,0
APP105506,26,25923.38,24.0,10105.89,657.0,5508.59,5,6,2,OWN,credit_card,0
APP105507,24,15991.6,39.0,11635.36,639.0,4006.01,6,24,1,OWN,debt_consolidation,0
APP105508,48,37760.37,31.0,10052.95,758.0,4708.97,0,14,1,RENT,car,0
APP105509,64,39379.73,14.0,7446.63,757.0,2839.79,11,18,2,MORTGAGE,other,0
APP105510,40,53894.2,30.0,7372.93,699.0,4629.35,1,8,1,MORTGAGE,debt_consolidation,0
APP105511,60,57259.78,34.0,12174.54,720.0,4324.24,3,29,0,OWN,debt_consolidation,0
APP105512,65,32902.01,25.0,8995.03,550.0,3405.03,8,2,4,MORTGAGE,debt_consolidation,1
APP105513,63,47954.79,30.0,4958.8,629.0,9254.99,10,7,0,MORTGAGE,debt_consolidation,1
APP105514,45,25582.93,20.0,3170.45,786.0,1590.51,0,25,2,OWN,credit_card,0
APP105515,55,47501.72,36.0,6923.71,714.0,6437.85,11,23,2,MORTGAGE,car,0
APP105516,46,28180.46,9.0,4318.39,533.0,2351.12,2,8,0,OWN,credit_card,0
APP105517,54,45694.32,16.0,5994.86,607.0,2494.19,9,15,1,RENT,car,1
APP105518,48,43881.61,10.0,7677.25,773.0,2671.21,11,1,0,OWN,business,0
APP105519,46,37586.56,4.0,9066.49,686.0,7162.91,2,16,2,RENT,debt_consolidation,1
APP105520,42,54028.66,24.0,6636.88,664.0,807.46,5,25,1,RENT,home_improvement,0
APP105521,52,16560.91,4.0,36854.05,666.0,5624.91,7,6,0,OWN,debt_consolidation,1
APP105522,57,21323.01,9.0,4644.03,643.0,5096.77,8,28,0,MORTGAGE,home_improvement,0
APP105523,66,31728.49,30.0,20445.69,608.0,2261.7,12,18,1,MORTGAGE,debt_consolidation,0
APP105524,51,17647.83,9.0,8977.34,583.0,5686.04,14,1,2,MORTGAGE,debt_consolidation,1
APP105525,25,29630.74,34.0,6670.73,730.0,1861.99,6,12,0,MORTGAGE,debt_consolidation,0
APP105526,49,,1.0,14080.49,669.0,4745.67,8,5,0,RENT,car,0
APP105527,36,69901.47,18.0,7542.23,706.0,1806.61,13,6,1,MORTGAGE,credit_card,0
APP105528,22,38998.05,2.0,6098.64,693.0,25343.26,9,2,1,OWN,business,1
APP105529,24,60761.69,2.0,28966.23,762.0,9790.08,0,25,1,MORTGAGE,debt_consolidation,0
APP105530,49,42227.94,31.0,2652.68,686.0,5985.97,4,20,1,RENT,debt_consolidation,0
APP105531,67,27782.63,2.0,8544.78,715.0,2288.97,9,6,3,OWN,debt_consolidation,1
APP105532,45,38826.5,35.0,11092.71,663.0,3942.52,14,2,1,OWN,business,0
APP105533,42,52297.99,23.0,23036.0,574.0,4075.08,3,9,1,OWN,car,1
APP105534,25,65953.2,19.0,7792.69,631.0,5964.14,3,8,1,RENT,debt_consolidation,0
APP105535,54,33990.79,36.0,48854.86,697.0,6760.42,9,2,2,RENT,car,1
APP105536,23,15934.55,15.0,15606.95,704.0,5883.46,1,3,0,OWN,car,0
APP105537,62,15384.24,15.0,2391.38,766.0,6462.98,14,20,2,MORTGAGE,debt_consolidation,0
APP105538,61,30846.97,16.0,4137.27,613.0,4290.33,13,22,0,RENT,debt_consolidation,1
APP105539,69,11282.96,26.0,11409.03,668.0,6463.78,8,8,2,RENT,home_improvement,1
APP105540,34,89103.35,33.0,4982.47,639.0,2950.27,5,11,0,MORTGAGE,debt_consolidation,1
APP105541,28,48945.69,21.0,13748.71,779.0,2098.97,6,28,0,RENT,debt_consolidation,0
APP105542,35,26427.66,11.0,7538.38,680.0,21553.74,8,10,1,OWN,car,1
APP105543,60,20851.4,35.0,4828.95,681.0,6855.49,12,22,0,RENT,car,0
APP105544,31,60721.89,23.0,5548.3,647.0,20845.0,10,25,0,OWN,debt_consolidation,0
APP105545,64,20809.84,33.0,16500.54,631.0,3945.01,6,27,1,MORTGAGE,debt_consolidation,1
APP105546,28,21826.64,17.0,2940.19,534.0,33812.08,9,29,2,MORTGAGE,debt_consolidation,1
APP105547,23,24761.05,7.0,18530.34,549.0,5237.94,8,5,1,MORTGAGE,home_improvement,1
APP105548,31,38447.3,37.0,18858.56,664.0,12292.79,1,28,1,MORTGAGE,debt_consolidation,0
APP105549,57,49533.21,27.0,8112.46,654.0,5045.65,4,19,2,RENT,debt_consolidation,0
APP105550,50,65929.16,12.0,4261.32,664.0,5607.94,3,7,2,MORTGAGE,credit_card,1
APP105551,38,61235.7,,13815.11,725.0,4482.07,8,26,2,OWN,debt_consolidation,0
APP105552,53,36329.55,0.0,7392.23,657.0,3313.49,14,11,0,OWN,home_improvement,1
APP105553,52,60491.67,37.0,3987.54,622.0,10766.49,10,28,2,OWN,debt_consolidation,0
APP105554,48,25964.88,23.0,31116.21,633.0,4880.05,9,13,0,RENT,home_improvement,0
APP105555,46,14611.54,23.0,5821.73,669.0,9550.51,7,19,0,OWN,debt_consolidation,0
APP105556,25,25963.17,0.0,4091.67,619.0,10127.76,5,14,2,OWN,debt_consolidation,1
APP105557,33,24266.93,7.0,11743.21,735.0,15236.83,3,28,0,RENT,credit_card,0
APP105558,46,26476.33,28.0,9502.32,649.0,6883.88,13,14,3,RENT,car,0
APP105559,27,22478.46,22.0,24142.11,670.0,1467.36,0,4,2,MORTGAGE,debt_consolidation,1
APP105560,44,28837.88,5.0,7876.89,,3804.1,13,26,1,MORTGAGE,debt_consolidation,1
APP105561,26,49513.89,26.0,7926.97,735.0,4816.67,3,1,1,MORTGAGE,credit_card,0
APP105562,59,85616.09,29.0,12102.13,765.0,4963.83,12,22,1,MORTGAGE,home_improvement,0
APP105563,26,15326.32,10.0,11155.75,540.0,14111.09,12,13,2,RENT,home_improvement,1
APP105564,25,19074.98,27.0,11361.92,682.0,12197.44,13,20,3,RENT,home_improvement,0
APP105565,52,24447.34,38.0,11651.28,641.0,4376.78,14,9,1,MORTGAGE,home_improvement,0
APP105566,31,53256.28,19.0,10924.57,672.0,34340.33,7,6,2,OWN,debt_consolidation,1
APP105567,38,32778.44,9.0,7708.74,686.0,3717.97,8,27,2,OWN,credit_card,0
APP105568,36,25284.46,38.0,16311.19,471.0,3967.32,0,5,2,MORTGAGE,debt_consolidation,1
APP105569,31,,36.0,7974.96,710.0,2051.0,12,0,2,OWN,credit_card,1
APP105570,58,58582.72,18.0,16036.3,738.0,1411.87,8,12,0,RENT,debt_consolidation,0
APP105571,54,35976.46,17.0,22757.66,747.0,1912.07,0,9,2,MORTGAGE,home_improvement,0
APP105572,32,24146.4,33.0,6591.1,574.0,11057.19,5,17,3,OWN,car,1
APP105573,54,41570.24,0.0,41885.29,647.0,8894.62,12,10,2,OWN,business,1
APP105574,55,32317.56,12.0,6453.85,606.0,2423.96,5,10,2,OWN,business,1
APP105575,47,32192.65,21.0,6481.89,496.0,5323.59,4,21,2,MORTGAGE,debt_consolidation,1
APP105576,49,28107.73,26.0,13684.16,600.0,9369.13,4,23,1,MORTGAGE,credit_card,1
APP105577,66,57669.96,25.0,12899.42,563.0,966.13,2,0,1,MORTGAGE,debt_consolidation,0
APP105578,43,41148.39,14.0,10332.91,,20287.68,8,5,4,MORTGAGE,credit_card,1
APP105579,39,60952.52,34.0,16170.61,519.0,11407.54,4,25,3,RENT,credit_card,1
APP105580,47,70838.87,25.0,11516.98,571.0,9399.5,8,26,1,MORTGAGE,car,0
APP105581,61,45683.41,21.0,34181.68,608.0,12857.27,7,28,0,MORTGAGE,debt_consolidation,0
APP105582,55,28191.1,37.0,9586.06,711.0,959.84,9,10,2,OWN,credit_card,0
APP105583,24,61093.64,3.0,5927.18,850.0,4126.32,8,14,2,RENT,business,0
APP105584,43,45836.33,28.0,7107.99,674.0,13449.48,0,4,2,MORTGAGE,home_improvement,0
APP105585,57,133476.92,37.0,13131.83,567.0,4887.21,0,3,1,OWN,home_improvement,0
APP105586,31,42406.27,26.0,13247.59,595.0,8902.98,4,17,2,MORTGAGE,credit_card,1
APP105587,69,51474.61,22.0,11202.43,702.0,15654.91,5,1,2,MORTGAGE,credit_card,1
APP105588,60,41991.06,14.0,5944.95,542.0,8629.13,6,4,1,OWN,credit_card,1
APP105589,62,34559.95,10.0,19248.51,737.0,3999.13,10,7,1,RENT,debt_consolidation,1
APP105590,25,31907.75,21.0,31640.54,671.0,7789.76,14,1,3,MORTGAGE,home_improvement,1
APP105591,49,42071.34,35.0,10072.21,639.0,1291.04,11,4,2,MORTGAGE,business,0
APP105592,46,47126.36,,29329.91,515.0,7275.6,5,0,3,MORTGAGE,other,1
APP105593,51,64679.14,4.0,16643.14,723.0,8952.68,3,15,4,RENT,debt_consolidation,1
APP105594,62,42379.72,19.0,37466.87,589.0,5545.6,5,17,2,RENT,debt_consolidation,1
APP105595,38,28812.24,3.0,13142.24,662.0,12446.86,3,12,0,MORTGAGE,car,1
APP105596,47,30840.16,37.0,10742.49,637.0,6141.98,8,11,1,MORTGAGE,home_improvement,1
APP105597,54,18742.17,21.0,16406.63,523.0,5527.9,10,5,2,MORTGAGE,business,1
APP105598,57,83333.58,8.0,7630.04,631.0,21287.25,3,25,4,OWN,credit_card,1
APP105599,58,27706.25,24.0,12635.56,553.0,2284.1,9,24,2,RENT,home_improvement,1
APP105600,37,58907.3,21.0,21991.91,597.0,14968.56,5,12,1,OWN,business,1
APP105601,69,41700.79,20.0,16182.83,684.0,14049.91,7,18,2,OWN,home_improvement,1
APP105602,21,42271.4,23.0,9714.99,706.0,9664.71,3,28,1,RENT,debt_consolidation,0
APP105603,45,34244.32,37.0,11161.76,648.0,3555.99,8,18,1,MORTGAGE,car,1
APP105604,50,24491.97,34.0,15593.45,579.0,6464.99,1,15,0,MORTGAGE,debt_consolidation,1
APP105605,24,22375.73,10.0,15285.62,598.0,2582.64,7,20,1,RENT,debt_consolidation,0
APP105606,43,86183.39,9.0,15522.39,596.0,3134.76,6,24,2,MORTGAGE,credit_card,1
APP105607,50,38444.87,39.0,12132.74,479.0,5459.73,6,25,1,MORTGAGE,credit_card,1
APP105608,50,63744.23,25.0,6034.65,655.0,2423.83,13,5,3,RENT,home_improvement,0
APP105609,26,,0.0,6640.27,516.0,4077.89,11,20,1,MORTGAGE,car,1
APP105610,34,29571.8,21.0,13052.04,656.0,2035.3,8,26,4,MORTGAGE,home_improvement,1
APP105611,32,44880.24,4.0,16299.27,533.0,8286.14,13,3,1,OWN,car,1
APP105612,52,37142.06,1.0,15080.56,553.0,18176.57,9,29,0,RENT,other,1
APP105613,37,20361.34,7.0,6600.3,703.0,28496.46,9,11,3,MORTGAGE,debt_consolidation,1
APP105614,49,33099.06,10.0,9038.96,651.0,2149.92,7,26,0,MORTGAGE,business,0
APP105615,56,,3.0,4892.37,499.0,2474.37,4,15,1,MORTGAGE,home_improvement,1
APP105616,60,,33.0,4294.72,605.0,4722.16,4,14,1,MORTGAGE,credit_card,1
APP105617,30,30871.18,17.0,10393.0,670.0,9488.84,14,5,0,MORTGAGE,debt_consolidation,0
APP105618,65,33300.13,22.0,22356.98,600.0,4566.04,10,23,1,RENT,other,1
APP105619,29,104377.0,34.0,10507.9,622.0,11638.08,1,28,1,RENT,home_improvement,0
APP105620,22,14515.55,33.0,31097.45,669.0,8241.12,3,28,0,OWN,home_improvement,0
APP105621,23,46668.36,32.0,8969.07,653.0,1308.9,14,7,0,RENT,debt_consolidation,1
APP105622,30,31994.86,7.0,10084.25,570.0,5628.21,3,19,1,MORTGAGE,car,1
APP105623,63,,29.0,5461.05,651.0,1998.08,8,23,1,MORTGAGE,credit_card,1
APP105624,31,31604.73,,8035.73,627.0,3425.18,5,28,2,RENT,debt_consolidation,0
APP105625,54,50700.35,0.0,4846.62,787.0,3871.4,10,28,3,MORTGAGE,debt_consolidation,0
APP105626,41,52169.94,34.0,3915.89,641.0,9738.04,12,18,1,RENT,other,1
APP105627,22,39855.22,34.0,4896.33,660.0,5255.79,6,8,0,MORTGAGE,debt_consolidation,0
APP105628,42,62715.92,,10416.69,670.0,3705.98,0,5,0,RENT,business,0
APP105629,22,68488.18,15.0,6361.22,624.0,28772.57,5,13,2,MORTGAGE,debt_consolidation,1
APP105630,44,54621.78,7.0,7332.53,592.0,2631.55,0,19,3,OWN,home_improvement,1
APP105631,48,27636.81,29.0,12656.45,686.0,6770.34,3,7,1,MORTGAGE,debt_consolidation,1
APP105632,46,46500.61,24.0,3907.77,687.0,9169.61,5,18,1,RENT,credit_card,0
APP105633,34,46611.4,29.0,10390.23,816.0,6148.34,1,24,2,OWN,debt_consolidation,0
APP105634,58,24153.49,10.0,16462.58,,2619.33,0,16,0,RENT,car,1
APP105635,50,16568.86,7.0,17339.38,710.0,2514.52,4,23,1,RENT,debt_consolidation,0
APP105636,33,13208.45,36.0,13493.19,707.0,8826.41,0,9,1,MORTGAGE,car,0
APP105637,42,37606.33,20.0,9592.06,594.0,12395.9,3,26,1,MORTGAGE,business,0
APP105638,26,42151.26,34.0,6807.34,549.0,5151.13,1,29,1,OWN,credit_card,1
APP105639,66,20112.75,37.0,9419.95,569.0,1872.09,8,1,1,OWN,other,1
APP105640,57,61268.2,18.0,26690.9,705.0,5415.05,11,8,1,OWN,home_improvement,0
APP105641,35,39187.34,10.0,11659.07,763.0,18044.48,12,22,2,MORTGAGE,debt_consolidation,1
APP105642,54,,35.0,9282.36,708.0,2401.43,9,22,1,OWN,credit_card,0
APP105643,54,43707.19,28.0,13880.16,636.0,4165.41,1,17,0,MORTGAGE,debt_consolidation,1
APP105644,50,21307.9,26.0,10196.85,784.0,5625.34,1,16,0,RENT,car,0
APP105645,23,45667.43,38.0,11333.02,614.0,12825.83,11,12,3,MORTGAGE,car,1
APP105646,64,50769.72,9.0,8535.33,558.0,3515.53,11,17,0,MORTGAGE,debt_consolidation,0
APP105647,67,27617.04,14.0,7715.89,670.0,7910.31,4,26,2,MORTGAGE,debt_consolidation,0
APP105648,68,17658.16,1.0,17990.52,753.0,16340.62,14,1,2,RENT,debt_consolidation,1
APP105649,69,38183.09,15.0,3071.1,582.0,1641.2,9,26,2,MORTGAGE,home_improvement,0
APP105650,66,22017.17,17.0,13189.3,513.0,1881.25,6,2,0,RENT,home_improvement,1
APP105651,57,63604.78,18.0,7434.96,653.0,4981.83,9,20,3,RENT,debt_consolidation,1
APP105652,23,29626.12,6.0,3155.41,711.0,11764.11,0,10,2,MORTGAGE,home_improvement,1
APP105653,43,86017.03,32.0,5515.04,412.0,7007.78,11,5,1,RENT,credit_card,1
APP105654,33,12555.58,19.0,9685.38,728.0,12635.73,3,0,0,RENT,home_improvement,1
APP105655,31,38847.45,17.0,10518.46,540.0,1375.74,0,7,1,RENT,car,1
APP105656,61,74213.13,34.0,15428.98,707.0,7080.93,9,0,1,MORTGAGE,debt_consolidation,1
APP105657,60,23268.31,19.0,16071.63,490.0,550.61,0,4,1,RENT,home_improvement,1
APP105658,46,33536.83,35.0,3912.65,532.0,15522.17,0,11,1,RENT,home_improvement,1
APP105659,57,29687.52,8.0,12413.03,699.0,13898.91,2,7,1,OWN,credit_card,1
APP105660,27,25799.65,34.0,15323.25,747.0,4128.55,14,13,2,OWN,credit_card,0
APP105661,31,41040.36,39.0,11286.4,649.0,846.19,14,23,1,MORTGAGE,other,0
APP105662,63,19001.8,30.0,13379.31,841.0,4542.88,6,0,1,MORTGAGE,debt_consolidation,0
APP105663,43,34355.44,35.0,3104.13,568.0,13115.76,5,10,0,RENT,home_improvement,0
APP105664,47,47004.43,29.0,5463.64,567.0,7476.2,6,11,1,OWN,business,1
APP105665,43,32612.57,24.0,22463.08,625.0,23565.27,9,8,1,MORTGAGE,business,1
APP105666,30,22024.22,30.0,8368.04,622.0,4235.14,8,16,2,RENT,car,1
APP105667,61,60784.66,38.0,37566.29,672.0,27238.65,4,7,2,MORTGAGE,credit_card,1
APP105668,58,52319.71,24.0,4596.02,590.0,1064.47,3,6,3,MORTGAGE,debt_consolidation,1
APP105669,54,21577.5,27.0,25292.5,695.0,2923.43,7,1,2,MORTGAGE,home_improvement,0
APP105670,38,19014.29,3.0,6860.78,693.0,1903.49,4,21,0,OWN,car,1
APP105671,52,22562.35,38.0,16605.04,779.0,9668.41,6,10,2,OWN,credit_card,1
APP105672,67,47697.61,31.0,8289.71,610.0,2035.34,0,24,0,MORTGAGE,credit_card,0
APP105673,52,41680.41,6.0,10608.46,676.0,12003.25,2,2,0,OWN,debt_consolidation,0
APP105674,45,,11.0,14147.96,698.0,9288.26,14,6,0,OWN,debt_consolidation,1
APP105675,34,30851.01,9.0,6849.89,649.0,6195.91,5,16,2,MORTGAGE,car,1
APP105676,46,22871.18,12.0,16005.12,633.0,4897.53,6,25,2,RENT,debt_consolidation,0
APP105677,39,57493.27,35.0,8437.79,484.0,2308.31,2,5,0,MORTGAGE,home_improvement,1
APP105678,50,27536.72,18.0,11012.98,656.0,8666.18,13,9,0,OWN,credit_card,0
APP105679,23,39865.8,16.0,2024.13,697.0,3561.88,4,8,0,MORTGAGE,credit_card,0
APP105680,30,16731.32,31.0,8083.65,645.0,9861.48,4,0,1,RENT,home_improvement,1
APP105681,59,27312.36,14.0,21123.16,587.0,17679.73,6,14,1,RENT,car,1
APP105682,39,60156.1,35.0,15015.02,515.0,4164.99,12,20,1,RENT,credit_card,1
APP105683,42,25383.71,30.0,16846.99,686.0,15336.1,11,11,1,MORTGAGE,debt_consolidation,1
APP105684,47,54570.67,10.0,10218.86,652.0,6207.46,2,20,2,MORTGAGE,credit_card,1
APP105685,42,11321.85,25.0,27058.72,761.0,8594.93,2,9,2,RENT,car,0
APP105686,58,27455.02,19.0,11767.11,534.0,1851.65,3,16,1,OWN,debt_consolidation,1
APP105687,33,33333.65,13.0,6660.43,612.0,3078.17,2,28,2,RENT,debt_consolidation,1
APP105688,58,86792.04,36.0,16532.52,544.0,3051.51,7,4,1,MORTGAGE,debt_consolidation,1
APP105689,31,20241.06,15.0,17215.39,732.0,15649.8,3,1,1,RENT,other,0
APP105690,39,50792.13,4.0,14439.96,749.0,4026.54,1,3,1,MORTGAGE,debt_consolidation,0
APP105691,49,61603.0,16.0,7771.66,803.0,8814.06,11,26,1,MORTGAGE,car,0
APP105692,64,25317.6,20.0,11718.02,691.0,5016.99,5,17,1,RENT,other,0
APP105693,32,30128.84,5.0,22833.75,713.0,4007.19,3,27,2,RENT,credit_card,0
APP105694,49,38980.41,29.0,13180.98,684.0,1642.03,2,11,1,MORTGAGE,credit_card,0
APP105695,24,17313.77,9.0,4077.92,695.0,1157.52,12,29,1,RENT,credit_card,1
APP105696,24,28924.62,3.0,6786.85,653.0,4065.65,9,11,2,RENT,business,1
APP105697,58,68737.9,21.0,6600.1,699.0,4259.52,4,25,0,OWN,debt_consolidation,1
APP105698,56,47161.23,6.0,6294.34,821.0,2639.4,12,16,3,MORTGAGE,car,0
APP105699,39,33577.93,31.0,2788.42,667.0,5987.33,4,24,0,RENT,credit_card,0
APP105700,51,38427.79,,30771.57,651.0,25648.77,3,23,2,OWN,credit_card,1
APP105701,39,48555.01,16.0,5850.18,665.0,17600.03,5,7,3,MORTGAGE,debt_consolidation,1
APP105702,34,53434.14,2.0,6109.69,638.0,5259.91,0,23,0,MORTGAGE,home_improvement,0
APP105703,42,27495.92,15.0,3087.06,669.0,5408.05,6,5,0,MORTGAGE,debt_consolidation,1
APP105704,36,78226.24,37.0,16644.87,635.0,8616.58,11,15,4,OWN,home_improvement,0
APP105705,60,70134.78,26.0,9371.99,741.0,6284.78,6,18,2,MORTGAGE,business,0
APP105706,41,50951.47,21.0,8018.06,733.0,8628.58,8,1,3,RENT,debt_consolidation,0
APP105707,36,23825.7,6.0,8276.7,823.0,6429.16,5,16,0,OWN,credit_card,0
APP105708,47,21804.86,12.0,14082.42,648.0,5559.35,12,6,3,MORTGAGE,credit_card,1
APP105709,58,30844.02,15.0,7420.39,673.0,3060.51,14,21,0,RENT,car,0
APP105710,34,37435.79,23.0,3000.88,669.0,6819.54,8,14,1,OWN,car,0
APP105711,67,14999.23,8.0,4560.0,665.0,835.48,10,3,1,RENT,credit_card,1
APP105712,43,46506.46,39.0,4420.1,740.0,6307.46,9,29,1,RENT,home_improvement,0
APP105713,53,69129.11,26.0,11674.83,520.0,976.51,13,8,1,RENT,debt_consolidation,0
APP105714,67,48447.55,12.0,17292.21,686.0,6311.52,13,16,1,RENT,home_improvement,0
APP105715,42,25899.36,4.0,23848.66,809.0,2332.53,13,20,1,RENT,credit_card,0
APP105716,30,24411.22,23.0,3711.02,759.0,14186.05,1,24,0,MORTGAGE,debt_consolidation,0
APP105717,57,42189.48,17.0,14359.43,749.0,5481.61,6,18,2,RENT,business,0
APP105718,21,33635.86,26.0,6842.83,717.0,5110.68,7,19,5,MORTGAGE,credit_card,1
APP105719,43,45320.76,23.0,57186.6,602.0,7061.53,11,10,2,OWN,car,1
APP105720,69,49063.01,25.0,22700.28,590.0,2556.84,8,9,0,RENT,credit_card,0
APP105721,41,62689.25,33.0,27477.9,590.0,12523.12,7,4,0,OWN,credit_card,1
APP105722,54,20618.38,21.0,16017.93,558.0,8889.88,7,29,1,OWN,credit_card,0
APP105723,46,40571.03,28.0,12445.73,725.0,3285.47,8,25,1,OWN,credit_card,0
APP105724,31,30280.6,14.0,7773.3,767.0,2188.71,9,6,1,MORTGAGE,debt_consolidation,0
APP105725,36,34567.96,37.0,6907.81,684.0,3645.18,11,24,2,MORTGAGE,home_improvement,0
APP105726,46,55949.48,16.0,6123.79,714.0,4509.17,6,20,3,MORTGAGE,debt_consolidation,1
APP105727,26,59074.99,27.0,14336.23,673.0,2063.62,8,4,1,RENT,debt_consolidation,1
APP105728,41,73073.56,39.0,25241.42,695.0,3410.15,1,7,0,RENT,credit_card,0
APP105729,41,44927.04,13.0,7989.75,480.0,3061.8,7,22,2,MORTGAGE,home_improvement,1
APP105730,61,34371.8,4.0,6416.26,675.0,4180.58,5,29,0,MORTGAGE,business,0
APP105731,27,32002.23,9.0,4063.9,615.0,4207.37,0,4,1,RENT,debt_consolidation,1
APP105732,62,15254.39,9.0,11462.26,646.0,7262.5,3,28,2,OWN,credit_card,1
APP105733,41,70959.71,2.0,20693.2,668.0,5039.16,14,13,3,OWN,business,1
APP105734,52,30916.67,21.0,21324.17,592.0,6779.46,8,27,2,MORTGAGE,debt_consolidation,1
APP105735,48,46767.72,11.0,22630.71,,5997.39,0,13,1,OWN,credit_card,1
APP105736,35,50995.79,3.0,12698.56,590.0,4205.17,13,8,1,OWN,debt_consolidation,1
APP105737,66,19483.87,5.0,10447.45,534.0,8492.84,1,12,0,RENT,home_improvement,1
APP105738,31,22887.06,10.0,21361.62,557.0,547.19,9,15,2,OWN,other,1
APP105739,22,78708.78,14.0,5084.56,568.0,3688.48,0,10,0,MORTGAGE,home_improvement,0
APP105740,57,41991.3,38.0,7596.88,535.0,3113.41,12,8,0,OWN,business,0
APP105741,51,27165.61,28.0,27625.9,692.0,5407.26,9,14,1,MORTGAGE,car,0
APP105742,64,34092.29,28.0,5193.88,577.0,2958.78,12,9,0,OWN,home_improvement,1
APP105743,43,62512.29,27.0,9694.61,500.0,7624.48,4,21,0,OWN,credit_card,1
APP105744,21,57939.65,32.0,14455.04,617.0,8780.31,13,8,3,MORTGAGE,car,1
APP105745,21,17447.63,12.0,10400.6,560.0,1624.25,13,9,0,MORTGAGE,debt_consolidation,0
APP105746,42,82219.02,3.0,19725.16,766.0,5876.98,7,23,0,MORTGAGE,debt_consolidation,0
APP105747,33,58869.24,20.0,24720.96,660.0,1763.9,8,17,1,RENT,home_improvement,0
APP105748,66,33649.8,0.0,13197.71,532.0,7213.65,5,24,1,RENT,business,1
APP105749,26,20013.03,8.0,22789.1,,3383.84,11,10,1,MORTGAGE,car,1
APP105750,64,61513.03,,5669.15,656.0,2582.8,9,23,1,OWN,debt_consolidation,0
APP105751,31,46083.66,20.0,9004.47,630.0,1250.93,2,29,0,RENT,car,0
APP105752,26,17520.04,27.0,41903.08,775.0,4565.36,6,0,2,MORTGAGE,credit_card,1
APP105753,34,32336.79,20.0,31753.5,571.0,1946.13,6,20,1,MORTGAGE,debt_consolidation,1
APP105754,28,173353.21,21.0,4600.11,732.0,1499.91,6,27,1,RENT,home_improvement,0
APP105755,40,36616.38,12.0,9821.63,617.0,5703.13,9,25,0,RENT,debt_consolidation,1
APP105756,37,25059.66,8.0,10739.08,648.0,10672.18,4,11,1,MORTGAGE,debt_consolidation,1
APP105757,46,,10.0,12707.09,590.0,6738.4,2,12,1,MORTGAGE,car,1
APP105758,47,88084.29,31.0,21256.66,595.0,1564.33,6,9,0,RENT,other,1
APP105759,21,55485.65,39.0,29836.73,615.0,4405.34,5,7,0,MORTGAGE,credit_card,0
APP105760,27,73402.96,3.0,10121.83,497.0,8471.4,13,24,1,RENT,debt_consolidation,1
APP105761,28,41113.53,21.0,19403.17,677.0,4406.73,11,2,3,OWN,debt_consolidation,1
APP105762,30,67982.77,18.0,14602.06,659.0,6376.82,3,13,2,MORTGAGE,home_improvement,0
APP105763,25,23761.93,22.0,9772.44,530.0,3464.04,10,24,3,OWN,debt_consolidation,1
APP105764,36,39391.11,9.0,3572.8,702.0,3612.82,9,21,2,MORTGAGE,car,0
APP105765,47,41920.35,0.0,18234.75,766.0,2899.55,13,20,2,MORTGAGE,home_improvement,0
APP105766,36,72491.42,8.0,14230.12,596.0,8019.34,11,14,1,RENT,home_improvement,1
APP105767,37,42591.99,7.0,12503.37,587.0,8434.34,8,24,0,OWN,credit_card,0
APP105768,44,26562.19,2.0,5493.06,739.0,3152.22,3,11,1,OWN,debt_consolidation,0
APP105769,47,37497.78,14.0,32063.78,682.0,8990.21,3,20,3,OWN,other,1
APP105770,37,15705.93,27.0,10845.26,639.0,1569.36,5,0,1,MORTGAGE,car,1
APP105771,31,11378.9,38.0,4989.92,715.0,4285.97,13,1,2,OWN,credit_card,0
APP105772,41,55032.03,26.0,4530.59,671.0,1664.14,13,8,2,RENT,debt_consolidation,1
APP105773,22,30110.46,7.0,14860.82,764.0,1987.26,14,12,0,RENT,other,1
APP105774,45,31865.89,14.0,15128.71,648.0,1648.25,14,9,0,OWN,credit_card,0
APP105775,67,55021.17,12.0,7496.52,684.0,2908.57,7,9,2,MORTGAGE,business,1
APP105776,40,73021.21,8.0,13063.47,737.0,8069.13,9,2,3,MORTGAGE,debt_consolidation,0
APP105777,26,47441.09,39.0,14773.11,,4616.12,1,13,0,OWN,debt_consolidation,1
APP105778,55,95228.68,26.0,10763.92,740.0,3080.58,2,2,2,MORTGAGE,credit_card,0
APP105779,27,46692.77,19.0,6497.65,609.0,4277.81,3,20,1,RENT,credit_card,0
APP105780,30,42239.32,17.0,17620.42,689.0,948.58,2,23,1,RENT,business,0
APP105781,28,40953.58,12.0,16359.74,783.0,7765.55,11,16,0,MORTGAGE,business,0
APP105782,64,19096.34,16.0,13913.4,625.0,813.94,12,9,1,OWN,debt_consolidation,1
APP105783,69,58571.25,25.0,6001.48,613.0,2791.15,0,19,1,RENT,car,0
APP105784,48,10692.17,37.0,4453.21,645.0,4614.22,10,25,1,RENT,credit_card,0
APP105785,51,27088.74,19.0,10362.14,533.0,7019.4,4,6,0,MORTGAGE,home_improvement,1
APP105786,52,36734.26,7.0,17287.56,825.0,5950.25,7,6,1,OWN,debt_consolidation,1
APP105787,50,24467.94,38.0,18475.92,646.0,4723.97,5,14,1,RENT,debt_consolidation,0
APP105788,47,28973.07,12.0,14053.53,781.0,15772.0,2,12,2,MORTGAGE,credit_card,0
APP105789,69,91097.7,3.0,7553.21,623.0,24634.04,11,7,1,RENT,home_improvement,1
APP105790,56,63070.72,21.0,6108.74,652.0,4942.59,4,9,1,OWN,business,0
APP105791,25,25773.09,31.0,9797.47,725.0,4536.59,6,15,0,MORTGAGE,other,0
APP105792,40,28716.2,10.0,9853.38,561.0,4325.22,8,27,0,MORTGAGE,car,0
APP105793,68,19177.6,11.0,19232.89,641.0,3014.84,7,8,0,MORTGAGE,car,0
APP105794,40,51662.99,11.0,7421.76,722.0,6638.8,2,4,2,RENT,debt_consolidation,1
APP105795,30,32052.45,32.0,7801.03,632.0,13591.96,10,6,0,RENT,credit_card,1
APP105796,63,13585.61,38.0,33961.9,611.0,670.39,2,17,0,MORTGAGE,car,0
APP105797,51,38192.4,33.0,25102.77,739.0,4290.98,11,28,1,OWN,credit_card,0
APP105798,48,45228.81,9.0,5827.43,762.0,16169.39,9,27,1,RENT,debt_consolidation,0
APP105799,41,58780.8,33.0,23890.86,774.0,6731.36,5,8,2,MORTGAGE,debt_consolidation,0
APP105800,27,35007.68,12.0,5048.62,596.0,6843.37,5,9,1,RENT,credit_card,1
APP105801,39,30141.69,34.0,7627.88,603.0,1365.49,2,18,2,RENT,business,0
APP105802,42,98040.15,39.0,8166.98,612.0,8618.8,6,6,0,MORTGAGE,debt_consolidation,0
APP105803,66,36435.29,28.0,9446.93,707.0,11018.18,2,18,0,OWN,debt_consolidation,0
APP105804,36,52040.68,38.0,14355.0,554.0,5767.24,7,26,0,MORTGAGE,business,1
APP105805,28,27728.89,5.0,10550.03,558.0,2908.99,2,17,2,RENT,debt_consolidation,1
APP105806,41,51274.81,26.0,14311.75,592.0,7004.13,13,22,0,RENT,debt_consolidation,0
APP105807,69,17539.06,2.0,7776.76,574.0,2142.47,1,21,1,MORTGAGE,credit_card,1
APP105808,44,28824.07,26.0,12388.62,720.0,1927.24,10,5,1,MORTGAGE,car,1
APP105809,39,19848.09,13.0,10377.34,715.0,9336.69,6,18,1,OWN,other,1
APP105810,53,26836.37,38.0,4302.72,611.0,11809.4,5,7,4,OWN,credit_card,1
APP105811,52,67862.24,19.0,13224.23,634.0,2713.25,2,25,1,OWN,debt_consolidation,1
APP105812,35,26737.89,30.0,10484.29,446.0,1934.75,9,21,1,OWN,credit_card,1
APP105813,68,52006.71,12.0,6448.83,613.0,2435.05,11,0,3,OWN,home_improvement,1
APP105814,50,77546.47,2.0,7670.18,749.0,5756.7,9,8,2,RENT,debt_consolidation,0
APP105815,23,35818.2,29.0,7783.86,609.0,1936.5,0,2,0,RENT,home_improvement,1
APP105816,40,59687.84,8.0,8544.55,562.0,13726.28,12,11,2,RENT,debt_consolidation,1
APP105817,66,47360.46,28.0,28434.97,760.0,3388.29,14,16,1,MORTGAGE,other,0
APP105818,40,38492.49,18.0,34688.12,560.0,6588.19,10,28,0,RENT,debt_consolidation,1
APP105819,48,52847.08,38.0,1928.27,,2712.0,0,11,1,OWN,car,0
APP105820,51,91123.32,14.0,13265.27,850.0,7841.76,7,13,2,MORTGAGE,car,0
APP105821,55,26406.5,16.0,17552.84,641.0,8372.51,4,6,1,MORTGAGE,credit_card,1
APP105822,63,22480.41,29.0,8693.7,749.0,1284.02,9,17,4,MORTGAGE,debt_consolidation,1
APP105823,28,21830.05,31.0,17272.21,516.0,2853.41,11,10,4,OWN,credit_card,1
APP105824,46,59707.56,5.0,26702.18,512.0,4335.98,13,21,1,MORTGAGE,car,1
APP105825,47,63875.03,,4345.49,586.0,3228.79,13,19,0,OWN,credit_card,0
APP105826,28,27763.61,19.0,10724.19,715.0,9870.09,14,3,3,RENT,credit_card,1
APP105827,54,12481.38,39.0,32017.83,650.0,3048.01,1,25,2,RENT,credit_card,0
APP105828,26,25916.15,25.0,4709.52,635.0,8706.98,1,9,1,OWN,home_improvement,1
APP105829,43,47759.2,30.0,9235.97,546.0,7242.57,12,5,1,RENT,car,1
APP105830,37,35123.95,13.0,7562.53,639.0,4508.16,10,19,1,RENT,business,0
APP105831,28,39742.4,11.0,18604.07,598.0,9000.9,11,8,1,MORTGAGE,debt_consolidation,1
APP105832,61,27954.34,31.0,20226.47,576.0,1436.06,3,15,2,MORTGAGE,car,1
APP105833,32,60297.42,0.0,10909.58,569.0,4678.09,6,4,2,OWN,home_improvement,0
APP105834,33,43113.69,23.0,10090.26,665.0,2645.49,9,24,1,OWN,business,0
APP105835,62,48690.14,38.0,3528.09,592.0,4511.87,9,29,1,MORTGAGE,credit_card,0
APP105836,63,39321.74,39.0,23243.98,649.0,3376.1,12,10,2,MORTGAGE,business,0
APP105837,22,47201.65,28.0,8007.23,508.0,5156.37,5,0,0,RENT,debt_consolidation,1
APP105838,34,45674.06,19.0,9087.04,690.0,4952.21,12,21,4,RENT,credit_card,1
APP105839,55,22833.01,32.0,17729.05,669.0,5491.76,4,4,1,OWN,credit_card,0
APP105840,59,43762.46,0.0,11142.92,631.0,5668.65,11,14,0,OWN,debt_consolidation,0
APP105841,69,53946.82,31.0,18075.36,662.0,7775.15,0,11,1,OWN,credit_card,0
APP105842,48,64703.51,7.0,14214.9,724.0,1795.46,3,3,0,MORTGAGE,credit_card,0
APP105843,21,44714.52,29.0,11184.37,534.0,7387.11,0,5,1,MORTGAGE,car,1
APP105844,63,22412.51,13.0,11923.49,655.0,1465.41,3,25,0,MORTGAGE,credit_card,1
APP105845,28,24205.65,30.0,5045.93,545.0,525.58,7,20,1,MORTGAGE,debt_consolidation,1
APP105846,26,29214.66,24.0,9050.83,657.0,23812.61,13,9,1,OWN,credit_card,1
APP105847,54,39923.96,37.0,18966.48,629.0,2319.09,0,0,0,RENT,debt_consolidation,1
APP105848,50,34162.44,31.0,5772.24,648.0,3434.3,8,4,3,MORTGAGE,debt_consolidation,1
APP105849,23,20705.07,36.0,6443.55,717.0,1106.56,1,15,1,RENT,credit_card,0
APP105850,29,20643.17,6.0,5838.48,715.0,3416.72,2,22,2,RENT,credit_card,0
APP105851,49,12717.56,15.0,10851.17,736.0,5798.97,1,5,2,OWN,credit_card,1
APP105852,33,7633.2,17.0,22960.19,618.0,5968.33,8,20,1,MORTGAGE,credit_card,0
APP105853,54,33999.77,1.0,13743.15,706.0,1871.65,9,18,1,RENT,debt_consolidation,0
APP105854,41,115857.37,0.0,2680.67,690.0,3446.38,4,2,0,OWN,debt_consolidation,0
APP105855,49,89178.01,1.0,14605.81,620.0,6601.18,10,3,3,MORTGAGE,home_improvement,0
APP105856,44,22267.52,30.0,7591.21,659.0,5948.17,6,4,0,OWN,home_improvement,1
APP105857,38,39142.01,17.0,13435.15,639.0,5445.82,11,5,3,MORTGAGE,debt_consolidation,1
APP105858,37,17460.74,30.0,9048.01,761.0,9030.3,7,0,3,RENT,debt_consolidation,1
APP105859,55,18843.91,33.0,5906.01,714.0,4504.39,14,24,2,RENT,car,0
APP105860,46,19955.57,1.0,9481.68,623.0,14969.93,10,25,2,RENT,car,1
APP105861,50,32443.35,33.0,7594.03,617.0,3887.35,14,27,2,RENT,credit_card,0
APP105862,49,33149.08,9.0,11903.99,726.0,8566.5,13,26,1,RENT,credit_card,1
APP105863,31,,16.0,5816.17,757.0,8813.99,3,10,2,OWN,debt_consolidation,0
APP105864,65,50595.01,38.0,5039.88,675.0,1324.35,5,11,0,RENT,car,0
APP105865,48,30685.93,12.0,15355.81,702.0,6993.41,5,17,1,RENT,credit_card,0
APP105866,56,36978.83,37.0,19250.72,754.0,2945.07,9,27,0,OWN,debt_consolidation,0
APP105867,64,21017.14,20.0,14017.12,636.0,2192.77,8,20,0,MORTGAGE,credit_card,0
APP105868,66,18541.22,0.0,6705.85,656.0,3499.79,7,18,1,MORTGAGE,debt_consolidation,0
APP105869,53,17163.05,33.0,6348.4,688.0,5593.45,0,22,2,MORTGAGE,debt_consolidation,1
APP105870,59,50242.87,1.0,6571.56,615.0,1405.41,6,25,1,MORTGAGE,credit_card,0
APP105871,44,30670.18,25.0,16885.95,785.0,5021.62,2,16,3,RENT,debt_consolidation,1
APP105872,57,14248.97,18.0,6032.83,614.0,4129.61,14,23,2,OWN,debt_consolidation,1
APP105873,36,35187.83,5.0,16821.69,654.0,11277.25,12,17,2,MORTGAGE,credit_card,1
APP105874,55,19449.75,20.0,14503.45,803.0,2960.66,2,22,0,OWN,car,0
APP105875,25,83298.8,14.0,20798.5,501.0,12731.8,6,23,1,RENT,credit_card,1
APP105876,65,27189.58,3.0,18730.19,667.0,6697.16,9,21,0,MORTGAGE,other,0
APP105877,32,51059.81,22.0,13706.06,597.0,4784.84,7,16,0,MORTGAGE,debt_consolidation,1
APP105878,53,62597.56,1.0,4100.2,650.0,13615.02,2,26,2,MORTGAGE,credit_card,1
APP105879,21,22528.48,21.0,14272.32,553.0,22880.18,11,16,2,OWN,credit_card,1
APP105880,28,37722.94,9.0,10607.15,620.0,4152.9,13,10,3,OWN,debt_consolidation,1
APP105881,69,47893.45,33.0,7911.3,651.0,2718.76,12,8,0,MORTGAGE,debt_consolidation,0
APP105882,61,38475.35,38.0,22411.61,669.0,6927.04,5,9,1,OWN,debt_consolidation,0
APP105883,31,43501.49,37.0,9038.05,721.0,1574.31,12,25,2,MORTGAGE,car,0
APP105884,27,18679.56,37.0,7203.56,464.0,1735.72,13,28,1,OWN,home_improvement,1
APP105885,60,47907.06,4.0,19427.28,639.0,13981.61,13,13,2,MORTGAGE,home_improvement,1
APP105886,69,28478.88,20.0,7761.6,636.0,7765.83,12,9,3,OWN,debt_consolidation,1
APP105887,29,43248.84,8.0,6990.48,644.0,2473.69,4,16,1,MORTGAGE,home_improvement,1
APP105888,53,57526.12,3.0,5032.68,652.0,60357.34,7,11,4,RENT,credit_card,1
APP105889,34,50736.67,15.0,6050.49,583.0,1626.67,9,18,1,RENT,business,1
APP105890,57,43233.02,,6370.07,526.0,8068.95,12,1,0,MORTGAGE,debt_consolidation,1
APP105891,41,50064.33,11.0,14366.13,667.0,2598.79,1,16,1,MORTGAGE,other,1
APP105892,27,51236.4,4.0,5369.86,,20431.97,1,6,1,MORTGAGE,other,1
APP105893,36,76707.18,16.0,3246.38,682.0,3213.95,14,13,0,MORTGAGE,other,0
APP105894,47,35702.45,6.0,11872.0,575.0,3913.98,10,18,1,MORTGAGE,business,0
APP105895,60,39418.03,1.0,6765.76,705.0,1156.32,4,14,1,MORTGAGE,credit_card,0
APP105896,22,57874.57,18.0,9801.0,645.0,26006.89,14,28,1,OWN,business,1
APP105897,67,28418.8,2.0,21363.72,651.0,2997.82,5,2,3,MORTGAGE,debt_consolidation,1
APP105898,52,18626.98,38.0,10331.23,630.0,7216.68,9,11,1,MORTGAGE,credit_card,1
APP105899,63,46472.46,33.0,24483.94,617.0,4933.38,13,24,2,RENT,other,0
APP105900,66,32760.81,37.0,9500.62,631.0,3161.6,12,10,1,RENT,debt_consolidation,0
APP105901,28,19855.5,4.0,18109.17,744.0,827.03,9,2,1,OWN,credit_card,1
APP105902,25,46642.67,18.0,7126.27,527.0,4094.33,8,18,2,MORTGAGE,car,1
APP105903,59,74277.73,32.0,10557.74,598.0,3954.67,4,29,0,OWN,car,0
APP105904,30,16076.74,23.0,5654.57,734.0,6342.41,2,27,0,OWN,credit_card,0
APP105905,28,60546.23,12.0,6072.23,715.0,27347.34,1,29,0,MORTGAGE,car,0
APP105906,43,10213.51,33.0,8649.01,757.0,8230.44,0,12,2,OWN,credit_card,0
APP105907,65,29728.36,,4459.89,645.0,9777.99,7,26,2,RENT,home_improvement,1
APP105908,59,91149.65,38.0,10890.17,544.0,3850.13,5,0,1,RENT,business,1
APP105909,46,30817.5,4.0,8253.1,561.0,1718.8,8,2,1,MORTGAGE,credit_card,1
APP105910,30,37985.86,28.0,11392.93,626.0,3930.76,7,22,2,OWN,debt_consolidation,1
APP105911,37,53179.76,0.0,4501.14,710.0,2730.97,10,0,0,RENT,business,1
APP105912,54,15394.46,36.0,15078.71,629.0,4721.79,2,17,1,MORTGAGE,home_improvement,0
APP105913,28,,14.0,27407.4,623.0,3309.88,2,18,1,MORTGAGE,business,1
APP105914,46,37500.39,0.0,24147.11,681.0,1284.14,1,5,2,RENT,home_improvement,1
APP105915,21,92148.85,33.0,31018.65,652.0,13542.43,10,4,2,MORTGAGE,debt_consolidation,1
APP105916,36,19577.37,38.0,10152.33,614.0,4391.25,13,5,1,RENT,credit_card,1
APP105917,33,30008.33,36.0,8011.26,569.0,3774.3,5,28,0,RENT,car,0
APP105918,54,22829.8,19.0,13260.57,725.0,2030.78,2,6,1,MORTGAGE,debt_consolidation,0
APP105919,65,,2.0,8578.96,733.0,3359.94,14,19,2,MORTGAGE,car,1
APP105920,28,63812.31,9.0,3483.31,565.0,2463.54,3,25,0,MORTGAGE,business,0
APP105921,60,36802.67,1.0,16180.79,617.0,1890.9,9,25,3,OWN,credit_card,1
APP105922,53,27507.57,1.0,8598.64,703.0,5598.07,13,8,1,RENT,car,1
APP105923,68,28031.3,6.0,4103.47,558.0,3377.67,13,29,2,MORTGAGE,debt_consolidation,1
APP105924,65,27402.42,22.0,7295.63,679.0,8945.28,3,10,1,OWN,credit_card,0
APP105925,25,28655.44,30.0,8716.77,623.0,3683.85,0,28,1,RENT,car,0
APP105926,57,19298.4,23.0,9967.64,552.0,5387.47,6,8,2,RENT,debt_consolidation,1
APP105927,50,31908.74,8.0,10039.75,792.0,5266.01,13,3,0,RENT,credit_card,0
APP105928,26,30345.29,24.0,22503.18,622.0,6686.52,7,17,1,MORTGAGE,credit_card,0
APP105929,33,24862.15,9.0,4568.21,691.0,2507.58,13,29,2,OWN,other,0
APP105930,66,39242.79,18.0,9033.67,560.0,10089.93,12,21,3,RENT,credit_card,1
APP105931,47,40943.35,35.0,5840.79,774.0,1912.17,7,2,0,RENT,credit_card,0
APP105932,37,27492.72,5.0,21029.91,805.0,5084.48,13,24,2,OWN,credit_card,0
APP105933,36,33790.43,34.0,7066.55,529.0,1874.43,14,23,2,RENT,credit_card,1
APP105934,62,106863.96,10.0,8052.21,636.0,4462.29,10,28,1,MORTGAGE,debt_consolidation,0
APP105935,34,104842.72,26.0,18579.56,756.0,10023.35,11,22,1,MORTGAGE,credit_card,0
APP105936,28,21438.74,10.0,21913.65,612.0,7664.72,6,12,1,MORTGAGE,credit_card,1
APP105937,49,22989.12,6.0,23946.42,682.0,11462.6,14,6,0,OWN,home_improvement,1
APP105938,69,21381.86,18.0,3692.77,515.0,3856.13,5,28,3,MORTGAGE,debt_consolidation,1
APP105939,29,61606.77,15.0,13223.47,586.0,10169.42,11,11,0,MORTGAGE,home_improvement,1
APP105940,33,29754.49,20.0,11638.46,674.0,2824.87,14,16,3,OWN,car,0
APP105941,43,40938.95,9.0,9597.56,602.0,3405.83,13,18,2,OWN,debt_consolidation,1
APP105942,30,98566.2,39.0,10300.43,621.0,5453.58,13,29,0,RENT,car,0
APP105943,52,36125.98,26.0,21406.81,528.0,9701.15,2,14,1,RENT,home_improvement,1
APP105944,33,51695.41,33.0,18456.16,702.0,3172.03,14,26,2,OWN,credit_card,0
APP105945,27,47108.58,31.0,16952.12,542.0,8570.75,2,21,3,MORTGAGE,home_improvement,1
APP105946,33,27062.15,28.0,11205.37,773.0,5913.24,3,5,0,RENT,other,0
APP105947,66,61671.73,5.0,38652.03,595.0,6434.98,7,3,1,MORTGAGE,credit_card,1
APP105948,66,23745.53,23.0,7782.45,714.0,2480.7,2,19,1,MORTGAGE,car,0
APP105949,45,70964.85,35.0,3753.42,706.0,3612.78,10,12,1,MORTGAGE,home_improvement,0
APP105950,40,27072.52,3.0,8440.98,571.0,4560.07,13,1,0,RENT,car,1
APP105951,61,28595.83,18.0,10246.0,603.0,6438.16,3,21,0,OWN,debt_consolidation,0
APP105952,30,21073.17,7.0,21631.6,613.0,2576.2,4,28,1,RENT,business,1
APP105953,53,22876.61,31.0,7283.84,618.0,1748.33,6,0,0,MORTGAGE,debt_consolidation,1
APP105954,54,29337.38,37.0,13289.61,546.0,892.28,1,28,1,OWN,credit_card,0
APP105955,55,10767.91,2.0,4079.19,,8925.33,2,19,3,RENT,home_improvement,1
APP105956,31,32316.52,32.0,18936.58,594.0,10459.56,14,28,1,RENT,credit_card,0
APP105957,56,28170.0,14.0,10311.26,640.0,984.62,13,16,1,RENT,credit_card,1
APP105958,50,53906.46,38.0,8363.79,730.0,5221.48,7,10,0,MORTGAGE,credit_card,1
APP105959,63,44868.46,0.0,35560.53,695.0,3634.74,11,27,3,RENT,business,0
APP105960,29,25493.56,7.0,18806.24,600.0,13011.96,0,17,2,MORTGAGE,credit_card,1
APP105961,51,28874.8,28.0,5303.35,733.0,4153.84,0,28,2,MORTGAGE,debt_consolidation,0
APP105962,61,32295.75,31.0,9268.39,703.0,7603.84,13,7,2,RENT,debt_consolidation,0
APP105963,34,76341.98,3.0,51112.88,593.0,3497.52,0,20,2,MORTGAGE,debt_consolidation,0
APP105964,57,24073.04,6.0,32444.63,608.0,2836.5,10,17,0,MORTGAGE,business,0
APP105965,25,25339.5,13.0,17219.16,730.0,9079.63,14,16,1,MORTGAGE,car,1
APP105966,56,20654.9,1.0,3267.47,712.0,11645.66,11,24,3,MORTGAGE,home_improvement,1
APP105967,50,17308.97,31.0,22010.84,529.0,1780.89,5,15,0,RENT,car,1
APP105968,30,42340.6,26.0,6760.75,569.0,12258.24,8,24,0,MORTGAGE,home_improvement,1
APP105969,24,40193.14,29.0,21897.13,705.0,2253.33,9,13,1,OWN,business,1
APP105970,57,68966.83,18.0,6415.03,556.0,760.79,6,5,0,OWN,debt_consolidation,1
APP105971,32,61126.73,25.0,13270.49,714.0,4957.49,14,23,0,RENT,home_improvement,0
APP105972,45,120398.02,22.0,6740.1,804.0,7374.15,0,19,1,MORTGAGE,car,0
APP105973,23,34998.61,27.0,7958.79,679.0,1461.79,14,10,2,RENT,debt_consolidation,1
APP105974,68,31880.03,18.0,14376.04,576.0,1006.05,12,0,1,OWN,debt_consolidation,1
APP105975,47,18956.21,26.0,4485.75,664.0,3308.22,1,7,0,OWN,car,0
APP105976,66,51446.06,25.0,41087.15,732.0,2972.47,8,12,0,RENT,debt_consolidation,0
APP105977,28,38532.88,25.0,5343.67,657.0,14701.33,9,13,1,MORTGAGE,car,1
APP105978,31,50293.6,34.0,5167.32,688.0,4962.54,14,22,2,RENT,home_improvement,0
APP105979,50,20546.34,13.0,14401.39,586.0,8845.25,14,9,1,MORTGAGE,home_improvement,1
APP105980,50,43295.42,35.0,21486.17,,5812.42,7,2,0,RENT,home_improvement,0
APP105981,59,40239.32,1.0,8150.04,722.0,17239.44,2,24,2,MORTGAGE,car,1
APP105982,66,38929.89,19.0,5203.67,593.0,2408.22,12,10,1,RENT,home_improvement,0
APP105983,61,25806.12,17.0,5690.61,443.0,4580.84,9,8,0,MORTGAGE,debt_consolidation,1
APP105984,27,65818.9,34.0,5334.7,625.0,1400.72,7,22,0,MORTGAGE,car,0
APP105985,36,101230.34,1.0,11907.31,675.0,9406.12,11,12,0,RENT,home_improvement,1
APP105986,65,20844.14,8.0,9490.14,734.0,11982.69,1,14,1,OWN,business,1
APP105987,47,52063.63,18.0,12778.25,781.0,9879.52,1,8,0,MORTGAGE,car,0
APP105988,63,8613.4,32.0,12319.29,656.0,4448.2,7,26,1,OWN,credit_card,0
APP105989,48,50731.64,18.0,16229.52,702.0,1492.86,5,16,0,RENT,home_improvement,0
APP105990,23,14255.85,25.0,7739.05,659.0,4586.53,2,9,2,MORTGAGE,car,1
APP105991,44,27931.67,7.0,6355.51,678.0,2857.86,3,9,0,OWN,credit_card,1
APP105992,61,18835.29,37.0,10870.16,,10281.72,7,12,2,RENT,other,0
APP105993,53,32604.13,31.0,9575.91,680.0,3493.4,0,18,0,MORTGAGE,home_improvement,0
APP105994,27,55237.47,1.0,11519.21,591.0,3434.25,10,7,1,OWN,business,1
APP105995,31,14347.68,28.0,6457.34,808.0,27978.36,1,24,2,OWN,home_improvement,0
APP105996,62,30341.15,5.0,14549.77,458.0,9315.7,10,10,2,MORTGAGE,debt_consolidation,1
APP105997,68,28094.12,22.0,4880.37,695.0,11623.08,5,22,4,OWN,car,1
APP105998,57,80059.42,28.0,7598.98,675.0,3262.72,2,27,1,MORTGAGE,debt_consolidation,0
APP105999,25,45065.87,37.0,19485.48,679.0,2037.98,8,9,0,RENT,car,0
APP106000,51,20158.7,2.0,5020.13,555.0,11538.42,9,15,0,MORTGAGE,debt_consolidation,1
APP106001,61,28691.4,11.0,18585.66,515.0,16214.84,14,16,0,RENT,debt_consolidation,1
APP106002,52,79067.1,27.0,4249.43,698.0,1756.02,6,22,0,OWN,home_improvement,0
APP106003,50,51905.64,10.0,3823.28,757.0,3248.69,14,11,1,MORTGAGE,credit_card,0
APP106004,43,22945.64,28.0,4038.72,667.0,2365.14,7,21,3,RENT,debt_consolidation,0
APP106005,32,31775.94,7.0,10615.64,714.0,7223.78,13,19,1,MORTGAGE,business,0
APP106006,34,32287.82,6.0,15332.92,613.0,11720.28,4,9,3,RENT,home_improvement,1
APP106007,57,27750.5,21.0,21494.59,676.0,3660.49,11,26,1,MORTGAGE,home_improvement,0
APP106008,24,15442.73,27.0,20490.62,748.0,3652.02,3,1,2,OWN,credit_card,1
APP106009,25,25879.05,,16607.66,624.0,1027.21,0,25,1,RENT,credit_card,0
APP106010,40,72736.58,34.0,6008.5,744.0,2290.69,1,10,1,OWN,debt_consolidation,0
APP106011,58,30014.26,34.0,5977.14,519.0,16413.37,6,26,1,RENT,debt_consolidation,1
APP106012,53,34488.22,3.0,15877.77,600.0,7289.06,1,7,1,OWN,credit_card,1
APP106013,49,38958.91,12.0,23220.37,693.0,10311.67,11,12,1,MORTGAGE,home_improvement,1
APP106014,47,110091.89,22.0,5331.11,802.0,3669.72,1,3,0,MORTGAGE,home_improvement,0
APP106015,26,36477.01,19.0,21512.72,651.0,3950.32,14,24,0,RENT,other,0
APP106016,37,62753.69,10.0,3126.9,567.0,4988.52,5,21,0,RENT,car,1
APP106017,24,26927.68,21.0,12505.89,800.0,6370.23,6,11,1,OWN,business,0
APP106018,58,31898.06,38.0,9299.5,639.0,14777.1,11,18,3,MORTGAGE,debt_consolidation,1
APP106019,57,36544.15,,8755.93,703.0,2869.23,10,3,1,RENT,debt_consolidation,0
APP106020,33,24659.9,8.0,10084.58,623.0,4400.75,12,19,1,MORTGAGE,debt_consolidation,1
APP106021,35,32798.6,29.0,5929.9,661.0,2605.55,14,17,4,MORTGAGE,home_improvement,1
APP106022,36,56614.79,22.0,12934.41,605.0,1017.87,4,26,1,OWN,business,0
APP106023,64,24338.57,27.0,10264.03,830.0,10261.06,9,17,1,MORTGAGE,debt_consolidation,0
APP106024,44,36317.12,25.0,17347.21,745.0,19889.79,10,9,1,MORTGAGE,business,1
APP106025,58,51759.68,30.0,25699.69,791.0,9066.74,11,22,2,OWN,debt_consolidation,0
APP106026,42,24047.03,29.0,10680.24,586.0,5909.0,4,22,4,MORTGAGE,home_improvement,1
APP106027,55,62799.78,24.0,6055.78,503.0,21649.79,14,25,2,MORTGAGE,debt_consolidation,1
APP106028,46,37663.31,18.0,5000.34,626.0,7094.69,3,19,0,MORTGAGE,credit_card,0
APP106029,34,33437.68,18.0,27417.89,850.0,9341.28,10,26,2,OWN,credit_card,0
APP106030,63,13305.41,10.0,25392.87,624.0,5501.51,13,18,0,OWN,home_improvement,1
APP106031,55,30127.5,17.0,16855.34,734.0,6216.48,1,21,2,MORTGAGE,credit_card,0
APP106032,58,43730.29,24.0,10259.02,568.0,4418.87,8,27,2,RENT,credit_card,1
APP106033,67,86913.84,28.0,16140.7,583.0,9566.9,14,18,0,OWN,debt_consolidation,0
APP106034,33,48240.04,30.0,21648.24,643.0,2052.83,2,17,2,MORTGAGE,credit_card,1
APP106035,25,63774.46,15.0,6831.0,818.0,6873.36,12,0,1,RENT,credit_card,0
APP106036,49,19839.85,29.0,10075.65,738.0,2483.85,12,6,0,RENT,debt_consolidation,0
APP106037,36,34084.18,17.0,5096.24,485.0,7390.04,3,3,2,MORTGAGE,credit_card,1
APP106038,42,66861.14,14.0,9159.65,703.0,33366.29,10,8,1,RENT,other,1
APP106039,32,23298.24,6.0,24998.33,558.0,8603.13,14,4,3,RENT,credit_card,0
APP106040,40,58842.01,10.0,18904.0,595.0,12570.89,5,18,1,MORTGAGE,debt_consolidation,1
APP106041,40,52399.85,27.0,10732.2,690.0,10117.09,1,7,0,MORTGAGE,debt_consolidation,0
APP106042,38,41662.71,8.0,1966.6,761.0,764.63,3,7,0,MORTGAGE,car,0
APP106043,57,30811.67,3.0,6677.67,757.0,4423.31,14,26,2,MORTGAGE,home_improvement,1
APP106044,50,22177.92,10.0,10524.32,676.0,7032.51,13,13,2,MORTGAGE,home_improvement,1
APP106045,44,88228.88,39.0,8694.55,677.0,924.16,12,21,0,MORTGAGE,car,0
APP106046,26,49808.02,5.0,10093.67,757.0,3916.32,8,1,1,RENT,debt_consolidation,0
APP106047,48,43058.2,5.0,11447.81,523.0,4612.87,4,18,1,RENT,other,1
APP106048,29,29542.2,16.0,7185.29,796.0,1834.87,9,26,1,MORTGAGE,home_improvement,0
APP106049,36,37009.72,15.0,9852.51,591.0,2262.55,12,3,2,OWN,other,1
APP106050,41,39433.01,36.0,9048.32,670.0,14326.75,12,5,2,OWN,home_improvement,1
APP106051,27,44353.1,9.0,6490.39,610.0,280.15,0,19,2,MORTGAGE,car,1
APP106052,40,52426.64,16.0,29965.52,557.0,6106.9,10,18,3,RENT,credit_card,1
APP106053,34,24557.29,11.0,7436.27,686.0,12467.2,14,21,0,OWN,debt_consolidation,0
APP106054,62,17443.14,9.0,2559.26,668.0,4809.23,1,7,0,RENT,business,1
APP106055,63,37878.56,12.0,28852.72,641.0,15167.36,9,9,1,MORTGAGE,credit_card,1
APP106056,21,15159.63,10.0,5956.48,637.0,3491.54,9,2,3,MORTGAGE,credit_card,1
APP106057,50,30889.44,28.0,16982.61,772.0,2382.6,7,7,2,RENT,business,0
APP106058,52,28152.88,31.0,6577.88,825.0,4877.81,11,19,2,RENT,credit_card,0
APP106059,39,46438.03,7.0,13926.75,750.0,3621.91,14,20,1,OWN,credit_card,0
APP106060,43,97860.52,19.0,9615.31,672.0,3110.51,9,16,2,RENT,car,0
APP106061,59,13735.03,10.0,18037.33,519.0,4254.05,0,3,2,OWN,credit_card,1
APP106062,39,113220.5,34.0,8706.08,700.0,2608.18,7,25,1,RENT,credit_card,0
APP106063,24,32320.68,4.0,6679.56,703.0,2514.15,7,17,1,RENT,business,0
APP106064,39,43213.33,16.0,11547.36,711.0,2003.02,4,1,0,MORTGAGE,car,0
APP106065,33,17900.5,13.0,7867.57,558.0,6858.38,11,29,2,MORTGAGE,debt_consolidation,1
APP106066,39,59780.56,14.0,3110.37,718.0,2210.15,8,17,1,RENT,debt_consolidation,0
APP106067,32,37076.41,37.0,6898.78,774.0,1819.58,1,0,1,RENT,credit_card,0
APP106068,28,,21.0,55340.56,571.0,2081.89,11,12,1,RENT,credit_card,1
APP106069,69,13784.6,15.0,3318.2,704.0,5793.59,0,5,2,OWN,debt_consolidation,1
APP106070,27,37680.52,32.0,11437.24,585.0,8395.93,13,0,1,MORTGAGE,other,1
APP106071,55,55432.1,31.0,8554.92,641.0,8962.69,9,15,1,OWN,debt_consolidation,0
APP106072,56,32268.95,5.0,29787.73,574.0,5833.9,14,0,2,MORTGAGE,debt_consolidation,1
APP106073,51,65323.01,,5081.58,621.0,7543.42,5,2,1,RENT,debt_consolidation,1
APP106074,65,63987.79,16.0,10517.36,622.0,4704.0,3,14,0,MORTGAGE,debt_consolidation,0
APP106075,21,26356.03,17.0,14938.82,682.0,7076.09,7,21,0,RENT,credit_card,0
APP106076,35,80624.43,13.0,8887.7,721.0,6989.57,12,10,0,OWN,debt_consolidation,0
APP106077,30,37147.34,32.0,6244.57,747.0,2741.58,9,2,2,MORTGAGE,home_improvement,0
APP106078,49,37230.09,39.0,9766.2,597.0,2078.67,6,21,3,RENT,home_improvement,1
APP106079,52,38158.0,1.0,8219.81,678.0,14497.4,5,5,0,MORTGAGE,debt_consolidation,0
APP106080,64,37596.19,34.0,8205.98,562.0,5433.2,11,7,0,MORTGAGE,car,1
APP106081,39,9749.13,34.0,17299.41,641.0,11400.72,3,16,2,MORTGAGE,car,1
APP106082,32,33098.62,14.0,12604.0,653.0,2038.58,0,5,1,RENT,credit_card,0
APP106083,66,18361.78,19.0,13781.19,576.0,3553.03,3,24,1,OWN,credit_card,1
APP106084,53,81892.92,4.0,12066.37,694.0,1633.86,3,23,2,MORTGAGE,debt_consolidation,1
APP106085,58,80261.19,14.0,17604.82,637.0,8242.53,2,11,2,OWN,credit_card,1
APP106086,42,55601.71,9.0,21645.56,662.0,3006.13,4,21,1,MORTGAGE,credit_card,0
APP106087,42,32233.65,36.0,8332.94,747.0,3154.47,10,1,1,MORTGAGE,credit_card,0
APP106088,40,21938.37,4.0,16182.43,615.0,23497.35,3,24,1,MORTGAGE,debt_consolidation,1
APP106089,57,26139.67,13.0,4547.29,718.0,8375.15,2,10,3,OWN,debt_consolidation,0
APP106090,31,95924.91,19.0,2561.03,765.0,8293.85,5,28,0,MORTGAGE,car,0
APP106091,68,25691.14,39.0,29609.28,760.0,1878.66,14,2,1,MORTGAGE,debt_consolidation,0
APP106092,29,11183.58,32.0,8102.96,634.0,1112.05,14,6,1,MORTGAGE,business,1
APP106093,43,60784.05,37.0,11515.9,572.0,10684.06,0,5,1,OWN,home_improvement,1
APP106094,36,76899.26,12.0,4745.11,593.0,818.68,0,18,1,OWN,home_improvement,0
APP106095,52,83250.37,10.0,4615.58,523.0,3290.31,4,14,1,MORTGAGE,credit_card,1
APP106096,54,61033.25,22.0,6452.57,704.0,2567.5,2,0,1,RENT,debt_consolidation,0
APP106097,66,66221.46,13.0,14555.71,709.0,2344.64,12,26,0,RENT,credit_card,0
APP106098,59,37289.5,0.0,7259.56,659.0,3453.84,2,10,1,OWN,home_improvement,0
APP106099,33,12859.68,32.0,8091.15,539.0,2112.07,1,26,1,MORTGAGE,credit_card,1
APP106100,31,36825.3,3.0,6331.51,620.0,1857.88,3,10,3,RENT,business,1
APP106101,64,49552.42,7.0,19919.87,,6027.37,8,21,1,MORTGAGE,debt_consolidation,0
APP106102,44,33940.52,37.0,16665.87,698.0,11534.01,2,28,1,RENT,car,0
APP106103,25,33176.0,29.0,7402.04,712.0,1225.36,4,25,0,OWN,credit_card,0
APP106104,61,22425.21,25.0,14920.18,850.0,5747.05,7,20,1,RENT,home_improvement,0
APP106105,52,22007.32,5.0,8542.92,676.0,7578.96,14,16,1,MORTGAGE,debt_consolidation,1
APP106106,22,91041.82,10.0,8082.61,477.0,7024.86,12,24,1,MORTGAGE,home_improvement,1
APP106107,59,92704.58,8.0,9606.29,561.0,4117.58,3,28,1,MORTGAGE,credit_card,1
APP106108,50,36267.47,25.0,14558.65,,3048.31,4,14,4,RENT,other,1
APP106109,51,41804.61,20.0,5794.59,651.0,9017.02,1,25,1,MORTGAGE,home_improvement,0
APP106110,63,22238.29,14.0,13378.94,636.0,6426.83,4,0,2,OWN,credit_card,1
APP106111,45,50075.51,29.0,44297.9,637.0,1079.83,9,19,0,MORTGAGE,debt_consolidation,0
APP106112,43,87537.68,31.0,11046.54,587.0,4118.11,7,28,4,RENT,debt_consolidation,1
APP106113,51,16905.34,29.0,10111.52,679.0,5137.85,5,7,0,RENT,credit_card,0
APP106114,30,45795.52,4.0,9409.73,761.0,2048.82,0,24,3,OWN,home_improvement,1
APP106115,28,47548.77,24.0,13186.21,788.0,4045.03,13,22,0,OWN,debt_consolidation,0
APP106116,62,47278.14,8.0,3765.96,786.0,7282.51,5,4,0,RENT,business,0
APP106117,31,82570.59,10.0,27464.53,573.0,2535.47,13,26,0,MORTGAGE,business,0
APP106118,45,100509.66,39.0,17831.33,648.0,5921.77,11,18,0,MORTGAGE,debt_consolidation,0
APP106119,34,32314.07,16.0,6723.0,624.0,2226.92,11,14,3,RENT,car,1
APP106120,32,50847.53,31.0,10086.25,697.0,1827.41,6,8,1,OWN,business,1
APP106121,50,37877.66,9.0,7083.98,643.0,8042.31,1,10,0,MORTGAGE,home_improvement,0
APP106122,60,26474.63,38.0,11843.58,631.0,12571.64,3,14,0,MORTGAGE,home_improvement,0
APP106123,42,41581.35,11.0,10268.24,766.0,1906.49,9,10,1,RENT,debt_consolidation,0
APP106124,27,50804.99,7.0,11352.35,657.0,10534.6,8,13,2,MORTGAGE,credit_card,1
APP106125,32,40475.99,,5340.14,659.0,4863.83,1,22,0,RENT,credit_card,0
APP106126,29,23374.7,6.0,7413.62,683.0,836.51,12,6,2,MORTGAGE,credit_card,0
APP106127,64,28802.56,23.0,19685.44,704.0,1559.38,0,28,1,MORTGAGE,credit_card,0
APP106128,36,28912.99,5.0,7184.82,704.0,7995.32,7,10,2,OWN,debt_consolidation,1
APP106129,39,23831.85,8.0,2026.17,774.0,1340.56,2,12,2,MORTGAGE,debt_consolidation,0
APP106130,24,42479.2,28.0,9041.87,547.0,2996.36,2,12,1,MORTGAGE,credit_card,1
APP106131,42,44759.37,1.0,42061.78,675.0,4605.08,7,3,0,MORTGAGE,debt_consolidation,0
APP106132,65,59264.09,17.0,16470.51,641.0,7033.33,4,16,1,RENT,debt_consolidation,1
APP106133,41,23651.67,27.0,6970.99,625.0,5697.29,6,1,5,OWN,credit_card,1
APP106134,52,27207.85,17.0,9601.16,710.0,17237.57,14,24,0,RENT,business,1
APP106135,29,79006.45,0.0,14882.12,753.0,2558.96,11,24,0,RENT,credit_card,0
APP106136,28,33448.16,6.0,3450.41,602.0,5318.16,4,9,0,OWN,car,1
APP106137,56,36866.76,38.0,5921.62,784.0,7059.27,7,9,0,MORTGAGE,credit_card,0
APP106138,24,33271.22,30.0,12569.24,535.0,8690.16,5,7,3,RENT,other,1
APP106139,42,63992.13,14.0,25762.93,697.0,11395.98,3,24,3,OWN,credit_card,0
APP106140,36,65244.98,34.0,7603.82,578.0,3472.9,6,29,2,OWN,business,1
APP106141,21,63361.02,0.0,25341.8,598.0,8276.59,2,3,2,RENT,business,1
APP106142,47,36801.13,,6294.34,654.0,2343.31,3,4,0,MORTGAGE,car,1
APP106143,68,23477.13,35.0,1298.15,618.0,4618.58,8,1,2,MORTGAGE,other,1
APP106144,24,95092.61,26.0,15464.25,420.0,7339.3,11,13,0,MORTGAGE,business,1
APP106145,60,55723.35,23.0,13687.51,698.0,10724.78,10,9,2,RENT,business,0
APP106146,47,28902.13,13.0,15393.65,712.0,7755.67,14,11,0,OWN,credit_card,0
APP106147,56,74006.59,32.0,15036.91,637.0,5284.0,3,9,1,MORTGAGE,debt_consolidation,0
APP106148,25,27783.44,24.0,11103.88,630.0,4611.98,1,16,0,MORTGAGE,home_improvement,0
APP106149,63,73522.86,17.0,8473.6,620.0,7623.83,9,29,1,RENT,credit_card,0
APP106150,21,76049.7,15.0,8669.68,513.0,28321.38,8,29,4,MORTGAGE,debt_consolidation,1
APP106151,65,22908.39,14.0,7508.26,504.0,9736.84,12,7,1,RENT,business,1
APP106152,53,48575.72,23.0,7783.53,714.0,6669.1,1,25,1,MORTGAGE,debt_consolidation,1
APP106153,37,53696.08,26.0,3338.84,735.0,1643.9,3,22,5,MORTGAGE,credit_card,1
APP106154,21,134249.41,32.0,4776.27,697.0,2500.93,6,27,2,RENT,debt_consolidation,0
APP106155,50,25055.52,16.0,8972.75,680.0,3792.34,12,27,4,MORTGAGE,credit_card,1
APP106156,25,74330.13,10.0,2579.83,712.0,10178.34,2,3,0,OWN,debt_consolidation,0
APP106157,50,36631.84,22.0,2966.97,707.0,2322.94,14,23,1,RENT,car,0
APP106158,58,,23.0,8098.47,587.0,8217.01,1,22,0,MORTGAGE,home_improvement,0
APP106159,34,34200.87,11.0,9163.66,667.0,5408.67,14,29,0,RENT,debt_consolidation,0
APP106160,32,36360.28,2.0,8200.8,626.0,6528.58,10,22,1,RENT,debt_consolidation,0
APP106161,31,21387.35,13.0,2373.34,627.0,4134.97,2,5,3,MORTGAGE,debt_consolidation,1
APP106162,32,42450.2,2.0,25120.44,741.0,3049.39,14,10,2,OWN,car,1
APP106163,26,58624.3,3.0,4180.82,775.0,2255.19,0,20,3,OWN,home_improvement,1
APP106164,33,40908.79,38.0,6057.81,462.0,8016.65,5,9,1,RENT,credit_card,1
APP106165,53,27696.96,31.0,4642.18,629.0,4622.18,10,15,1,MORTGAGE,business,1
APP106166,35,33717.22,1.0,21577.76,625.0,2076.02,5,18,1,MORTGAGE,debt_consolidation,1
APP106167,59,36233.1,13.0,12744.46,742.0,5875.96,5,26,3,RENT,debt_consolidation,0
APP106168,61,40483.95,10.0,7450.63,533.0,76011.42,4,4,0,OWN,car,1
APP106169,58,63254.11,38.0,7142.42,410.0,4183.16,2,22,0,MORTGAGE,debt_consolidation,1
APP106170,47,41604.76,17.0,11023.18,715.0,18458.56,8,27,4,RENT,home_improvement,1
APP106171,36,18009.45,10.0,4684.75,727.0,621.28,6,23,2,MORTGAGE,credit_card,1
APP106172,66,27414.83,25.0,12437.15,507.0,3958.51,12,0,2,MORTGAGE,credit_card,1
APP106173,31,39458.73,19.0,7121.07,640.0,10549.46,8,11,1,MORTGAGE,debt_consolidation,0
APP106174,43,63707.8,7.0,13518.08,772.0,4976.31,7,16,1,OWN,debt_consolidation,0
APP106175,43,69488.96,12.0,13245.77,563.0,2939.2,2,20,0,MORTGAGE,credit_card,0
APP106176,57,88198.27,5.0,6931.51,658.0,4811.95,3,23,1,OWN,home_improvement,0
APP106177,47,38766.32,27.0,2888.15,690.0,10808.49,0,26,2,MORTGAGE,debt_consolidation,0
APP106178,60,53191.54,38.0,8534.78,535.0,27303.08,14,24,1,OWN,other,1
APP106179,66,17549.3,32.0,4147.73,604.0,11526.51,11,5,0,OWN,business,0
APP106180,40,45023.54,15.0,10375.27,514.0,3282.04,4,19,3,MORTGAGE,car,1
APP106181,63,21212.97,19.0,8485.01,636.0,4079.38,6,0,2,MORTGAGE,home_improvement,1
APP106182,29,35197.5,2.0,6954.91,586.0,4103.73,8,3,1,MORTGAGE,car,1
APP106183,65,165201.17,14.0,4549.0,666.0,2455.78,3,9,1,OWN,car,1
APP106184,29,42267.64,1.0,20172.46,700.0,4341.38,1,18,1,RENT,credit_card,0
APP106185,62,23578.57,29.0,7538.59,761.0,3947.97,14,25,0,OWN,debt_consolidation,0
APP106186,40,44528.94,36.0,40619.78,836.0,1880.99,5,22,1,OWN,debt_consolidation,0
APP106187,68,28042.1,7.0,10106.74,666.0,9609.46,11,13,1,RENT,business,0
APP106188,27,22463.07,26.0,12221.52,624.0,6882.52,9,2,2,RENT,business,1
APP106189,43,103940.07,23.0,10132.74,620.0,2943.17,6,7,2,OWN,credit_card,1
APP106190,65,61908.08,16.0,12148.28,572.0,5531.64,9,19,1,OWN,car,0
APP106191,23,43164.27,29.0,19065.06,685.0,2271.87,4,27,2,MORTGAGE,car,1
APP106192,33,,27.0,19197.51,610.0,3159.6,3,3,1,MORTGAGE,home_improvement,1
APP106193,25,31088.87,10.0,3429.04,691.0,8519.74,10,1,1,OWN,debt_consolidation,0
APP106194,36,78530.39,31.0,16536.06,575.0,7164.09,11,15,1,OWN,debt_consolidation,1
APP106195,40,42331.58,26.0,13336.82,612.0,3259.89,10,24,0,RENT,debt_consolidation,0
APP106196,51,7774.45,12.0,10112.58,684.0,6305.46,10,6,0,OWN,debt_consolidation,0
APP106197,33,121840.64,29.0,27654.14,640.0,4630.86,13,23,1,RENT,debt_consolidation,0
APP106198,28,39796.38,25.0,28329.53,496.0,2213.19,4,29,2,RENT,credit_card,1
APP106199,29,43117.51,4.0,17030.44,648.0,4299.3,0,15,3,OWN,home_improvement,1
APP106200,66,62526.6,6.0,7142.94,585.0,6943.95,4,21,3,RENT,debt_consolidation,1
APP106201,67,45830.33,12.0,4839.23,744.0,6278.76,9,7,2,RENT,home_improvement,1
APP106202,31,52757.14,1.0,15562.82,727.0,1268.9,8,21,1,MORTGAGE,car,0
APP106203,30,29382.02,16.0,22375.46,467.0,5613.21,4,13,3,OWN,other,1
APP106204,23,19635.66,18.0,2930.14,714.0,5015.76,11,24,3,RENT,car,1
APP106205,68,41777.63,31.0,18992.07,681.0,1076.4,14,10,1,RENT,car,0
APP106206,55,74295.62,6.0,8493.71,531.0,2574.9,1,17,3,MORTGAGE,debt_consolidation,1
APP106207,58,26267.79,22.0,3342.91,720.0,7283.05,0,4,1,MORTGAGE,car,0
APP106208,35,25235.02,26.0,13116.65,547.0,14881.02,10,19,3,MORTGAGE,home_improvement,1
APP106209,52,66870.26,17.0,17079.46,741.0,1322.91,7,17,0,RENT,credit_card,0
APP106210,23,28893.66,36.0,8015.97,598.0,10758.41,10,10,0,RENT,other,1
APP106211,54,29576.05,12.0,5247.92,528.0,1091.93,10,5,3,OWN,debt_consolidation,1
APP106212,49,30134.56,16.0,27646.5,819.0,15033.17,0,28,3,MORTGAGE,car,0
APP106213,37,35154.56,,6626.41,526.0,4060.52,11,29,1,MORTGAGE,home_improvement,1
APP106214,55,16534.11,16.0,19844.52,585.0,2774.49,2,14,0,OWN,credit_card,0
APP106215,52,27731.66,0.0,3992.49,601.0,6526.52,9,17,0,OWN,business,1
APP106216,42,40748.9,39.0,12703.12,613.0,2275.61,14,19,3,MORTGAGE,debt_consolidation,0
APP106217,30,40603.88,9.0,12487.76,705.0,7425.96,7,3,1,MORTGAGE,debt_consolidation,1
APP106218,22,64795.83,32.0,16714.8,654.0,4450.74,5,7,2,RENT,business,1
APP106219,66,91098.45,4.0,24240.74,730.0,233.22,13,18,1,MORTGAGE,credit_card,0
APP106220,34,77361.28,10.0,6074.3,679.0,2569.4,6,18,0,RENT,debt_consolidation,0
APP106221,35,57372.83,4.0,13527.3,516.0,5726.6,8,11,0,RENT,debt_consolidation,0
APP106222,54,33712.79,14.0,4359.27,693.0,11535.4,3,15,1,OWN,debt_consolidation,0
APP106223,33,26594.65,24.0,4329.69,668.0,6407.33,7,5,3,MORTGAGE,car,1
APP106224,39,36641.59,16.0,6995.34,600.0,11389.03,1,21,0,OWN,debt_consolidation,1
APP106225,55,48668.6,24.0,12652.33,815.0,2403.86,12,8,2,OWN,debt_consolidation,0
APP106226,50,54773.89,32.0,27068.36,698.0,8796.56,9,29,1,RENT,other,0
APP106227,53,49589.92,1.0,30193.06,725.0,8915.36,6,7,2,OWN,car,0
APP106228,21,34180.56,16.0,7998.95,728.0,1333.04,11,1,2,MORTGAGE,debt_consolidation,1
APP106229,43,53821.65,23.0,11888.43,616.0,11844.42,9,17,0,RENT,other,1
APP106230,44,68216.12,20.0,17427.48,700.0,6386.22,6,4,2,MORTGAGE,business,1
APP106231,51,56391.87,5.0,15665.71,675.0,3923.82,4,8,0,MORTGAGE,home_improvement,0
APP106232,28,35738.85,8.0,8940.31,605.0,3870.15,1,15,2,MORTGAGE,credit_card,1
APP106233,28,23934.49,15.0,10359.54,552.0,2142.19,3,1,0,OWN,credit_card,0
APP106234,58,23652.32,26.0,9264.0,651.0,8140.83,6,6,1,RENT,home_improvement,0
APP106235,53,25832.57,39.0,8733.97,696.0,6258.14,6,24,1,RENT,debt_consolidation,0
APP106236,60,41296.69,14.0,8063.91,651.0,7834.88,14,7,0,RENT,business,0
APP106237,34,47094.05,,9211.47,635.0,5235.36,5,8,0,RENT,debt_consolidation,0
APP106238,69,17903.18,12.0,7758.25,652.0,5794.3,7,13,2,MORTGAGE,debt_consolidation,1
APP106239,34,28226.1,1.0,5007.79,627.0,3878.79,0,9,1,OWN,car,1
APP106240,52,41012.93,15.0,16606.48,773.0,11631.07,1,28,1,RENT,home_improvement,0
APP106241,28,,13.0,13490.68,671.0,7983.2,7,12,1,OWN,credit_card,0
APP106242,66,45114.19,6.0,30514.47,611.0,5643.61,5,6,0,MORTGAGE,debt_consolidation,0
APP106243,37,31141.16,26.0,12353.7,505.0,4413.15,9,23,0,RENT,credit_card,1
APP106244,60,25293.17,10.0,7706.53,634.0,1194.69,12,0,1,RENT,home_improvement,1
APP106245,37,37294.56,8.0,6796.33,603.0,1004.55,0,18,0,RENT,debt_consolidation,1
APP106246,59,44184.98,15.0,10182.44,600.0,3660.51,2,14,1,MORTGAGE,car,1
APP106247,43,23759.45,38.0,13790.36,725.0,13560.99,8,2,0,OWN,debt_consolidation,0
APP106248,24,32166.92,25.0,8545.62,656.0,2796.46,1,7,4,MORTGAGE,car,1
APP106249,30,45882.51,17.0,4096.33,515.0,2885.83,4,13,0,RENT,home_improvement,0
APP106250,54,24808.83,32.0,6352.44,699.0,2257.74,10,0,2,MORTGAGE,debt_consolidation,0
APP106251,30,15853.12,0.0,10004.75,523.0,1750.56,0,22,3,MORTGAGE,credit_card,1
APP106252,34,16843.38,13.0,15431.56,705.0,2365.65,9,24,2,OWN,home_improvement,0
APP106253,47,29465.48,21.0,4058.24,611.0,6141.99,1,1,0,RENT,debt_consolidation,1
APP106254,33,18784.57,19.0,11603.36,656.0,3316.04,11,11,1,MORTGAGE,credit_card,1
APP106255,27,30520.05,27.0,11301.29,648.0,3197.84,10,1,0,RENT,car,1
APP106256,51,83489.11,28.0,7548.12,638.0,2977.93,0,4,1,MORTGAGE,debt_consolidation,0
APP106257,54,18227.76,18.0,6959.39,666.0,5940.79,8,21,0,RENT,home_improvement,0
APP106258,56,31530.09,37.0,6362.69,656.0,6715.93,7,9,1,OWN,credit_card,1
APP106259,67,105466.88,37.0,10769.61,799.0,1101.91,14,15,0,MORTGAGE,debt_consolidation,0
APP106260,27,44536.53,19.0,19459.51,667.0,2675.24,0,7,0,RENT,debt_consolidation,1
APP106261,41,30216.35,36.0,20305.98,669.0,4575.58,10,4,0,MORTGAGE,business,0
APP106262,32,33575.73,25.0,5042.27,593.0,6982.26,8,25,0,RENT,business,1
APP106263,65,45011.86,5.0,8846.82,680.0,5443.38,14,20,0,RENT,credit_card,0
APP106264,47,84786.02,4.0,2654.19,568.0,9492.76,11,25,2,MORTGAGE,debt_consolidation,1
APP106265,25,27849.58,3.0,10567.2,742.0,1588.46,4,2,2,MORTGAGE,business,1
APP106266,54,24864.46,8.0,14165.84,531.0,6850.97,1,6,2,RENT,debt_consolidation,1
APP106267,23,18225.84,12.0,25401.84,582.0,25362.74,8,13,1,RENT,credit_card,1
APP106268,34,38236.58,2.0,3388.44,519.0,5106.03,12,29,2,MORTGAGE,credit_card,1
APP106269,56,17982.54,24.0,5152.12,683.0,5275.24,8,24,0,OWN,home_improvement,0
APP106270,45,28799.37,16.0,10791.15,616.0,7445.82,8,15,2,MORTGAGE,home_improvement,1
APP106271,58,23055.47,24.0,3747.96,704.0,3177.12,7,5,0,MORTGAGE,home_improvement,0
APP106272,48,62134.82,20.0,10974.47,571.0,2304.27,5,28,2,RENT,car,1
APP106273,62,28164.06,10.0,14382.99,692.0,5148.28,13,17,0,RENT,credit_card,0
APP106274,48,44287.83,24.0,4588.13,696.0,1308.71,2,23,0,RENT,car,0
APP106275,23,16284.26,38.0,10716.62,666.0,6746.46,7,11,3,OWN,home_improvement,1
APP106276,24,38783.63,12.0,4782.28,652.0,7720.39,13,22,3,OWN,other,1
APP106277,59,19898.9,12.0,22589.84,660.0,1362.31,3,26,2,RENT,home_improvement,1
APP106278,22,29353.75,20.0,11203.57,577.0,5599.34,6,12,2,MORTGAGE,car,1
APP106279,39,109710.6,32.0,6740.99,563.0,4133.25,10,19,1,RENT,debt_consolidation,1
APP106280,21,57877.69,21.0,4708.46,693.0,16031.37,1,23,3,RENT,debt_consolidation,1
APP106281,35,34057.1,33.0,12500.07,620.0,14014.85,3,10,1,MORTGAGE,debt_consolidation,1
APP106282,50,179776.73,2.0,22354.02,686.0,9636.33,10,19,0,OWN,debt_consolidation,0
APP106283,29,22980.76,3.0,6229.79,774.0,12946.04,1,14,0,MORTGAGE,car,0
APP106284,43,,16.0,7602.35,613.0,3669.54,5,16,2,RENT,debt_consolidation,0
APP106285,69,16876.25,9.0,6302.59,601.0,6050.86,8,15,0,MORTGAGE,debt_consolidation,0
APP106286,24,32145.85,0.0,25167.17,624.0,4015.98,12,6,2,RENT,debt_consolidation,1
APP106287,24,18510.72,8.0,3148.92,653.0,2213.37,2,29,0,OWN,debt_consolidation,0
APP106288,34,41300.83,10.0,21404.49,699.0,5250.78,8,9,2,OWN,home_improvement,1
APP106289,61,37346.15,36.0,7892.6,647.0,4598.13,10,22,1,RENT,credit_card,0
APP106290,40,31137.48,31.0,9480.87,816.0,4180.32,5,23,1,MORTGAGE,debt_consolidation,0
APP106291,52,62694.47,14.0,8067.66,683.0,4687.28,6,21,0,MORTGAGE,debt_consolidation,1
APP106292,22,27349.42,38.0,11427.3,712.0,5159.73,6,6,2,MORTGAGE,business,0
APP106293,57,42762.89,33.0,6387.64,647.0,9999.66,12,29,1,OWN,debt_consolidation,0
APP106294,24,54736.03,10.0,18676.66,730.0,3079.18,9,18,3,OWN,credit_card,0
APP106295,55,17298.75,19.0,19137.37,633.0,1765.68,6,4,3,MORTGAGE,credit_card,1
APP106296,28,24979.05,36.0,5486.0,598.0,8454.05,0,18,1,OWN,credit_card,1
APP106297,63,37306.78,18.0,14771.87,722.0,9752.35,5,14,0,RENT,home_improvement,0
APP106298,35,49765.47,14.0,7991.26,645.0,6544.38,12,20,2,MORTGAGE,credit_card,1
APP106299,30,73911.14,36.0,10208.54,669.0,1976.27,6,28,1,OWN,debt_consolidation,0
APP106300,37,32599.76,26.0,24713.14,728.0,4424.04,5,7,1,RENT,debt_consolidation,1
APP106301,21,31000.68,17.0,6604.98,661.0,6173.59,10,25,0,RENT,other,0
APP106302,29,23475.25,34.0,17256.25,638.0,2090.85,14,25,2,OWN,home_improvement,1
APP106303,50,42829.91,29.0,13020.43,607.0,2666.27,2,6,3,RENT,credit_card,1
APP106304,35,31302.12,13.0,8809.47,734.0,4370.97,14,8,4,MORTGAGE,debt_consolidation,1
APP106305,38,31665.53,16.0,12338.04,622.0,12661.93,5,12,0,OWN,home_improvement,1
APP106306,60,34650.1,1.0,11487.87,645.0,5884.81,8,8,0,MORTGAGE,credit_card,1
APP106307,27,47849.41,4.0,4939.35,672.0,3108.75,4,5,0,MORTGAGE,debt_consolidation,0
APP106308,40,27395.52,38.0,6877.19,672.0,4182.51,0,22,1,MORTGAGE,credit_card,0
APP106309,30,24684.26,2.0,5286.17,731.0,2884.13,5,21,2,RENT,debt_consolidation,1
APP106310,44,45065.04,33.0,8383.57,644.0,3534.73,13,22,2,OWN,credit_card,0
APP106311,37,7999.53,8.0,22181.66,760.0,8758.81,13,18,2,RENT,debt_consolidation,0
APP106312,23,26853.75,21.0,14025.28,630.0,1057.86,5,5,2,MORTGAGE,home_improvement,1
APP106313,24,20421.53,28.0,4189.96,679.0,14072.19,9,17,2,RENT,car,1
APP106314,62,66279.05,39.0,8399.94,635.0,28320.63,11,16,1,MORTGAGE,home_improvement,0
APP106315,23,29130.28,14.0,11386.4,817.0,5597.36,7,27,1,OWN,car,0
APP106316,59,27436.84,37.0,15466.83,621.0,2527.89,12,26,1,MORTGAGE,home_improvement,0
APP106317,65,35443.27,18.0,6697.84,629.0,12463.84,1,3,2,MORTGAGE,home_improvement,1
APP106318,43,26965.51,34.0,4710.46,,6138.63,13,16,1,MORTGAGE,other,0
APP106319,36,29693.28,4.0,9568.14,628.0,3226.75,8,28,2,RENT,car,1
APP106320,59,38122.32,10.0,13924.68,675.0,2258.57,2,21,1,MORTGAGE,debt_consolidation,1
APP106321,69,29406.76,24.0,11394.75,748.0,3552.23,11,14,2,RENT,home_improvement,0
APP106322,26,29301.42,28.0,5820.8,661.0,5733.41,13,20,0,MORTGAGE,debt_consolidation,0
APP106323,68,21914.88,32.0,28361.03,664.0,10060.83,5,0,1,MORTGAGE,debt_consolidation,1
APP106324,67,20396.29,14.0,9327.39,631.0,6169.4,6,14,1,MORTGAGE,credit_card,1
APP106325,27,37433.39,24.0,11116.95,609.0,7067.72,13,27,2,RENT,debt_consolidation,0
APP106326,23,42332.07,24.0,6652.98,657.0,3763.13,8,13,0,RENT,business,1
APP106327,56,17781.64,39.0,19223.81,650.0,9739.48,5,27,2,OWN,business,1
APP106328,24,53102.04,4.0,13948.23,743.0,4165.63,9,23,0,OWN,home_improvement,0
APP106329,50,53211.18,0.0,11953.72,573.0,21383.9,2,28,5,OWN,debt_consolidation,1
APP106330,24,59121.18,22.0,4959.24,766.0,2915.45,5,4,0,MORTGAGE,debt_consolidation,0
APP106331,54,42190.25,0.0,19080.42,638.0,6741.22,12,25,3,MORTGAGE,debt_consolidation,1
APP106332,32,49938.18,7.0,15586.21,661.0,28325.34,1,6,0,MORTGAGE,home_improvement,1
APP106333,25,108284.03,20.0,18196.05,564.0,11311.37,8,8,0,OWN,credit_card,1
APP106334,24,31233.27,10.0,10119.48,694.0,8922.51,10,3,2,OWN,debt_consolidation,1
APP106335,30,21528.96,10.0,9462.42,573.0,6232.08,7,8,2,MORTGAGE,car,1
APP106336,47,16864.57,13.0,8872.79,,5126.96,5,19,1,MORTGAGE,debt_consolidation,1
APP106337,24,87363.86,27.0,38847.49,672.0,4276.57,13,9,1,MORTGAGE,car,0
APP106338,60,87938.56,14.0,7147.6,623.0,3135.54,12,0,3,RENT,business,1
APP106339,50,22872.72,31.0,4857.37,484.0,1438.59,12,6,3,MORTGAGE,credit_card,1
APP106340,35,25243.89,6.0,7911.29,,8204.96,1,3,1,MORTGAGE,car,0
APP106341,69,30884.34,4.0,7187.68,565.0,1435.94,14,27,0,MORTGAGE,other,1
APP106342,53,66978.6,6.0,21076.38,671.0,8275.95,7,22,1,MORTGAGE,debt_consolidation,1
APP106343,53,19079.1,36.0,4387.02,591.0,3837.59,10,16,2,MORTGAGE,debt_consolidation,1
APP106344,29,13584.58,11.0,7067.24,733.0,2288.43,5,25,1,MORTGAGE,credit_card,0
APP106345,55,107340.06,1.0,11095.71,619.0,15131.72,8,7,1,OWN,other,1
APP106346,48,42454.43,12.0,21183.45,589.0,1541.83,10,27,2,RENT,home_improvement,1
APP106347,69,45579.2,27.0,15182.21,697.0,2884.45,8,23,3,RENT,debt_consolidation,0
APP106348,44,32775.84,14.0,26144.93,548.0,3108.45,8,7,0,RENT,credit_card,1
APP106349,54,45839.09,15.0,12179.09,616.0,5539.5,5,18,1,RENT,debt_consolidation,1
APP106350,37,17032.82,3.0,8758.92,705.0,3010.48,14,28,0,OWN,debt_consolidation,0
APP106351,22,23850.01,26.0,16536.64,770.0,15825.41,2,11,1,MORTGAGE,car,0
APP106352,27,38276.02,8.0,4357.72,573.0,1640.84,5,6,0,OWN,other,1
APP106353,63,11667.41,3.0,3547.75,601.0,129098.94,12,27,1,RENT,business,1
APP106354,57,31217.72,28.0,17778.73,678.0,2106.92,7,9,0,RENT,debt_consolidation,0
APP106355,38,30270.16,37.0,11229.96,490.0,52297.08,0,16,1,MORTGAGE,business,1
APP106356,55,31215.03,24.0,17648.43,758.0,11783.24,1,2,0,OWN,debt_consolidation,1
APP106357,21,27569.33,37.0,5934.73,570.0,4499.71,13,18,2,MORTGAGE,debt_consolidation,1
APP106358,22,22071.76,16.0,21394.1,615.0,5891.72,14,29,1,OWN,debt_consolidation,0
APP106359,45,14603.03,20.0,14797.53,670.0,3630.01,3,0,0,OWN,car,0
APP106360,51,39041.23,14.0,9714.04,654.0,6487.59,3,8,2,OWN,debt_consolidation,1
APP106361,66,31255.11,20.0,11208.29,572.0,2725.45,3,18,0,OWN,credit_card,1
APP106362,58,18258.01,35.0,12187.39,787.0,8666.26,13,17,2,RENT,credit_card,0
APP106363,33,37468.91,25.0,5919.22,443.0,5685.07,0,12,1,OWN,debt_consolidation,1
APP106364,60,31336.06,1.0,7855.67,560.0,2226.96,1,9,3,MORTGAGE,debt_consolidation,1
APP106365,45,28839.12,23.0,12072.36,599.0,6916.86,5,22,0,OWN,debt_consolidation,0
APP106366,61,12351.74,15.0,7668.83,574.0,6583.6,14,14,0,MORTGAGE,debt_consolidation,1
APP106367,29,51092.03,21.0,4098.39,747.0,2769.14,1,1,0,MORTGAGE,credit_card,0
APP106368,22,19603.72,22.0,11812.73,517.0,3490.62,4,4,1,MORTGAGE,credit_card,1
APP106369,23,37482.71,23.0,16344.07,774.0,7405.58,2,11,2,RENT,debt_consolidation,0
APP106370,69,24242.58,34.0,18790.76,627.0,11761.54,4,19,0,RENT,home_improvement,0
APP106371,24,29900.69,34.0,13621.25,541.0,4386.11,10,1,2,MORTGAGE,debt_consolidation,0
APP106372,67,64611.41,38.0,16171.15,481.0,10347.75,2,29,3,MORTGAGE,debt_consolidation,1
APP106373,56,47373.07,24.0,17899.1,632.0,12502.06,6,27,1,MORTGAGE,business,1
APP106374,28,63896.51,11.0,10381.63,593.0,13941.32,2,2,1,MORTGAGE,debt_consolidation,1
APP106375,63,42838.51,7.0,2775.68,668.0,6860.85,0,12,1,OWN,credit_card,1
APP106376,28,44270.41,33.0,19848.2,613.0,2388.93,7,11,1,MORTGAGE,credit_card,1
APP106377,28,14904.68,36.0,5790.7,726.0,10027.01,4,4,0,RENT,business,1
APP106378,49,30984.35,1.0,5021.45,638.0,4217.0,11,15,0,RENT,car,0
APP106379,35,32452.91,8.0,5104.9,616.0,7370.23,0,22,2,OWN,debt_consolidation,1
APP106380,35,66958.77,27.0,43947.31,727.0,2971.42,0,15,1,RENT,debt_consolidation,0
APP106381,30,,6.0,12891.57,668.0,3040.76,13,26,2,MORTGAGE,credit_card,1
APP106382,50,41457.74,2.0,5297.71,711.0,2804.23,6,19,1,RENT,credit_card,1
APP106383,22,40655.06,39.0,6567.9,741.0,1702.79,12,23,1,MORTGAGE,debt_consolidation,0
APP106384,33,64785.53,3.0,9892.82,626.0,3073.59,1,25,2,RENT,home_improvement,1
APP106385,48,33966.43,8.0,13703.99,653.0,2150.88,5,25,2,RENT,business,1
APP106386,44,54934.31,39.0,11702.71,717.0,7731.15,10,17,3,RENT,debt_consolidation,0
APP106387,55,15484.08,4.0,5669.39,453.0,2096.65,3,25,1,RENT,car,1
APP106388,31,16203.63,31.0,11971.55,641.0,2876.86,3,11,1,RENT,debt_consolidation,0
APP106389,52,11594.98,22.0,6858.8,632.0,4927.29,1,29,1,MORTGAGE,car,0
APP106390,58,53798.05,21.0,18548.59,679.0,20950.98,5,19,1,RENT,car,1
APP106391,40,50860.07,33.0,10237.14,585.0,2825.15,10,10,2,MORTGAGE,home_improvement,1
APP106392,33,56863.78,0.0,6275.44,737.0,1626.56,4,1,1,RENT,business,1
APP106393,48,25882.42,2.0,14963.55,590.0,1720.74,1,10,0,MORTGAGE,car,1
APP106394,49,27398.02,7.0,12455.87,613.0,2468.8,9,14,3,MORTGAGE,business,0
APP106395,25,34182.74,19.0,7443.38,596.0,2906.01,10,3,1,RENT,home_improvement,1
APP106396,48,74745.9,38.0,15337.49,748.0,31060.25,6,17,5,MORTGAGE,debt_consolidation,1
APP106397,28,84703.66,2.0,14435.85,483.0,10650.86,3,25,1,RENT,credit_card,1
APP106398,48,54008.91,16.0,20355.23,792.0,3819.92,10,9,0,MORTGAGE,debt_consolidation,0
APP106399,66,42852.1,17.0,15154.96,767.0,21639.65,10,27,0,RENT,business,0
APP106400,47,70805.46,7.0,8704.82,604.0,3010.72,8,12,0,MORTGAGE,credit_card,1
APP106401,58,31954.83,13.0,3589.19,732.0,3536.87,5,8,1,MORTGAGE,home_improvement,1
APP106402,36,29867.59,8.0,11069.93,660.0,3371.15,7,25,1,OWN,credit_card,0
APP106403,66,34046.72,5.0,12149.98,782.0,11175.49,2,18,0,OWN,debt_consolidation,0
APP106404,60,22262.14,20.0,10205.87,726.0,4647.21,0,18,2,OWN,debt_consolidation,0
APP106405,65,33272.79,37.0,1625.34,825.0,16413.52,4,7,2,MORTGAGE,debt_consolidation,0
APP106406,57,20770.65,16.0,14872.93,525.0,6954.91,7,17,0,OWN,credit_card,1
APP106407,52,60627.5,25.0,5725.98,665.0,10169.83,10,25,0,MORTGAGE,credit_card,1
APP106408,46,47659.81,26.0,14934.57,512.0,1149.52,3,5,0,OWN,debt_consolidation,0
APP106409,66,74219.43,33.0,27457.94,608.0,1262.29,10,0,2,MORTGAGE,business,1
APP106410,62,16080.44,32.0,8504.25,829.0,1295.97,4,22,2,MORTGAGE,debt_consolidation,0
APP106411,41,93981.05,36.0,12875.61,687.0,3489.49,8,20,0,MORTGAGE,credit_card,0
APP106412,25,16543.73,32.0,10093.7,728.0,1435.0,1,6,1,MORTGAGE,debt_consolidation,0
APP106413,21,19947.24,37.0,13566.38,691.0,13256.66,4,16,0,MORTGAGE,home_improvement,0
APP106414,32,26624.56,38.0,10530.88,686.0,4190.8,2,3,3,OWN,credit_card,0
APP106415,24,69832.89,29.0,7257.65,608.0,8040.71,9,8,1,MORTGAGE,car,1
APP106416,31,40651.33,19.0,5750.46,593.0,3314.9,10,5,0,MORTGAGE,car,0
APP106417,26,32147.35,12.0,25700.85,606.0,9507.55,0,27,1,RENT,credit_card,1
APP106418,69,24432.91,22.0,12876.15,431.0,1020.38,5,10,0,RENT,other,1
APP106419,25,18252.05,33.0,16290.04,643.0,4726.25,9,14,0,RENT,home_improvement,1
APP106420,51,63979.22,30.0,12574.64,669.0,7336.2,11,7,0,MORTGAGE,credit_card,0
APP106421,38,54139.52,20.0,17773.45,600.0,7847.91,11,15,1,MORTGAGE,credit_card,1
APP106422,29,71412.28,3.0,5781.51,639.0,3811.8,11,16,1,MORTGAGE,home_improvement,1
APP106423,55,44285.34,10.0,10403.62,692.0,1250.38,2,2,1,RENT,credit_card,0
APP106424,68,9690.96,23.0,13403.78,720.0,11037.3,9,23,0,RENT,home_improvement,0
APP106425,59,19491.01,15.0,21495.56,554.0,3590.98,12,12,0,RENT,debt_consolidation,1
APP106426,68,45818.15,18.0,49209.68,586.0,3849.48,8,14,0,OWN,debt_consolidation,0
APP106427,49,30186.24,12.0,12638.6,710.0,29009.17,13,4,1,OWN,home_improvement,1
APP106428,54,27462.56,3.0,6656.44,697.0,5309.65,12,1,1,RENT,credit_card,0
APP106429,28,20918.45,18.0,4830.06,757.0,3245.0,14,16,0,RENT,car,0
APP106430,62,58325.51,17.0,5750.9,754.0,3093.15,14,0,0,MORTGAGE,business,0
APP106431,57,45619.76,31.0,6220.02,843.0,8234.9,0,17,2,MORTGAGE,credit_card,0
APP106432,33,46657.81,4.0,1736.02,626.0,2548.6,5,22,1,OWN,debt_consolidation,0
APP106433,38,26454.96,19.0,6598.56,776.0,7400.96,13,7,0,MORTGAGE,credit_card,0
APP106434,50,39661.8,34.0,15215.11,576.0,11861.75,1,8,2,RENT,debt_consolidation,1
APP106435,21,18603.73,10.0,10355.16,841.0,4579.58,0,28,2,OWN,business,0
APP106436,61,34033.0,12.0,8474.57,686.0,10832.02,4,13,1,MORTGAGE,car,1
APP106437,34,10260.28,3.0,3739.95,693.0,4651.41,5,9,1,MORTGAGE,debt_consolidation,1
APP106438,24,16579.83,22.0,18587.53,729.0,2835.68,9,26,2,RENT,home_improvement,0
APP106439,37,30910.28,34.0,13454.76,541.0,1297.69,8,19,1,RENT,credit_card,1
APP106440,61,119080.98,19.0,9820.63,564.0,6124.72,11,17,1,RENT,car,1
APP106441,34,14759.3,16.0,2639.88,659.0,6228.36,3,29,2,MORTGAGE,other,1
APP106442,47,19500.78,29.0,7372.68,677.0,10775.75,7,18,1,OWN,home_improvement,0
APP106443,60,40472.88,17.0,12838.85,816.0,9976.28,5,24,1,RENT,debt_consolidation,0
APP106444,22,87966.51,15.0,9728.93,574.0,25690.91,13,21,1,MORTGAGE,debt_consolidation,1
APP106445,58,40178.46,30.0,11105.13,773.0,3087.68,13,22,0,MORTGAGE,home_improvement,0
APP106446,35,51589.37,11.0,14932.09,628.0,6533.68,12,20,1,RENT,home_improvement,0
APP106447,55,30674.84,33.0,10860.02,627.0,2835.32,2,1,0,MORTGAGE,other,0
APP106448,30,28132.74,10.0,14615.02,636.0,10342.86,1,5,0,RENT,debt_consolidation,0
APP106449,27,37838.87,20.0,5966.23,625.0,2341.33,8,15,3,OWN,debt_consolidation,1
APP106450,59,26130.42,10.0,4752.08,688.0,10208.4,10,21,3,OWN,home_improvement,0
APP106451,60,52163.31,25.0,13179.48,618.0,2726.49,12,22,1,MORTGAGE,home_improvement,0
APP106452,69,16266.52,17.0,14904.9,537.0,9074.37,11,24,0,MORTGAGE,home_improvement,1
APP106453,54,56669.62,9.0,13512.69,628.0,12902.45,3,19,0,RENT,car,0
APP106454,43,37036.4,29.0,10710.2,686.0,1417.6,5,1,1,RENT,credit_card,1
APP106455,30,32618.65,37.0,8148.39,537.0,1672.79,14,17,1,MORTGAGE,debt_consolidation,1
APP106456,35,15970.65,1.0,11232.78,696.0,5930.87,10,21,2,RENT,debt_consolidation,1
APP106457,52,22250.19,22.0,12426.42,744.0,5446.69,14,27,1,MORTGAGE,business,0
APP106458,37,66126.56,28.0,12881.9,768.0,3890.4,3,18,0,OWN,home_improvement,0
APP106459,44,32718.65,28.0,47300.86,677.0,3357.63,3,16,3,RENT,car,1
APP106460,29,41739.33,8.0,5695.99,505.0,2479.57,9,4,2,MORTGAGE,credit_card,1
APP106461,42,23393.98,4.0,68569.0,701.0,6405.13,7,25,3,MORTGAGE,credit_card,1
APP106462,32,35791.75,20.0,4655.98,727.0,2272.1,14,12,0,RENT,car,0
APP106463,26,18286.6,25.0,12473.99,594.0,6587.17,0,26,0,OWN,business,1
APP106464,27,38175.19,11.0,4832.38,644.0,3104.15,9,5,1,OWN,debt_consolidation,0
APP106465,46,43709.49,14.0,11893.49,688.0,3504.67,14,23,1,RENT,debt_consolidation,1
APP106466,38,42629.74,21.0,17841.34,792.0,12998.94,7,8,0,OWN,debt_consolidation,0
APP106467,25,23114.32,18.0,10092.52,629.0,10546.89,2,4,2,OWN,debt_consolidation,1
APP106468,46,30606.71,19.0,17744.81,721.0,2213.83,0,27,0,RENT,car,0
APP106469,29,47505.32,27.0,7675.52,675.0,2444.67,6,23,1,RENT,home_improvement,1
APP106470,21,32672.24,39.0,2893.09,665.0,9156.93,11,25,0,MORTGAGE,credit_card,0
APP106471,27,31456.07,31.0,14415.01,756.0,1560.74,10,23,1,OWN,credit_card,0
APP106472,42,94064.29,0.0,10080.75,583.0,15728.0,1,17,3,RENT,business,1
APP106473,67,22572.9,13.0,7422.21,668.0,5475.96,9,20,2,RENT,car,1
APP106474,32,62330.69,0.0,7736.18,652.0,3094.64,13,1,0,MORTGAGE,car,1
APP106475,34,20387.14,34.0,12631.5,529.0,4956.21,9,11,2,RENT,debt_consolidation,1
APP106476,32,50382.07,25.0,6071.01,748.0,14601.33,3,9,1,OWN,home_improvement,0
APP106477,38,51744.65,8.0,12396.22,716.0,893.46,0,8,0,MORTGAGE,credit_card,0
APP106478,56,28136.34,33.0,20194.84,652.0,11170.64,8,10,0,OWN,credit_card,1
APP106479,36,19756.97,22.0,34065.56,629.0,12780.01,11,19,0,RENT,debt_consolidation,1
APP106480,53,13558.7,2.0,22987.73,650.0,3801.98,13,18,1,MORTGAGE,credit_card,1
APP106481,65,26700.65,6.0,10905.77,706.0,4641.23,11,21,0,OWN,business,0
APP106482,67,47245.34,32.0,11551.83,654.0,5481.63,6,12,0,OWN,home_improvement,1
APP106483,48,21187.91,11.0,7784.2,596.0,8838.08,8,27,3,OWN,debt_consolidation,1
APP106484,55,38119.24,20.0,7484.68,608.0,2741.38,2,15,3,OWN,car,1
APP106485,66,17357.59,35.0,16700.92,649.0,4858.04,10,10,0,MORTGAGE,home_improvement,0
APP106486,59,32307.54,11.0,8229.61,575.0,4537.33,9,26,0,OWN,credit_card,0
APP106487,35,20465.14,0.0,12328.39,676.0,8459.76,0,8,2,RENT,credit_card,1
APP106488,27,34926.8,3.0,5555.23,586.0,41786.85,4,24,1,MORTGAGE,car,1
APP106489,26,28267.28,36.0,22520.64,573.0,2732.3,2,22,5,RENT,debt_consolidation,1
APP106490,64,20026.61,23.0,8156.14,850.0,5234.72,14,28,1,RENT,credit_card,0
APP106491,48,26122.79,13.0,19011.27,805.0,2674.07,1,29,1,RENT,car,0
APP106492,35,22763.68,3.0,6487.98,661.0,3324.03,7,4,1,OWN,business,0
APP106493,37,18826.82,27.0,6285.33,718.0,2078.15,4,8,3,MORTGAGE,car,1
APP106494,34,62403.27,1.0,21956.51,731.0,1444.64,13,14,1,RENT,home_improvement,0
APP106495,60,30330.61,3.0,6798.08,643.0,12661.01,3,8,0,RENT,business,1
APP106496,51,12074.94,23.0,3863.23,672.0,6534.57,14,4,1,MORTGAGE,car,0
APP106497,64,26591.84,25.0,5303.04,,5293.85,2,26,3,MORTGAGE,car,1
APP106498,35,,22.0,16548.08,750.0,2442.64,0,0,2,MORTGAGE,debt_consolidation,0
APP106499,44,24817.91,36.0,15621.01,751.0,4628.68,6,7,1,RENT,debt_consolidation,1
APP106500,26,76793.24,10.0,6263.53,774.0,1948.69,7,25,3,RENT,other,0
APP106501,68,23663.02,22.0,6774.82,671.0,4808.76,9,12,1,RENT,car,0
APP106502,46,46709.56,12.0,14821.14,823.0,6418.79,7,8,3,RENT,business,1
APP106503,48,60981.1,14.0,21797.54,643.0,3184.34,8,29,1,RENT,home_improvement,0
APP106504,41,45483.14,6.0,9496.9,813.0,2682.63,4,20,0,RENT,credit_card,0
APP106505,34,18265.2,31.0,13801.64,612.0,3314.82,12,24,2,MORTGAGE,credit_card,0
APP106506,67,22669.27,28.0,16714.97,546.0,9431.92,8,10,0,MORTGAGE,car,1
APP106507,44,65188.31,,36019.0,812.0,5775.03,5,7,2,MORTGAGE,home_improvement,0
APP106508,54,24286.95,5.0,4947.17,702.0,1358.95,1,12,0,MORTGAGE,debt_consolidation,0
APP106509,22,59150.38,4.0,6626.06,691.0,8767.17,6,28,1,MORTGAGE,home_improvement,0
APP106510,34,,,7303.55,621.0,7590.13,6,17,2,MORTGAGE,credit_card,1
APP106511,60,38976.67,26.0,16260.83,582.0,5708.31,0,25,1,OWN,car,1
APP106512,25,18159.45,1.0,8508.74,589.0,18333.63,12,28,0,MORTGAGE,car,0
APP106513,25,26792.2,,11936.4,661.0,5009.37,11,29,3,MORTGAGE,home_improvement,1
APP106514,60,23443.46,39.0,10647.77,637.0,6936.79,3,28,4,MORTGAGE,credit_card,1
APP106515,36,40651.86,,9907.45,494.0,7154.76,9,12,2,OWN,car,1
APP106516,34,38047.81,11.0,10555.88,785.0,9916.27,2,28,1,RENT,business,0
APP106517,48,45767.29,12.0,18360.2,616.0,4112.18,1,20,1,RENT,debt_consolidation,1
APP106518,30,28416.88,30.0,5528.37,749.0,2934.02,10,27,0,OWN,car,0
APP106519,23,22808.42,16.0,9053.68,593.0,10704.9,2,11,1,RENT,debt_consolidation,1
APP106520,21,39789.75,29.0,4773.49,662.0,10270.92,13,0,1,OWN,debt_consolidation,1
APP106521,24,21703.0,38.0,11338.21,727.0,13627.8,2,13,1,OWN,business,1
APP106522,28,62268.52,16.0,8801.55,716.0,6853.09,9,8,1,RENT,debt_consolidation,0
APP106523,55,34294.45,22.0,18798.75,628.0,1314.22,6,20,2,RENT,debt_consolidation,0
APP106524,35,30851.25,19.0,9868.53,690.0,5604.16,1,18,2,RENT,debt_consolidation,0
APP106525,24,45756.44,20.0,7583.25,704.0,5049.04,0,12,1,OWN,home_improvement,0
APP106526,21,34955.03,3.0,8535.37,638.0,13141.89,2,20,1,OWN,home_improvement,1
APP106527,44,15850.78,39.0,27835.14,560.0,11461.47,11,12,0,RENT,credit_card,1
APP106528,62,21360.21,21.0,3858.18,600.0,8024.44,14,22,1,MORTGAGE,business,0
APP106529,37,61626.94,9.0,6791.93,619.0,935.99,4,16,2,OWN,debt_consolidation,1
APP106530,24,37871.05,22.0,10113.28,652.0,2540.58,4,8,1,RENT,business,0
APP106531,32,15665.5,15.0,6755.72,,3672.3,13,3,2,MORTGAGE,debt_consolidation,1
APP106532,45,43306.41,32.0,13285.24,722.0,3740.24,6,3,0,MORTGAGE,debt_consolidation,0
APP106533,30,27456.84,30.0,9567.32,584.0,5616.7,4,29,2,RENT,debt_consolidation,1
APP106534,68,23452.91,15.0,11540.19,796.0,16061.24,8,23,0,RENT,car,0
APP106535,58,20487.37,28.0,10622.15,643.0,9167.37,5,24,0,MORTGAGE,credit_card,0
APP106536,37,59872.03,,9303.75,703.0,2356.19,4,19,0,MORTGAGE,home_improvement,1
APP106537,67,13592.19,38.0,4561.95,574.0,2532.76,13,14,1,MORTGAGE,credit_card,1
APP106538,36,23890.45,20.0,11000.05,613.0,2356.2,10,24,0,RENT,credit_card,0
APP106539,27,38563.57,26.0,3435.63,733.0,4476.19,2,22,1,MORTGAGE,debt_consolidation,0
APP106540,66,79951.98,25.0,6613.2,579.0,9362.24,8,7,2,RENT,business,1
APP106541,68,47902.79,12.0,13273.48,654.0,10627.65,12,29,2,RENT,home_improvement,1
APP106542,36,23789.22,27.0,20207.57,687.0,3637.41,7,3,3,MORTGAGE,credit_card,1
APP106543,50,78016.59,15.0,40524.0,568.0,4797.68,2,15,0,OWN,credit_card,1
APP106544,29,18442.97,27.0,7654.49,507.0,18757.42,7,3,2,RENT,other,1
APP106545,52,41467.62,3.0,5889.49,722.0,1498.34,7,21,2,OWN,car,0
APP106546,54,46346.1,,13539.55,850.0,8187.55,3,11,0,MORTGAGE,car,0
APP106547,55,23375.46,36.0,30393.42,686.0,7509.77,13,2,1,MORTGAGE,business,0
APP106548,48,51472.17,29.0,24826.0,702.0,3876.48,0,24,3,RENT,business,1
APP106549,55,28086.8,5.0,5318.53,579.0,4842.77,2,28,1,MORTGAGE,debt_consolidation,1
APP106550,48,51409.14,8.0,9096.95,767.0,6878.64,1,10,2,RENT,business,1
APP106551,61,14475.35,21.0,16485.23,619.0,3882.97,0,4,2,OWN,business,1
APP106552,29,42936.95,0.0,17185.59,743.0,2951.05,4,9,2,MORTGAGE,business,1
APP106553,44,29553.18,16.0,14116.75,698.0,2778.5,3,24,3,OWN,home_improvement,0
APP106554,41,64527.83,13.0,7560.94,700.0,21801.5,12,25,2,OWN,debt_consolidation,0
APP106555,47,35525.63,5.0,14041.59,697.0,3455.65,3,14,2,RENT,home_improvement,1
APP106556,27,67820.16,11.0,17285.28,694.0,5773.77,3,16,2,OWN,car,0
APP106557,36,46807.86,11.0,5657.79,672.0,9211.44,6,19,1,RENT,debt_consolidation,0
APP106558,67,34072.5,2.0,21985.57,727.0,4149.75,1,10,1,RENT,car,1
APP106559,26,53843.38,25.0,17946.95,591.0,5057.52,11,17,0,MORTGAGE,car,0
APP106560,52,54015.66,10.0,6341.2,630.0,7348.09,12,1,1,MORTGAGE,debt_consolidation,1
APP106561,53,45979.69,1.0,17239.28,767.0,2494.03,0,12,1,MORTGAGE,credit_card,0
APP106562,44,11543.17,0.0,16120.84,663.0,1437.75,9,21,1,MORTGAGE,home_improvement,1
APP106563,22,22219.37,38.0,16493.0,623.0,2739.46,8,28,1,RENT,debt_consolidation,0
APP106564,22,72551.57,4.0,25478.34,732.0,19589.99,14,26,1,MORTGAGE,home_improvement,0
APP106565,34,19380.59,36.0,9835.2,716.0,3102.22,10,9,1,MORTGAGE,credit_card,0
APP106566,26,56456.77,6.0,12075.25,546.0,5456.26,13,6,1,RENT,car,1
APP106567,25,51700.69,3.0,2031.97,708.0,1701.65,12,6,2,MORTGAGE,business,1
APP106568,28,25263.7,21.0,19331.55,660.0,14381.75,9,6,0,RENT,other,1
APP106569,30,13391.62,34.0,18246.92,706.0,3862.74,14,26,1,MORTGAGE,home_improvement,0
APP106570,62,27324.63,2.0,22328.53,650.0,3415.38,9,0,2,OWN,other,1
APP106571,52,102642.52,13.0,5641.99,687.0,4417.17,12,8,2,RENT,credit_card,0
APP106572,22,23584.89,30.0,17627.71,503.0,36696.25,6,19,0,RENT,business,1
APP106573,51,24413.01,2.0,18237.76,578.0,6996.9,1,3,1,OWN,credit_card,1
APP106574,27,22053.11,6.0,6697.23,,4335.38,9,11,4,MORTGAGE,business,0
APP106575,41,66662.13,12.0,18649.58,850.0,489.68,2,4,1,RENT,home_improvement,0
APP106576,22,32162.04,32.0,13066.73,679.0,14507.14,7,8,2,RENT,car,1
APP106577,25,26556.95,32.0,3573.11,,2818.86,10,10,0,RENT,home_improvement,0
APP106578,27,73624.79,28.0,14054.37,660.0,2484.63,13,20,1,RENT,business,0
APP106579,42,48520.76,26.0,6245.87,578.0,2668.85,3,26,3,MORTGAGE,business,1
APP106580,43,22933.52,1.0,3620.77,749.0,15867.35,13,29,1,RENT,debt_consolidation,0
APP106581,38,19696.73,9.0,12331.74,653.0,4751.76,3,19,0,RENT,credit_card,1
APP106582,51,64801.56,36.0,9516.68,734.0,1454.4,11,22,3,OWN,credit_card,0
APP106583,56,36621.62,28.0,22977.9,637.0,4174.26,12,3,1,RENT,debt_consolidation,0
APP106584,56,16738.52,9.0,11037.25,741.0,2526.96,9,18,1,RENT,debt_consolidation,0
APP106585,49,14889.96,28.0,15789.68,520.0,6552.7,6,16,1,MORTGAGE,other,1
APP106586,47,20784.87,28.0,13430.53,651.0,3607.84,8,29,1,RENT,car,1
APP106587,45,19540.76,29.0,18261.94,693.0,1400.47,5,18,1,OWN,credit_card,0
APP106588,32,13055.46,39.0,5814.76,628.0,4600.91,1,23,1,RENT,debt_consolidation,0
APP106589,44,20957.39,21.0,11149.19,678.0,4696.46,7,24,0,MORTGAGE,credit_card,0
APP106590,21,22935.92,2.0,9095.71,677.0,1803.0,0,3,0,MORTGAGE,credit_card,0
APP106591,68,28815.23,32.0,14650.21,733.0,1024.48,3,16,0,RENT,business,1
APP106592,39,84664.78,0.0,11539.0,699.0,6161.6,14,26,0,MORTGAGE,credit_card,0
APP106593,58,31779.55,25.0,6847.08,681.0,3926.43,1,10,1,RENT,home_improvement,1
APP106594,67,33396.71,31.0,8080.75,720.0,4137.53,0,23,1,OWN,business,0
APP106595,45,46846.32,5.0,26611.58,541.0,8925.48,14,29,0,RENT,home_improvement,1
APP106596,63,32252.18,31.0,3580.97,589.0,1042.16,10,29,1,OWN,other,0
APP106597,44,44359.25,32.0,15147.92,539.0,5157.68,4,7,1,OWN,debt_consolidation,1
APP106598,27,41785.62,26.0,20844.97,693.0,8350.38,1,9,0,RENT,other,0
APP106599,22,38611.07,12.0,14006.86,683.0,4246.63,7,28,0,MORTGAGE,other,0
APP106600,27,144818.0,8.0,32292.97,760.0,1583.0,14,11,1,OWN,credit_card,0
APP106601,67,,28.0,17380.59,678.0,2896.72,0,6,2,MORTGAGE,business,0
APP106602,44,21144.58,6.0,12462.44,599.0,3424.9,14,18,1,MORTGAGE,business,0
APP106603,36,43700.34,27.0,7479.81,660.0,1389.66,2,15,0,RENT,business,0
APP106604,42,24443.79,6.0,12601.87,499.0,6615.03,14,0,1,OWN,home_improvement,1
APP106605,33,45393.55,13.0,14898.4,617.0,4927.38,1,3,2,OWN,business,1
APP106606,63,18258.87,20.0,9917.94,462.0,2938.5,3,18,4,RENT,debt_consolidation,1
APP106607,69,,6.0,6337.91,676.0,10812.08,0,26,1,MORTGAGE,home_improvement,0
APP106608,25,43129.12,31.0,4805.26,627.0,3237.03,6,19,2,RENT,business,0
APP106609,56,59804.4,27.0,11061.7,,16057.38,9,14,3,OWN,other,0
APP106610,37,46691.72,0.0,4071.68,575.0,3963.4,2,29,2,MORTGAGE,business,1
APP106611,23,55662.32,33.0,7458.24,596.0,2290.14,0,26,1,OWN,debt_consolidation,0
APP106612,66,,28.0,2300.67,705.0,2346.12,1,11,0,MORTGAGE,other,0
APP106613,24,39586.68,33.0,16314.53,535.0,5286.25,6,24,1,RENT,car,0
APP106614,31,28230.36,24.0,19780.03,,2087.27,7,27,0,OWN,other,0
APP106615,22,54529.71,25.0,10377.23,585.0,5516.62,9,5,2,OWN,car,1
APP106616,44,60623.6,,29699.2,515.0,3567.37,14,18,1,RENT,debt_consolidation,1
APP106617,50,35187.36,9.0,22212.98,748.0,3502.52,5,1,0,OWN,car,0
APP106618,36,34253.26,9.0,13198.67,756.0,4753.78,8,16,0,MORTGAGE,credit_card,1
APP106619,24,80475.08,12.0,9247.16,606.0,10979.08,2,27,1,MORTGAGE,credit_card,1
APP106620,26,35946.58,11.0,8025.35,606.0,3183.08,5,26,2,RENT,debt_consolidation,0
APP106621,66,37716.12,30.0,13870.15,629.0,5694.77,3,16,3,OWN,debt_consolidation,0
APP106622,60,46263.7,20.0,9093.03,585.0,7012.43,2,17,2,RENT,debt_consolidation,1
APP106623,66,34582.29,16.0,13751.98,599.0,1867.07,2,25,2,RENT,debt_consolidation,1
APP106624,47,24096.69,29.0,14378.25,686.0,7466.71,0,0,1,RENT,credit_card,0
APP106625,47,43869.86,29.0,8623.55,815.0,9436.16,4,20,0,MORTGAGE,debt_consolidation,0
APP106626,59,35618.57,37.0,19100.53,621.0,10645.74,0,9,2,OWN,credit_card,1
APP106627,51,91228.71,12.0,8628.87,731.0,2024.34,5,23,0,RENT,car,0
APP106628,42,53864.36,9.0,10024.66,678.0,2140.74,0,3,0,MORTGAGE,debt_consolidation,0
APP106629,35,26964.03,0.0,5505.4,516.0,4705.66,5,14,0,MORTGAGE,credit_card,1
APP106630,44,52288.41,6.0,8413.81,648.0,4496.27,12,22,1,MORTGAGE,credit_card,0
APP106631,24,42358.86,24.0,36131.45,637.0,4991.3,3,21,1,OWN,home_improvement,0
APP106632,30,69892.47,32.0,5766.2,767.0,3694.91,1,22,0,OWN,other,0
APP106633,57,27938.83,24.0,12869.65,770.0,5702.52,3,27,3,RENT,car,1
APP106634,63,39908.24,,7534.93,680.0,636.98,6,10,1,MORTGAGE,debt_consolidation,0
APP106635,25,34560.03,25.0,2621.91,747.0,8320.39,9,21,1,MORTGAGE,home_improvement,0
APP106636,25,37393.03,35.0,13840.89,638.0,15954.7,9,24,0,OWN,home_improvement,0
APP106637,25,23327.79,10.0,7089.18,739.0,3157.57,0,27,2,RENT,debt_consolidation,0
APP106638,59,48433.93,12.0,11985.16,658.0,5778.42,13,6,1,RENT,debt_consolidation,1
APP106639,36,44756.06,32.0,17922.84,737.0,18855.04,6,7,1,OWN,credit_card,1
APP106640,37,69051.77,26.0,11393.05,745.0,5048.12,4,13,1,RENT,business,0
APP106641,21,36133.91,19.0,12051.92,707.0,6275.08,13,24,0,RENT,debt_consolidation,0
APP106642,68,29557.13,38.0,5879.55,,21447.45,2,26,0,RENT,credit_card,0
APP106643,42,53887.14,30.0,15124.86,616.0,25062.87,11,15,2,RENT,credit_card,1
APP106644,60,24413.65,11.0,8832.47,710.0,2103.56,14,21,2,MORTGAGE,home_improvement,1
APP106645,55,62473.16,24.0,2983.77,721.0,3536.19,4,1,1,OWN,debt_consolidation,0
APP106646,27,62406.27,15.0,16258.1,662.0,10045.41,6,22,0,MORTGAGE,car,0
APP106647,60,68093.66,16.0,19531.61,625.0,7315.07,8,19,0,RENT,credit_card,0
APP106648,47,43840.42,32.0,24068.84,665.0,8645.84,12,9,3,OWN,car,1
APP106649,50,28474.15,27.0,36406.18,627.0,603.5,14,18,2,OWN,car,1
APP106650,30,38353.22,0.0,15742.52,628.0,1029.57,8,28,1,RENT,credit_card,1
APP106651,62,43916.02,22.0,13472.2,806.0,20483.44,10,29,0,RENT,home_improvement,0
APP106652,66,27444.72,25.0,19052.02,611.0,9127.97,12,19,2,OWN,home_improvement,1
APP106653,40,70725.27,20.0,5812.71,690.0,6521.85,8,19,0,OWN,car,1
APP106654,25,48535.08,11.0,3629.38,662.0,1819.23,11,19,1,MORTGAGE,business,0
APP106655,62,23246.0,25.0,7433.82,551.0,3526.32,8,3,3,RENT,business,1
APP106656,64,93100.69,37.0,21297.53,549.0,7752.12,8,10,2,OWN,car,1
APP106657,45,,3.0,6656.44,643.0,1625.44,13,29,1,OWN,credit_card,0
APP106658,49,21014.09,24.0,13086.89,493.0,2795.59,5,1,5,RENT,car,1
APP106659,31,23977.54,36.0,13960.38,796.0,6636.37,2,9,2,MORTGAGE,other,0
APP106660,24,76411.75,16.0,11459.32,621.0,7877.72,10,27,1,MORTGAGE,credit_card,0
APP106661,67,90444.57,13.0,4598.2,614.0,3234.28,8,20,1,MORTGAGE,home_improvement,0
APP106662,44,60158.77,9.0,12156.55,747.0,10783.95,8,11,0,MORTGAGE,car,0
APP106663,34,70238.67,8.0,7685.32,638.0,10507.26,5,17,2,MORTGAGE,car,1
APP106664,54,66723.18,15.0,27493.83,702.0,1171.22,10,22,1,OWN,home_improvement,1
APP106665,22,47976.09,30.0,19577.32,604.0,18221.78,7,10,1,OWN,credit_card,1
APP106666,24,42809.74,7.0,7849.65,653.0,12495.61,9,27,2,OWN,home_improvement,0
APP106667,32,47568.76,9.0,28550.85,727.0,5797.92,0,12,0,OWN,credit_card,0
APP106668,43,52470.57,39.0,12163.89,581.0,4403.52,13,26,1,OWN,business,0
APP106669,38,25064.33,39.0,3630.11,692.0,9241.64,11,19,3,RENT,car,1
APP106670,30,52364.25,9.0,9442.89,456.0,7532.45,7,1,1,OWN,debt_consolidation,1
APP106671,38,75305.5,16.0,26401.25,751.0,3955.09,2,26,2,RENT,credit_card,0
APP106672,37,32755.09,16.0,6051.71,605.0,17765.56,14,3,2,RENT,credit_card,1
APP106673,46,31050.68,11.0,9500.09,643.0,912.55,8,28,0,MORTGAGE,car,0
APP106674,48,46086.4,6.0,4376.88,642.0,2887.33,6,0,0,OWN,home_improvement,0
APP106675,64,26243.44,2.0,4814.18,572.0,7031.97,13,29,0,RENT,business,1
APP106676,60,18799.6,24.0,5999.65,565.0,4714.12,13,14,0,RENT,car,1
APP106677,35,64463.83,1.0,4738.9,691.0,8601.33,3,3,1,MORTGAGE,home_improvement,0
APP106678,65,28984.73,24.0,6829.7,695.0,1610.48,10,6,0,MORTGAGE,home_improvement,0
APP106679,46,36652.04,3.0,28084.41,579.0,4009.6,4,5,2,RENT,business,1
APP106680,30,26767.33,6.0,9685.22,693.0,12336.22,0,16,1,RENT,credit_card,0
APP106681,37,68760.0,0.0,15856.15,694.0,1487.77,6,6,2,OWN,credit_card,1
APP106682,57,55636.13,15.0,19052.27,619.0,4054.67,3,23,2,OWN,car,0
APP106683,61,32197.05,13.0,5089.52,546.0,3214.24,8,29,2,RENT,debt_consolidation,1
APP106684,39,20131.71,13.0,6009.47,646.0,6572.77,6,8,0,RENT,credit_card,1
APP106685,28,30532.14,12.0,15669.81,679.0,6730.98,3,2,0,MORTGAGE,car,0
APP106686,30,,37.0,6764.41,645.0,5311.76,6,1,1,OWN,car,0
APP106687,26,39907.43,17.0,15059.32,602.0,3897.6,11,20,0,OWN,business,0
APP106688,55,38351.5,32.0,27075.74,687.0,5169.93,9,22,0,RENT,car,0
APP106689,45,40370.29,9.0,4133.05,751.0,4308.22,9,28,0,OWN,debt_consolidation,0
APP106690,43,53071.65,19.0,7989.15,588.0,4788.77,1,4,1,OWN,business,1
APP106691,53,35563.33,2.0,8787.08,626.0,15765.41,1,17,1,MORTGAGE,home_improvement,1
APP106692,61,45479.03,10.0,7216.9,850.0,1878.43,9,5,2,MORTGAGE,debt_consolidation,0
APP106693,59,22171.0,2.0,6872.04,673.0,6459.62,7,0,1,MORTGAGE,credit_card,1
APP106694,27,130212.81,0.0,7366.72,548.0,2313.02,9,12,1,RENT,debt_consolidation,0
APP106695,49,31510.32,7.0,9806.98,611.0,23482.1,5,1,2,OWN,other,1
APP106696,64,40207.0,6.0,10926.33,589.0,5277.79,1,4,1,RENT,credit_card,1
APP106697,58,48205.71,12.0,17536.62,680.0,1782.37,5,21,0,MORTGAGE,credit_card,0
APP106698,37,29572.64,29.0,9749.09,674.0,4082.52,9,6,0,RENT,debt_consolidation,0
APP106699,40,36457.86,5.0,19358.85,599.0,1529.76,14,11,2,OWN,credit_card,1
APP106700,64,36237.06,24.0,6939.05,798.0,2961.39,8,28,1,MORTGAGE,business,0
APP106701,22,22993.82,14.0,4813.51,656.0,8043.36,6,15,1,MORTGAGE,car,1
APP106702,46,45220.0,16.0,8243.23,613.0,14603.11,5,4,0,OWN,car,0
APP106703,26,15920.92,36.0,13062.43,552.0,11667.34,0,1,0,OWN,car,1
APP106704,64,87234.42,18.0,16585.43,578.0,4519.24,2,12,1,MORTGAGE,car,0
APP106705,22,,10.0,23769.06,550.0,7754.62,5,26,0,MORTGAGE,car,1
APP106706,22,49989.15,9.0,11779.55,634.0,9384.41,9,1,0,MORTGAGE,home_improvement,1
APP106707,37,15240.0,6.0,15550.0,579.0,29726.12,8,27,2,OWN,debt_consolidation,1
APP106708,30,24434.12,32.0,22499.93,712.0,3031.52,4,14,4,RENT,credit_card,1
APP106709,45,72741.88,26.0,6200.91,603.0,16440.66,7,18,0,MORTGAGE,debt_consolidation,0
APP106710,35,289416.09,10.0,8724.72,717.0,2051.59,3,16,1,RENT,home_improvement,0
APP106711,38,65995.79,19.0,52184.87,689.0,12631.51,1,14,0,MORTGAGE,business,1
APP106712,48,60990.4,20.0,16544.9,701.0,2991.34,4,9,0,MORTGAGE,credit_card,0
APP106713,48,47215.95,1.0,13445.77,721.0,2844.14,2,11,0,MORTGAGE,credit_card,0
APP106714,66,23771.71,36.0,16919.37,809.0,3913.86,8,21,1,OWN,credit_card,0
APP106715,44,59729.84,31.0,4440.82,582.0,2641.77,11,5,2,OWN,car,1
APP106716,48,20939.58,21.0,6713.69,717.0,6910.82,2,23,3,RENT,credit_card,1
APP106717,54,19825.17,28.0,5391.73,681.0,13111.35,0,28,1,MORTGAGE,business,1
APP106718,29,19210.94,4.0,12722.98,735.0,907.55,0,15,0,RENT,car,1
APP106719,53,59151.74,39.0,7931.68,658.0,4274.05,3,14,2,RENT,credit_card,0
APP106720,63,35287.81,25.0,10480.1,744.0,2060.6,2,24,1,OWN,home_improvement,0
APP106721,36,38193.82,37.0,8212.32,546.0,10138.2,14,3,1,MORTGAGE,debt_consolidation,1
APP106722,29,36036.88,34.0,3729.97,569.0,15310.93,3,23,0,MORTGAGE,debt_consolidation,0
APP106723,37,20684.54,23.0,16831.14,604.0,4273.92,9,23,0,RENT,debt_consolidation,0
APP106724,34,25968.37,11.0,3438.13,644.0,2799.95,10,10,0,RENT,debt_consolidation,0
APP106725,49,26629.82,27.0,6395.9,653.0,1349.97,3,29,1,OWN,car,0
APP106726,63,17986.28,20.0,4494.98,590.0,23365.88,2,14,2,RENT,debt_consolidation,1
APP106727,50,28223.07,16.0,5838.07,570.0,14117.13,2,8,0,MORTGAGE,home_improvement,1
APP106728,27,21148.98,28.0,11171.43,597.0,1009.48,13,7,3,MORTGAGE,credit_card,1
APP106729,36,48476.66,35.0,20764.78,513.0,8303.06,6,20,0,OWN,other,1
APP106730,54,50538.24,6.0,3879.27,626.0,2018.87,0,27,2,RENT,home_improvement,0
APP106731,37,19018.75,22.0,7084.58,645.0,3272.07,9,29,1,MORTGAGE,car,1
APP106732,49,31309.73,31.0,3465.37,685.0,1810.25,6,27,0,MORTGAGE,car,0
APP106733,55,91860.83,13.0,6882.61,663.0,991.64,2,3,1,RENT,credit_card,0
APP106734,37,22239.35,13.0,10333.39,793.0,4738.76,2,21,1,OWN,debt_consolidation,0
APP106735,52,44950.58,0.0,15681.65,714.0,22389.11,11,24,1,RENT,debt_consolidation,1
APP106736,40,38282.99,12.0,2776.27,708.0,2342.96,4,6,0,MORTGAGE,credit_card,0
APP106737,27,,23.0,13771.15,679.0,10027.18,0,14,2,MORTGAGE,home_improvement,0
APP106738,39,42097.07,38.0,5521.56,692.0,11368.88,11,1,4,RENT,credit_card,1
APP106739,42,29270.99,21.0,4770.88,632.0,8755.17,2,20,1,MORTGAGE,car,0
APP106740,21,37548.25,11.0,10306.11,657.0,24274.12,14,17,0,RENT,business,1
APP106741,64,37823.47,32.0,14418.79,803.0,10553.0,8,5,3,MORTGAGE,debt_consolidation,0
APP106742,46,34688.12,7.0,9318.22,644.0,20821.14,8,5,0,MORTGAGE,credit_card,1
APP106743,22,18778.06,7.0,5136.47,543.0,1963.23,10,6,0,MORTGAGE,credit_card,1
APP106744,63,67612.24,20.0,9315.28,705.0,8922.1,3,18,1,OWN,debt_consolidation,0
APP106745,62,61896.37,,6405.38,720.0,16460.51,10,16,2,MORTGAGE,home_improvement,0
APP106746,21,21545.14,8.0,14220.21,662.0,2650.22,2,15,0,RENT,debt_consolidation,1
APP106747,28,31245.7,0.0,18867.85,499.0,302.19,3,7,3,OWN,debt_consolidation,1
APP106748,38,32450.05,28.0,18158.19,752.0,1783.14,8,23,2,MORTGAGE,debt_consolidation,0
APP106749,45,20368.41,23.0,9780.55,668.0,2752.28,5,17,0,RENT,car,0
APP106750,56,14279.81,27.0,19411.02,625.0,7699.77,13,9,0,MORTGAGE,home_improvement,0
APP106751,41,25970.17,15.0,5363.71,745.0,3123.95,0,2,1,MORTGAGE,business,0
APP106752,50,30387.87,4.0,28845.8,488.0,4927.05,1,25,4,MORTGAGE,business,1
APP106753,21,17665.76,13.0,5345.72,658.0,3030.65,0,23,2,OWN,car,0
APP106754,53,39675.49,18.0,2927.57,606.0,4434.48,13,9,0,MORTGAGE,business,1
APP106755,65,64953.58,17.0,22454.85,769.0,4661.16,6,8,0,MORTGAGE,debt_consolidation,0
APP106756,46,55329.31,35.0,6463.46,669.0,2963.42,13,29,3,RENT,car,1
APP106757,43,34086.52,8.0,10615.21,580.0,9480.6,8,22,0,MORTGAGE,home_improvement,0
APP106758,35,14469.44,12.0,5332.18,741.0,14827.7,12,4,1,MORTGAGE,business,1
APP106759,67,51940.35,7.0,40870.43,453.0,1960.4,12,4,0,MORTGAGE,debt_consolidation,1
APP106760,22,39073.36,22.0,29527.89,690.0,5847.99,1,15,1,RENT,car,0
APP106761,35,44899.21,32.0,25032.55,548.0,1566.15,14,23,1,RENT,debt_consolidation,0
APP106762,27,95611.79,35.0,10435.98,613.0,1209.33,7,1,0,OWN,car,0
APP106763,63,24042.88,9.0,17826.11,630.0,11262.5,8,0,3,OWN,debt_consolidation,1
APP106764,44,,,9587.05,722.0,24487.66,3,18,1,OWN,other,0
APP106765,66,21445.56,29.0,19405.67,826.0,3779.35,12,5,7,RENT,other,1
APP106766,53,46305.8,1.0,7735.96,507.0,21303.74,1,16,0,MORTGAGE,credit_card,1
APP106767,48,36807.72,28.0,25612.16,685.0,2926.14,1,10,1,RENT,business,1
APP106768,46,19775.16,5.0,7506.14,826.0,4074.13,3,25,2,MORTGAGE,debt_consolidation,0
APP106769,30,17856.83,1.0,8035.51,,18660.95,12,23,0,MORTGAGE,home_improvement,0
APP106770,48,30415.13,4.0,7480.71,599.0,2368.16,12,4,0,MORTGAGE,business,1
APP106771,54,19476.28,35.0,11108.56,668.0,10232.7,3,0,0,MORTGAGE,car,1
APP106772,68,47113.59,27.0,7840.69,716.0,3719.62,8,12,2,OWN,credit_card,1
APP106773,47,29563.23,31.0,13257.96,702.0,2761.24,6,22,0,MORTGAGE,debt_consolidation,0
APP106774,67,26540.87,27.0,7416.09,621.0,3271.34,8,14,0,RENT,debt_consolidation,1
APP106775,67,24856.18,31.0,15906.34,585.0,867.28,0,7,1,MORTGAGE,debt_consolidation,1
APP106776,46,41421.75,19.0,24612.76,755.0,13478.78,6,1,0,MORTGAGE,credit_card,0
APP106777,42,37097.49,32.0,10368.51,588.0,5890.17,7,29,2,RENT,car,0
APP106778,27,40174.13,2.0,37458.8,496.0,4365.99,0,26,1,RENT,credit_card,1
APP106779,34,39738.06,23.0,19467.81,533.0,2823.25,9,8,1,MORTGAGE,debt_consolidation,1
APP106780,64,35027.97,30.0,35701.28,603.0,6307.03,5,14,1,MORTGAGE,credit_card,0
APP106781,27,21664.6,39.0,9540.3,769.0,9964.27,3,4,2,RENT,debt_consolidation,0
APP106782,40,25205.31,14.0,3652.34,554.0,3945.63,11,11,1,MORTGAGE,home_improvement,1
APP106783,55,29811.89,7.0,6478.98,771.0,10624.01,12,20,2,RENT,debt_consolidation,0
APP106784,32,101986.69,28.0,6887.88,754.0,6124.67,3,18,2,RENT,car,0
APP106785,68,18501.03,2.0,5586.93,668.0,4560.99,13,8,0,MORTGAGE,debt_consolidation,0
APP106786,52,29451.84,31.0,2650.38,446.0,10197.42,0,10,1,OWN,other,1
APP106787,22,38144.37,28.0,18302.41,555.0,3273.67,8,16,1,OWN,car,1
APP106788,33,31205.0,27.0,3242.14,599.0,1805.83,10,15,1,MORTGAGE,credit_card,1
APP106789,57,62130.03,11.0,17280.39,788.0,4710.4,3,23,1,MORTGAGE,debt_consolidation,0
APP106790,63,31124.51,4.0,36729.3,604.0,5055.45,5,14,2,MORTGAGE,home_improvement,1
APP106791,66,32296.99,24.0,6204.31,588.0,4113.96,10,23,0,RENT,other,0
APP106792,62,54574.08,14.0,12488.24,665.0,12732.54,5,7,0,MORTGAGE,credit_card,1
APP106793,24,89801.4,15.0,7791.75,537.0,7334.86,4,6,2,MORTGAGE,credit_card,1
APP106794,56,73405.14,7.0,16256.46,648.0,4482.56,9,28,1,OWN,credit_card,0
APP106795,26,33917.05,13.0,4833.63,586.0,4893.15,2,6,0,MORTGAGE,home_improvement,1
APP106796,24,35427.47,33.0,9144.66,850.0,5242.24,8,24,1,MORTGAGE,other,0
APP106797,54,37173.8,35.0,19393.79,576.0,7486.39,4,8,1,MORTGAGE,credit_card,1
APP106798,44,39085.22,13.0,9611.14,804.0,5125.73,4,3,1,RENT,debt_consolidation,0
APP106799,52,23773.48,5.0,3725.0,558.0,4343.48,6,11,0,MORTGAGE,credit_card,1
APP106800,62,,1.0,20847.56,671.0,1690.26,10,2,2,MORTGAGE,car,0
APP106801,24,40267.68,7.0,4547.87,690.0,2785.45,3,22,1,RENT,business,0
APP106802,46,35510.08,0.0,10375.89,661.0,6133.99,10,29,2,MORTGAGE,car,0
APP106803,61,19233.86,26.0,14038.89,656.0,5712.45,5,16,2,MORTGAGE,car,0
APP106804,42,37464.28,25.0,10635.05,718.0,1497.77,13,29,1,MORTGAGE,credit_card,0
APP106805,46,14092.44,31.0,45363.46,683.0,3135.26,5,26,0,RENT,debt_consolidation,0
APP106806,45,27151.17,13.0,15371.77,636.0,2336.01,6,28,4,MORTGAGE,debt_consolidation,0
APP106807,65,27404.19,33.0,8765.6,596.0,14642.84,11,20,4,RENT,debt_consolidation,1
APP106808,23,41919.13,6.0,14208.53,636.0,6008.36,0,10,1,OWN,credit_card,0
APP106809,64,92960.04,9.0,11225.76,635.0,6934.6,12,18,1,RENT,car,1
APP106810,61,48337.06,36.0,10164.15,634.0,4659.31,4,7,1,RENT,credit_card,1
APP106811,60,74921.86,35.0,11456.04,656.0,2977.8,12,15,1,OWN,credit_card,0
APP106812,41,50141.59,23.0,7627.75,537.0,3441.45,5,22,0,RENT,credit_card,0
APP106813,46,63737.4,24.0,11245.7,567.0,7289.42,2,12,0,OWN,other,0
APP106814,39,,28.0,7307.86,716.0,3991.5,1,14,3,OWN,credit_card,0
APP106815,33,25186.96,,3172.52,,7350.1,12,10,1,MORTGAGE,home_improvement,1
APP106816,63,24378.28,9.0,19616.38,745.0,5510.32,0,2,2,MORTGAGE,other,1
APP106817,45,50736.73,2.0,7049.64,605.0,6225.67,9,5,2,MORTGAGE,home_improvement,1
APP106818,56,36248.77,7.0,10773.37,783.0,6484.99,9,4,0,RENT,home_improvement,0
APP106819,25,40545.37,14.0,6271.35,748.0,3226.25,3,8,4,MORTGAGE,credit_card,1
APP106820,59,32069.69,9.0,6385.97,623.0,3832.47,11,1,2,MORTGAGE,home_improvement,1
APP106821,53,,20.0,5306.07,632.0,10168.78,5,27,2,MORTGAGE,home_improvement,1
APP106822,69,81665.13,5.0,17482.89,777.0,21185.85,11,23,3,MORTGAGE,home_improvement,0
APP106823,27,20953.68,23.0,20207.98,751.0,10243.45,5,24,0,OWN,home_improvement,0
APP106824,47,51184.71,28.0,10052.34,727.0,527.87,11,16,0,MORTGAGE,other,0
APP106825,46,47198.35,3.0,7172.47,741.0,2680.08,6,0,2,RENT,business,1
APP106826,47,16489.74,11.0,3583.72,562.0,5387.16,6,4,1,RENT,debt_consolidation,1
APP106827,23,23971.23,21.0,15950.71,666.0,2041.47,12,6,2,OWN,car,1
APP106828,44,26072.98,2.0,6594.99,588.0,1966.34,1,22,0,RENT,debt_consolidation,1
APP106829,35,48160.38,,5062.64,560.0,3515.81,6,24,0,OWN,debt_consolidation,1
APP106830,51,30226.75,30.0,10072.44,663.0,6478.59,0,20,2,OWN,debt_consolidation,1
APP106831,32,34794.17,14.0,8099.23,616.0,8054.85,0,17,0,OWN,credit_card,1
APP106832,42,17521.37,0.0,3980.52,636.0,3663.31,2,10,2,RENT,credit_card,1
APP106833,51,116186.96,20.0,4322.41,609.0,3445.07,11,2,3,RENT,business,1
APP106834,24,37631.54,34.0,12111.68,549.0,2502.52,11,7,1,MORTGAGE,credit_card,0
APP106835,59,46606.74,11.0,6678.08,785.0,7373.72,11,24,2,RENT,credit_card,0
APP106836,56,27713.84,33.0,13442.21,662.0,6987.74,14,18,3,OWN,home_improvement,1
APP106837,23,26204.5,34.0,10806.67,534.0,10154.14,8,22,2,MORTGAGE,credit_card,1
APP106838,24,,11.0,18555.57,664.0,5452.35,2,27,0,OWN,other,0
APP106839,62,13927.76,23.0,6007.19,771.0,1721.65,7,8,2,MORTGAGE,debt_consolidation,0
APP106840,34,41744.52,,11380.2,726.0,3717.81,8,18,1,MORTGAGE,car,0
APP106841,63,19816.06,22.0,14515.39,608.0,9755.0,11,22,1,RENT,debt_consolidation,1
APP106842,45,29658.36,35.0,6797.22,610.0,1226.13,7,22,3,OWN,credit_card,1
APP106843,37,26395.6,37.0,19464.0,573.0,4592.31,0,26,0,OWN,credit_card,0
APP106844,34,22181.44,7.0,3641.8,590.0,6174.11,12,27,1,OWN,business,0
APP106845,53,36964.78,26.0,6004.33,597.0,24414.93,8,19,1,MORTGAGE,debt_consolidation,1
APP106846,26,10056.61,2.0,3560.97,532.0,3038.47,1,25,1,OWN,credit_card,1
APP106847,40,31015.92,11.0,6364.4,614.0,4458.9,14,22,2,RENT,debt_consolidation,1
APP106848,37,,33.0,9020.45,677.0,18959.9,6,9,1,MORTGAGE,debt_consolidation,0
APP106849,28,18404.71,25.0,16299.67,616.0,3069.72,11,1,0,RENT,debt_consolidation,0
APP106850,38,77389.73,15.0,9016.63,667.0,11611.65,10,27,0,OWN,credit_card,0
APP106851,46,26977.83,38.0,6924.19,779.0,6728.64,4,16,1,MORTGAGE,car,0
APP106852,54,32249.5,30.0,3906.77,796.0,4118.28,13,16,1,RENT,other,0
APP106853,25,27008.05,0.0,4776.64,644.0,7053.6,13,22,2,MORTGAGE,credit_card,1
APP106854,63,34864.24,3.0,11921.8,720.0,4367.69,14,3,1,MORTGAGE,other,0
APP106855,64,69847.67,25.0,16795.61,636.0,29919.07,3,13,0,OWN,debt_consolidation,1
APP106856,54,125054.87,35.0,7696.08,610.0,941.58,2,22,1,MORTGAGE,debt_consolidation,0
APP106857,66,52723.66,6.0,20467.81,560.0,3920.7,8,12,1,MORTGAGE,credit_card,0
APP106858,41,62567.23,21.0,5597.36,656.0,4013.72,3,20,1,MORTGAGE,credit_card,0
APP106859,61,85666.21,32.0,7829.67,736.0,4415.19,9,16,1,RENT,debt_consolidation,0
APP106860,56,41127.63,34.0,8236.35,548.0,11664.9,10,10,0,MORTGAGE,business,1
APP106861,48,79628.35,25.0,24776.43,627.0,3437.06,0,20,1,OWN,home_improvement,0
APP106862,29,53970.91,39.0,10723.53,623.0,7285.43,11,13,0,MORTGAGE,credit_card,0
APP106863,48,39026.4,37.0,3364.18,669.0,5914.56,1,24,2,RENT,debt_consolidation,0
APP106864,65,43268.08,33.0,17518.15,671.0,9612.13,8,1,3,MORTGAGE,debt_consolidation,1
APP106865,69,14607.52,26.0,29958.15,692.0,4403.94,8,24,1,OWN,debt_consolidation,0
APP106866,42,42026.67,39.0,8519.86,801.0,6359.89,0,22,0,MORTGAGE,debt_consolidation,0
APP106867,33,16783.08,0.0,5777.64,580.0,4452.62,2,21,0,MORTGAGE,debt_consolidation,1
APP106868,57,16112.74,3.0,16623.2,575.0,2233.12,8,7,1,MORTGAGE,debt_consolidation,1
APP106869,24,,20.0,32162.57,669.0,17663.03,6,29,0,RENT,debt_consolidation,0
APP106870,28,20805.25,26.0,16469.07,766.0,2671.12,7,19,2,RENT,business,0
APP106871,48,36186.56,36.0,3737.59,533.0,3351.66,10,16,1,RENT,home_improvement,1
APP106872,69,38918.2,27.0,15565.45,676.0,2476.35,10,7,1,RENT,credit_card,0
APP106873,37,39796.12,9.0,12613.52,633.0,6779.22,9,13,1,RENT,credit_card,1
APP106874,42,23108.12,36.0,5581.55,718.0,3352.53,11,13,0,MORTGAGE,business,0
APP106875,36,56916.54,3.0,21445.94,700.0,16517.8,13,9,2,MORTGAGE,credit_card,1
APP106876,42,34730.81,3.0,12874.59,653.0,7533.84,3,9,1,OWN,credit_card,1
APP106877,21,45276.25,28.0,21784.96,689.0,3938.37,13,3,1,OWN,debt_consolidation,1
APP106878,50,19965.88,38.0,5234.96,597.0,2373.69,7,21,3,OWN,car,1
APP106879,50,33217.64,20.0,12572.49,714.0,4498.21,13,6,0,OWN,debt_consolidation,0
APP106880,36,62858.86,5.0,5784.53,760.0,7450.41,9,14,0,OWN,home_improvement,0
APP106881,33,58987.97,1.0,11482.74,658.0,4737.63,5,9,2,MORTGAGE,debt_consolidation,1
APP106882,58,24375.98,39.0,24012.63,617.0,4392.77,0,29,1,MORTGAGE,credit_card,0
APP106883,30,27645.57,11.0,4205.5,638.0,2172.48,1,15,2,RENT,debt_consolidation,0
APP106884,23,22151.41,25.0,4352.91,713.0,29570.06,9,8,3,OWN,car,1
APP106885,22,26154.94,13.0,17558.35,646.0,4184.37,10,29,3,MORTGAGE,car,0
APP106886,64,18042.15,8.0,9813.62,554.0,1636.62,2,24,1,MORTGAGE,car,0
APP106887,38,33891.25,26.0,19985.41,726.0,2079.67,13,23,0,MORTGAGE,debt_consolidation,1
APP106888,25,49839.8,29.0,6097.47,571.0,3732.07,4,4,1,OWN,home_improvement,0
APP106889,64,24525.62,18.0,10205.83,683.0,23290.96,11,26,3,RENT,debt_consolidation,1
APP106890,28,34707.01,20.0,14956.14,500.0,4288.44,11,5,3,MORTGAGE,debt_consolidation,1
APP106891,37,32524.56,19.0,11227.49,658.0,3641.53,10,5,2,RENT,other,1
APP106892,22,61547.18,23.0,3383.79,644.0,9660.05,13,10,2,MORTGAGE,credit_card,0
APP106893,54,26747.71,32.0,53828.53,492.0,10240.93,12,0,3,RENT,home_improvement,1
APP106894,55,27238.64,28.0,11241.8,676.0,8327.1,2,0,1,RENT,debt_consolidation,1
APP106895,58,23789.26,11.0,4428.21,561.0,5766.96,6,0,1,RENT,debt_consolidation,1
APP106896,33,20562.93,9.0,11950.4,656.0,2031.5,8,9,0,MORTGAGE,business,0
APP106897,37,47315.47,26.0,12803.67,617.0,2695.09,7,15,3,MORTGAGE,debt_consolidation,1
APP106898,66,33943.23,25.0,17968.12,531.0,1376.44,7,3,0,MORTGAGE,credit_card,0
APP106899,61,37324.49,14.0,17262.42,566.0,4108.57,2,3,1,OWN,car,1
APP106900,22,68687.37,33.0,8705.35,572.0,3499.14,14,15,0,OWN,business,0
APP106901,54,70688.65,16.0,3521.89,728.0,3220.34,10,5,0,MORTGAGE,debt_consolidation,0
APP106902,60,15944.72,13.0,13053.58,716.0,6145.1,12,14,2,MORTGAGE,debt_consolidation,1
APP106903,48,50207.38,22.0,3694.31,825.0,2905.17,5,5,1,OWN,debt_consolidation,0
APP106904,52,40652.82,7.0,20519.82,609.0,3742.94,9,21,2,OWN,home_improvement,1
APP106905,21,28830.94,27.0,6376.31,606.0,3330.69,4,21,1,MORTGAGE,home_improvement,0
APP106906,22,42780.68,35.0,14486.55,660.0,4791.12,8,27,2,RENT,home_improvement,0
APP106907,22,15318.38,37.0,6676.16,621.0,6579.47,3,28,2,OWN,credit_card,1
APP106908,28,75457.22,17.0,7367.09,603.0,1676.35,13,21,1,OWN,credit_card,0
APP106909,69,46979.76,10.0,6120.62,654.0,7062.63,7,3,2,RENT,credit_card,1
APP106910,52,23562.25,19.0,15209.1,706.0,6071.75,7,16,3,MORTGAGE,business,1
APP106911,59,27100.16,4.0,6817.12,481.0,6869.87,8,3,0,RENT,debt_consolidation,1
APP106912,35,15497.39,26.0,15695.34,604.0,5467.55,3,20,1,OWN,credit_card,1
APP106913,66,31039.67,17.0,6924.95,537.0,6563.32,12,9,0,RENT,car,1
APP106914,30,28527.79,4.0,8614.04,637.0,3524.41,4,14,1,MORTGAGE,other,1
APP106915,65,18721.82,21.0,10110.59,684.0,7007.21,13,19,0,MORTGAGE,credit_card,0
APP106916,22,53548.93,28.0,10854.04,739.0,12279.1,12,12,1,MORTGAGE,credit_card,0
APP106917,22,68761.45,9.0,5684.38,615.0,3306.66,4,11,0,RENT,car,1
APP106918,24,35822.08,16.0,15097.5,658.0,3404.06,8,13,1,OWN,business,0
APP106919,59,31168.91,35.0,8410.17,515.0,8138.85,4,8,0,MORTGAGE,credit_card,1
APP106920,33,45138.57,28.0,13716.3,581.0,3155.16,2,6,0,RENT,car,1
APP106921,43,35960.65,31.0,9801.23,666.0,2764.48,4,3,0,RENT,business,0
APP106922,44,21139.75,17.0,14071.02,541.0,6889.39,13,1,1,RENT,credit_card,1
APP106923,59,26203.83,19.0,7732.56,748.0,3482.92,4,13,1,OWN,debt_consolidation,0
APP106924,38,31312.79,19.0,6162.52,691.0,13061.15,13,19,5,RENT,debt_consolidation,1
APP106925,21,41113.56,18.0,12786.11,577.0,3384.73,10,1,2,RENT,debt_consolidation,1
APP106926,39,36485.43,5.0,7359.59,,2552.19,6,14,0,RENT,credit_card,1
APP106927,35,40343.46,1.0,23748.43,592.0,4895.99,9,18,2,OWN,debt_consolidation,1
APP106928,56,16942.59,33.0,10307.16,578.0,6962.85,13,25,1,MORTGAGE,car,1
APP106929,57,50645.66,21.0,4340.83,552.0,6350.28,1,24,1,MORTGAGE,credit_card,1
APP106930,25,36377.58,21.0,6965.47,537.0,7563.81,12,16,4,RENT,business,1
APP106931,59,130138.5,23.0,5433.93,631.0,3157.31,8,29,1,OWN,home_improvement,0
APP106932,24,29917.02,16.0,18840.26,708.0,12190.29,14,26,0,OWN,credit_card,0
APP106933,51,42690.4,35.0,15742.58,593.0,1307.3,12,9,4,MORTGAGE,debt_consolidation,1
APP106934,40,149433.92,18.0,9541.2,685.0,2631.51,13,13,0,RENT,credit_card,0
APP106935,35,40016.45,,11778.65,623.0,5067.96,0,24,0,MORTGAGE,credit_card,0
APP106936,44,35108.01,21.0,9389.92,698.0,2813.84,6,21,3,MORTGAGE,car,0
APP106937,36,22170.97,6.0,16584.79,587.0,3836.21,13,15,1,MORTGAGE,credit_card,1
APP106938,59,77974.19,6.0,13519.64,672.0,2240.99,4,14,0,MORTGAGE,debt_consolidation,0
APP106939,68,20342.13,7.0,15062.83,659.0,4160.85,3,8,3,MORTGAGE,home_improvement,1
APP106940,60,44961.44,10.0,8821.02,758.0,7118.57,10,15,2,OWN,credit_card,0
APP106941,42,28658.99,6.0,6775.47,694.0,3202.09,4,2,2,MORTGAGE,credit_card,1
APP106942,45,33035.3,8.0,14750.58,670.0,2432.87,8,24,3,OWN,credit_card,1
APP106943,42,17819.24,37.0,25104.55,532.0,3399.1,5,13,4,RENT,credit_card,1
APP106944,59,71080.17,14.0,19218.07,607.0,11885.73,6,11,0,OWN,credit_card,0
APP106945,48,31605.97,31.0,25565.4,585.0,11807.13,2,26,0,MORTGAGE,business,0
APP106946,43,19780.57,15.0,10907.64,584.0,3352.67,12,29,2,OWN,debt_consolidation,1
APP106947,41,67937.63,32.0,5530.34,651.0,7380.74,1,28,2,MORTGAGE,credit_card,0
APP106948,39,28224.1,30.0,5833.01,669.0,4843.21,2,25,0,OWN,credit_card,0
APP106949,48,42929.03,33.0,22646.08,672.0,13728.63,3,13,0,MORTGAGE,business,0
APP106950,54,55309.96,11.0,3238.4,750.0,5728.75,4,22,0,RENT,debt_consolidation,0
APP106951,42,46028.55,3.0,24412.58,688.0,4182.89,0,23,0,RENT,debt_consolidation,0
APP106952,60,12108.73,12.0,6169.78,551.0,17674.92,14,19,0,MORTGAGE,business,1
APP106953,61,51414.65,28.0,31383.39,666.0,2347.15,8,6,2,OWN,debt_consolidation,1
APP106954,42,34533.78,26.0,9486.63,696.0,6344.63,7,7,1,RENT,home_improvement,1
APP106955,65,30806.64,,15268.43,750.0,14659.71,2,22,1,MORTGAGE,credit_card,0
APP106956,29,34387.99,39.0,41399.66,637.0,8374.35,9,0,3,MORTGAGE,debt_consolidation,1
APP106957,66,16235.96,8.0,8118.59,638.0,2669.72,1,0,1,MORTGAGE,business,0
APP106958,35,39978.04,17.0,8037.23,736.0,2557.19,4,20,2,OWN,credit_card,0
APP106959,48,,19.0,6523.04,664.0,1592.74,8,12,1,MORTGAGE,home_improvement,1
APP106960,34,31479.13,5.0,5425.85,522.0,16096.18,14,27,1,MORTGAGE,debt_consolidation,1
APP106961,42,39266.7,26.0,8120.16,,1985.62,8,23,2,OWN,home_improvement,1
APP106962,37,62132.13,1.0,7094.64,797.0,8696.89,7,7,2,MORTGAGE,debt_consolidation,1
APP106963,55,24105.45,35.0,4674.35,512.0,1569.94,9,10,0,RENT,business,1
APP106964,24,75041.28,3.0,8722.94,636.0,38012.59,10,7,2,MORTGAGE,credit_card,1
APP106965,62,58304.04,4.0,12963.23,720.0,1665.17,7,3,3,MORTGAGE,other,1
APP106966,65,29298.6,6.0,5781.72,508.0,5084.83,5,8,1,MORTGAGE,credit_card,1
APP106967,48,20860.76,35.0,8977.98,563.0,12960.32,13,29,1,MORTGAGE,credit_card,1
APP106968,47,17642.96,34.0,23015.03,550.0,2800.47,4,29,1,RENT,debt_consolidation,0
APP106969,55,41600.89,36.0,4222.92,794.0,7715.73,1,8,2,OWN,debt_consolidation,0
APP106970,30,25118.45,33.0,31539.64,811.0,3922.7,4,15,1,OWN,home_improvement,0
APP106971,57,66149.88,36.0,6605.02,591.0,6704.63,11,1,3,RENT,debt_consolidation,0
APP106972,31,25854.45,18.0,11165.04,696.0,11668.12,1,5,0,MORTGAGE,other,1
APP106973,54,23148.02,0.0,21322.07,674.0,3488.77,6,12,3,MORTGAGE,other,1
APP106974,35,40815.34,17.0,25606.57,627.0,16277.32,0,13,1,RENT,debt_consolidation,1
APP106975,57,25770.26,8.0,13119.99,519.0,6515.53,13,20,3,RENT,car,1
APP106976,59,36471.08,9.0,6524.35,834.0,23359.82,4,10,1,RENT,car,1
APP106977,31,59456.17,27.0,6187.67,504.0,2526.13,3,11,1,MORTGAGE,debt_consolidation,1
APP106978,51,38507.74,6.0,7009.8,666.0,2940.51,10,22,2,OWN,car,1
APP106979,45,38579.73,12.0,30747.19,598.0,4081.37,14,27,0,MORTGAGE,business,1
APP106980,35,40238.25,15.0,7864.49,730.0,1862.88,0,19,1,MORTGAGE,credit_card,0
APP106981,49,15575.44,2.0,12018.19,717.0,10308.32,13,6,0,OWN,home_improvement,0
APP106982,69,44175.2,28.0,5290.91,571.0,4625.45,5,13,2,MORTGAGE,debt_consolidation,1
APP106983,21,39338.77,30.0,4945.3,586.0,1964.71,2,17,2,RENT,home_improvement,1
APP106984,67,56752.14,22.0,10055.1,525.0,2544.7,1,8,2,MORTGAGE,home_improvement,1
APP106985,62,49163.43,1.0,8144.95,665.0,2450.45,6,3,0,RENT,debt_consolidation,1
APP106986,46,32827.63,31.0,8509.82,706.0,10290.0,3,25,1,OWN,business,0
APP106987,50,,17.0,4074.72,614.0,7085.04,3,3,0,MORTGAGE,business,1
APP106988,39,31372.43,10.0,9470.22,630.0,4420.23,2,3,1,OWN,business,1
APP106989,27,41092.4,37.0,25073.38,802.0,3669.32,2,5,2,RENT,credit_card,1
APP106990,49,31083.28,34.0,5932.36,724.0,4060.31,11,0,1,MORTGAGE,debt_consolidation,0
APP106991,61,45746.88,17.0,16957.43,757.0,20432.68,5,6,0,RENT,car,0
APP106992,32,30084.19,17.0,1238.16,470.0,4076.03,12,3,0,OWN,home_improvement,1
APP106993,56,82766.26,36.0,6115.57,693.0,9759.91,8,19,2,MORTGAGE,business,0
APP106994,57,99576.49,7.0,3145.62,670.0,3776.5,1,26,3,RENT,business,1
APP106995,58,56216.7,16.0,20779.5,549.0,18882.64,6,25,0,MORTGAGE,debt_consolidation,0
APP106996,37,78483.86,22.0,16768.65,566.0,1853.16,1,17,3,RENT,home_improvement,0
APP106997,40,16821.16,13.0,5320.91,632.0,9373.34,4,25,2,MORTGAGE,credit_card,1
APP106998,41,17842.01,12.0,11773.03,542.0,2677.09,12,12,0,OWN,business,1
APP106999,62,30921.89,4.0,20353.86,586.0,28872.33,4,18,2,RENT,credit_card,1
APP107000,65,37071.93,10.0,22344.04,613.0,8585.91,3,9,1,MORTGAGE,debt_consolidation,1
APP107001,41,32889.09,14.0,7758.35,695.0,1257.61,2,12,3,MORTGAGE,credit_card,0
APP107002,68,15977.43,33.0,2629.86,593.0,2332.81,1,3,1,MORTGAGE,debt_consolidation,1
APP107003,48,64588.77,13.0,5772.59,614.0,8502.55,3,7,2,RENT,debt_consolidation,1
APP107004,39,106627.75,6.0,15672.87,731.0,8318.47,13,2,0,MORTGAGE,business,0
APP107005,21,68905.68,33.0,34868.41,508.0,7836.13,7,8,0,OWN,home_improvement,1
APP107006,50,62489.99,14.0,9579.73,668.0,5570.65,11,20,2,OWN,debt_consolidation,1
APP107007,52,40662.43,36.0,6876.79,681.0,3808.01,2,13,0,OWN,credit_card,0
APP107008,68,23825.25,4.0,41756.77,683.0,11724.05,9,26,4,RENT,debt_consolidation,1
APP107009,56,37656.62,0.0,12625.07,609.0,2461.87,12,18,1,RENT,car,1
APP107010,22,104067.4,36.0,4737.85,564.0,5129.41,11,29,1,MORTGAGE,home_improvement,0
APP107011,48,30455.01,3.0,9215.62,771.0,2992.57,11,16,0,RENT,debt_consolidation,0
APP107012,57,28926.73,0.0,18032.96,581.0,2807.54,11,20,2,OWN,debt_consolidation,1
APP107013,45,,25.0,9487.93,560.0,3404.32,14,22,2,RENT,car,0
APP107014,42,65306.25,12.0,15940.47,651.0,2729.27,5,5,2,MORTGAGE,business,1
APP107015,60,23766.9,19.0,3778.17,590.0,7629.45,4,3,3,MORTGAGE,other,1
APP107016,50,31864.81,16.0,4185.98,734.0,1508.87,1,13,0,OWN,debt_consolidation,0
APP107017,54,28255.61,11.0,6368.29,628.0,6938.31,2,3,0,MORTGAGE,credit_card,0
APP107018,43,37603.21,19.0,8355.57,744.0,2958.94,6,28,1,OWN,debt_consolidation,0
APP107019,34,63060.09,10.0,12092.85,685.0,5035.71,1,29,1,OWN,business,0
APP107020,46,24294.04,8.0,14502.21,618.0,4300.66,11,5,2,MORTGAGE,credit_card,1
APP107021,67,62619.52,8.0,43463.13,739.0,3296.52,5,9,0,OWN,business,0
APP107022,50,38208.97,4.0,6354.17,597.0,12971.36,4,6,0,OWN,credit_card,1
APP107023,55,116203.25,21.0,8197.68,624.0,3652.96,13,29,2,MORTGAGE,debt_consolidation,0
APP107024,27,42591.73,21.0,6461.44,692.0,8628.29,0,24,2,MORTGAGE,credit_card,0
APP107025,69,34597.64,0.0,18913.53,668.0,8717.69,8,8,1,OWN,other,1
APP107026,32,48404.95,18.0,19542.96,596.0,3951.82,8,22,2,RENT,business,1
APP107027,68,30681.86,29.0,7565.9,527.0,1796.67,14,1,1,RENT,credit_card,1
APP107028,42,14799.72,0.0,34181.76,648.0,2426.69,6,4,2,OWN,credit_card,1
APP107029,66,32200.57,12.0,6468.25,591.0,13671.09,13,15,1,MORTGAGE,debt_consolidation,1
APP107030,64,31947.63,38.0,18360.39,652.0,7288.41,10,9,0,MORTGAGE,debt_consolidation,1
APP107031,58,16380.41,17.0,23687.76,616.0,5492.2,5,5,0,OWN,debt_consolidation,1
APP107032,65,35013.27,0.0,4372.33,592.0,3122.47,7,15,0,MORTGAGE,credit_card,1
APP107033,50,12918.88,21.0,13996.74,628.0,19642.63,6,26,1,MORTGAGE,home_improvement,1
APP107034,62,30520.58,16.0,1929.42,644.0,2454.1,9,15,3,OWN,debt_consolidation,1
APP107035,29,41019.3,8.0,16228.55,,5495.95,4,12,0,MORTGAGE,other,0
APP107036,24,38120.14,2.0,5110.42,683.0,7342.58,4,3,2,OWN,credit_card,1
APP107037,47,29568.51,35.0,13911.65,817.0,1729.24,11,13,2,RENT,home_improvement,0
APP107038,60,34795.2,32.0,15568.32,661.0,2679.05,14,25,4,MORTGAGE,credit_card,0
APP107039,58,24537.74,27.0,19381.67,596.0,3408.28,8,11,1,OWN,car,0
APP107040,46,36512.44,0.0,16884.13,636.0,9794.03,4,25,1,MORTGAGE,business,1
APP107041,46,37385.69,34.0,10234.68,695.0,3462.44,0,3,2,MORTGAGE,car,1
APP107042,50,23152.89,18.0,7877.09,730.0,1557.83,14,18,2,MORTGAGE,credit_card,0
APP107043,63,41516.64,19.0,9465.1,757.0,1442.56,13,18,0,OWN,business,0
APP107044,62,41387.17,35.0,5066.47,568.0,2660.85,3,8,1,MORTGAGE,credit_card,1
APP107045,26,33419.51,17.0,8716.62,752.0,1492.06,11,4,1,RENT,debt_consolidation,0
APP107046,50,121847.25,9.0,8313.06,646.0,9089.86,10,20,0,MORTGAGE,debt_consolidation,0
APP107047,39,33848.46,9.0,6167.62,575.0,9379.41,13,19,0,OWN,other,1
APP107048,60,31583.27,37.0,3481.73,633.0,4942.59,7,11,0,MORTGAGE,business,1
APP107049,45,29401.57,21.0,4600.12,746.0,3981.87,3,12,1,MORTGAGE,business,0
APP107050,69,22348.86,23.0,1495.08,686.0,8895.29,5,27,4,RENT,car,1
APP107051,42,51172.05,23.0,8227.79,553.0,8605.39,11,25,0,MORTGAGE,home_improvement,1
APP107052,54,25767.69,8.0,12287.03,553.0,2232.01,3,11,0,RENT,car,1
APP107053,26,27337.81,16.0,1979.22,551.0,2492.87,9,15,4,MORTGAGE,credit_card,1
APP107054,66,27746.89,38.0,11407.53,591.0,8649.31,12,12,0,RENT,credit_card,1
APP107055,28,22192.91,5.0,9195.92,656.0,6102.44,1,26,1,RENT,business,0
APP107056,39,15130.36,38.0,4885.11,559.0,7995.13,7,14,3,RENT,debt_consolidation,1
APP107057,62,28811.51,10.0,7640.95,615.0,2403.93,3,0,1,OWN,home_improvement,1
APP107058,68,56199.75,11.0,18591.92,762.0,2693.7,7,3,1,RENT,credit_card,0
APP107059,44,40074.28,0.0,5516.43,779.0,7123.19,2,21,0,RENT,home_improvement,1
APP107060,44,79244.05,26.0,10376.62,774.0,2848.17,4,1,1,RENT,other,0
APP107061,23,52864.02,12.0,12184.96,506.0,1456.87,2,16,0,OWN,car,1
APP107062,68,47192.13,18.0,6043.12,783.0,2882.9,5,16,5,OWN,credit_card,0
APP107063,21,93090.23,23.0,18123.46,657.0,4170.91,9,5,1,RENT,home_improvement,1
APP107064,22,34593.71,25.0,12610.75,656.0,19169.57,4,19,2,RENT,home_improvement,0
APP107065,44,37479.07,38.0,8508.78,732.0,2513.03,12,3,2,RENT,debt_consolidation,1
APP107066,21,36107.93,22.0,40861.53,706.0,4678.12,9,27,1,MORTGAGE,credit_card,1
APP107067,29,,7.0,18170.36,500.0,25193.52,14,22,6,MORTGAGE,debt_consolidation,1
APP107068,51,36361.2,28.0,3598.61,601.0,2049.34,10,4,0,MORTGAGE,credit_card,0
APP107069,55,26261.55,2.0,7836.17,620.0,8336.44,3,11,2,MORTGAGE,credit_card,1
APP107070,35,48719.65,33.0,43476.92,543.0,2782.82,8,26,0,OWN,home_improvement,0
APP107071,59,24145.91,11.0,5490.04,729.0,6777.44,10,2,3,OWN,debt_consolidation,1
APP107072,50,47416.98,28.0,10298.98,765.0,31815.65,7,8,1,MORTGAGE,credit_card,1
APP107073,32,44663.88,6.0,20714.64,649.0,9257.97,1,20,0,MORTGAGE,credit_card,0
APP107074,55,33034.2,16.0,14638.25,673.0,5549.63,2,15,1,OWN,debt_consolidation,1
APP107075,50,48189.95,27.0,15960.65,649.0,2296.41,3,8,0,MORTGAGE,car,0
APP107076,60,17259.28,24.0,15406.65,657.0,4271.26,6,4,2,MORTGAGE,home_improvement,1
APP107077,28,39398.42,0.0,10049.07,739.0,3126.64,12,9,3,MORTGAGE,credit_card,1
APP107078,32,28814.02,1.0,6152.49,508.0,1540.03,0,13,3,MORTGAGE,debt_consolidation,1
APP107079,35,151923.41,39.0,12846.91,688.0,895.04,14,2,1,OWN,car,0
APP107080,37,39258.08,21.0,7772.4,650.0,2529.12,7,18,1,RENT,home_improvement,0
APP107081,64,26951.76,34.0,7414.47,592.0,4792.28,14,12,1,OWN,home_improvement,1
APP107082,56,18230.46,2.0,24088.34,609.0,12033.56,10,7,1,MORTGAGE,business,1
APP107083,47,69752.12,19.0,7874.64,796.0,2722.89,6,27,1,RENT,car,0
APP107084,47,30484.8,23.0,27547.81,543.0,5728.97,1,25,1,RENT,business,1
APP107085,64,24448.5,,11545.6,636.0,1260.23,11,25,1,RENT,car,0
APP107086,42,42965.37,28.0,8995.78,780.0,2590.69,9,28,1,RENT,car,0
APP107087,32,50254.7,25.0,3325.79,548.0,693.77,5,9,0,RENT,car,1
APP107088,27,49860.11,11.0,35309.72,613.0,29357.38,12,10,1,OWN,business,1
APP107089,37,36675.9,39.0,9861.74,653.0,5758.28,10,9,1,RENT,credit_card,0
APP107090,53,39324.19,13.0,2533.94,683.0,5614.62,4,7,1,RENT,credit_card,0
APP107091,44,40782.92,11.0,17901.42,643.0,7541.5,2,25,1,OWN,other,1
APP107092,41,42967.45,28.0,9603.52,578.0,37267.83,9,10,1,MORTGAGE,other,1
APP107093,44,44911.21,39.0,5660.14,685.0,3469.55,1,22,1,RENT,business,0
APP107094,68,62769.61,34.0,17304.3,641.0,2242.58,7,29,1,RENT,home_improvement,0
APP107095,69,37354.45,7.0,2144.71,700.0,24346.54,14,6,1,MORTGAGE,home_improvement,1
APP107096,28,24139.35,32.0,6448.11,723.0,1835.9,11,9,0,MORTGAGE,credit_card,0
APP107097,26,33787.77,14.0,8269.74,531.0,13884.13,4,26,2,OWN,debt_consolidation,1
APP107098,32,52938.73,8.0,16503.25,732.0,4632.93,14,12,1,RENT,debt_consolidation,0
APP107099,62,14864.57,37.0,37954.79,629.0,6951.26,13,27,1,MORTGAGE,debt_consolidation,1
APP107100,43,14907.56,37.0,8545.32,716.0,1557.18,7,17,1,OWN,debt_consolidation,0
APP107101,63,57476.88,14.0,13042.47,689.0,39138.48,0,10,2,RENT,credit_card,1
APP107102,52,77657.34,1.0,51484.34,798.0,3619.95,13,13,1,OWN,business,1
APP107103,48,19291.12,8.0,9925.3,650.0,2804.32,12,26,1,MORTGAGE,credit_card,0
APP107104,34,38186.21,21.0,13107.23,617.0,7621.26,14,1,2,RENT,home_improvement,1
APP107105,37,29739.38,2.0,4710.69,,2933.73,14,19,0,RENT,credit_card,1
APP107106,28,31875.24,9.0,32064.36,567.0,6902.01,7,25,0,OWN,debt_consolidation,1
APP107107,46,42309.44,5.0,6452.44,714.0,1792.23,0,26,2,RENT,credit_card,0
APP107108,34,19026.06,38.0,11627.67,561.0,5521.95,5,16,3,OWN,credit_card,1
APP107109,35,20876.75,14.0,11431.65,713.0,3033.49,5,11,0,RENT,credit_card,1
APP107110,22,31237.49,15.0,10417.09,632.0,2626.34,4,29,2,MORTGAGE,credit_card,1
APP107111,60,33769.46,16.0,7626.71,508.0,2314.48,12,11,4,OWN,debt_consolidation,1
APP107112,67,20682.07,0.0,11439.14,769.0,9983.52,12,11,4,OWN,home_improvement,1
APP107113,45,53896.66,21.0,28407.5,379.0,3713.32,0,15,2,OWN,car,1
APP107114,47,29472.69,36.0,38892.64,643.0,4242.43,13,14,2,OWN,car,1
APP107115,66,29410.03,32.0,8909.86,668.0,6916.41,4,7,2,RENT,debt_consolidation,0
APP107116,46,41828.34,10.0,7557.7,465.0,12235.86,2,11,1,MORTGAGE,debt_consolidation,1
APP107117,51,34048.66,0.0,6092.06,685.0,2348.18,3,16,2,MORTGAGE,debt_consolidation,1
APP107118,41,55201.11,30.0,49596.79,596.0,5863.57,0,3,1,OWN,debt_consolidation,1
APP107119,46,22772.04,33.0,10692.53,630.0,2373.87,2,15,2,OWN,home_improvement,1
APP107120,46,18057.33,36.0,19322.5,757.0,4159.66,4,21,0,MORTGAGE,debt_consolidation,0
APP107121,55,31104.45,23.0,15032.9,661.0,11522.65,1,5,1,RENT,credit_card,1
APP107122,50,37425.89,18.0,37236.36,621.0,752.32,2,7,4,OWN,credit_card,1
APP107123,45,19528.34,30.0,8530.3,636.0,2348.89,3,26,2,RENT,home_improvement,0
APP107124,24,18144.51,27.0,5093.7,792.0,4084.44,11,27,1,MORTGAGE,other,0
APP107125,65,39781.17,30.0,30202.23,682.0,6664.16,2,3,3,OWN,car,0
APP107126,64,24862.35,11.0,17017.27,579.0,13040.33,13,1,0,MORTGAGE,credit_card,1
APP107127,30,17566.42,36.0,13013.86,610.0,1264.18,14,26,0,MORTGAGE,car,0
APP107128,35,58845.5,1.0,24862.49,554.0,15250.75,5,29,3,RENT,debt_consolidation,1
APP107129,68,26478.88,3.0,13467.01,613.0,7454.95,0,16,1,RENT,home_improvement,0
APP107130,36,64531.31,,25385.68,778.0,4054.15,4,25,2,MORTGAGE,debt_consolidation,0
APP107131,60,36836.17,22.0,11475.33,636.0,1517.43,1,14,2,MORTGAGE,credit_card,1
APP107132,59,42082.17,22.0,17003.41,543.0,3108.98,0,9,2,MORTGAGE,home_improvement,1
APP107133,63,32671.23,36.0,13572.96,684.0,11160.7,12,25,0,RENT,car,1
APP107134,21,9627.89,34.0,8142.31,618.0,5019.77,1,14,2,RENT,business,1
APP107135,44,20570.37,28.0,8749.62,694.0,4252.89,11,13,1,OWN,other,0
APP107136,48,34103.16,6.0,7818.77,630.0,2259.31,10,17,3,OWN,car,1
APP107137,62,43580.48,3.0,11606.17,765.0,8845.9,7,9,1,OWN,debt_consolidation,0
APP107138,31,14841.21,5.0,7529.01,577.0,4360.02,4,8,2,MORTGAGE,business,1
APP107139,36,35355.14,24.0,12855.66,556.0,4067.17,5,4,2,OWN,home_improvement,1
APP107140,29,20720.27,28.0,12596.08,725.0,4554.23,4,2,0,MORTGAGE,credit_card,0
APP107141,58,40835.62,31.0,11193.54,489.0,2933.06,5,20,1,MORTGAGE,credit_card,0
APP107142,69,35964.93,4.0,11310.78,636.0,2560.0,4,13,1,MORTGAGE,car,1
APP107143,27,52667.34,10.0,7046.63,714.0,1457.36,14,24,0,RENT,credit_card,0
APP107144,32,61908.42,13.0,8356.66,474.0,2994.17,13,17,1,MORTGAGE,business,1
APP107145,36,45683.61,25.0,3632.35,655.0,1164.3,13,15,0,RENT,business,1
APP107146,64,55837.27,1.0,9210.31,530.0,7248.58,12,29,4,OWN,business,1
APP107147,42,30480.08,33.0,5478.1,502.0,2881.0,3,8,1,MORTGAGE,credit_card,1
APP107148,34,148978.71,3.0,10508.2,564.0,3590.9,13,25,5,MORTGAGE,business,1
APP107149,36,19743.71,20.0,6446.59,635.0,4770.91,6,28,0,RENT,home_improvement,0
APP107150,50,27892.75,37.0,2891.69,593.0,2586.98,2,17,2,RENT,debt_consolidation,1
APP107151,39,56992.75,7.0,38233.44,738.0,1919.84,11,19,3,RENT,debt_consolidation,0
APP107152,27,52910.69,27.0,8613.99,656.0,5869.13,14,25,2,RENT,debt_consolidation,0
APP107153,61,46336.93,21.0,23581.9,610.0,22274.73,12,16,1,OWN,debt_consolidation,1
APP107154,41,50902.09,32.0,7214.2,545.0,10179.28,0,13,1,RENT,car,1
APP107155,33,12813.08,23.0,27415.67,667.0,13682.82,1,23,3,RENT,debt_consolidation,1
APP107156,56,80390.34,33.0,4959.11,814.0,1739.32,1,26,3,RENT,business,0
APP107157,57,32795.76,16.0,10999.65,593.0,4216.79,14,10,2,MORTGAGE,debt_consolidation,1
APP107158,28,67707.15,6.0,5139.06,603.0,4194.78,7,13,1,RENT,other,1
APP107159,24,13137.64,27.0,47119.67,565.0,15409.5,12,22,2,OWN,credit_card,1
APP107160,23,41286.23,38.0,8522.31,744.0,10233.9,2,20,3,MORTGAGE,debt_consolidation,0
APP107161,58,27398.65,17.0,16269.89,724.0,4309.99,7,10,0,MORTGAGE,debt_consolidation,0
APP107162,51,48342.2,32.0,12969.38,614.0,787.85,5,21,0,OWN,debt_consolidation,0
APP107163,59,42554.26,35.0,9746.76,602.0,1944.88,7,7,1,RENT,debt_consolidation,0
APP107164,51,43609.22,25.0,13502.52,574.0,8154.77,10,4,2,RENT,car,1
APP107165,40,21386.8,31.0,22370.62,626.0,3802.48,7,6,2,RENT,debt_consolidation,1
APP107166,49,35295.67,22.0,14778.42,731.0,4500.0,1,29,2,OWN,credit_card,0
APP107167,56,33187.1,32.0,10910.41,653.0,8029.73,12,26,1,OWN,car,1
APP107168,40,46520.81,13.0,13515.52,753.0,12154.4,13,3,3,RENT,home_improvement,1
APP107169,65,59554.58,21.0,31226.53,592.0,2635.79,8,24,0,MORTGAGE,car,0
APP107170,65,39153.22,3.0,7707.23,464.0,7889.78,2,11,2,MORTGAGE,debt_consolidation,1
APP107171,60,19185.57,7.0,3254.09,850.0,17839.32,12,6,2,MORTGAGE,car,0
APP107172,69,38322.38,23.0,5126.09,667.0,15403.94,8,8,0,MORTGAGE,home_improvement,0
APP107173,40,133992.37,28.0,5360.04,712.0,3214.24,12,2,0,MORTGAGE,debt_consolidation,0
APP107174,26,82702.3,1.0,5832.68,586.0,6222.34,9,6,2,OWN,car,1
APP107175,44,8207.47,2.0,5954.22,540.0,8960.68,10,4,1,MORTGAGE,home_improvement,1
APP107176,57,37484.08,0.0,9757.98,662.0,4994.64,11,4,1,RENT,debt_consolidation,1
APP107177,59,57876.1,20.0,11481.02,490.0,4026.47,0,9,0,MORTGAGE,car,1
APP107178,40,33151.28,13.0,11407.23,628.0,1231.06,3,27,0,MORTGAGE,other,0
APP107179,35,28852.58,2.0,6385.81,731.0,2460.05,6,18,1,OWN,home_improvement,1
APP107180,42,31777.63,31.0,17967.86,685.0,2817.87,10,5,1,MORTGAGE,car,0
APP107181,60,47862.84,21.0,13638.79,670.0,1791.66,3,19,0,OWN,business,0
APP107182,23,20450.55,0.0,25560.03,789.0,5364.72,6,27,0,MORTGAGE,other,0
APP107183,37,65797.97,27.0,16449.6,680.0,9830.51,0,3,0,RENT,debt_consolidation,0
APP107184,32,35312.9,36.0,8024.71,497.0,3514.38,9,7,1,OWN,credit_card,1
APP107185,60,22753.81,16.0,21661.53,638.0,843.06,9,13,0,RENT,credit_card,0
APP107186,44,63714.99,37.0,11662.71,804.0,4470.71,8,4,3,OWN,home_improvement,0
APP107187,25,16771.47,16.0,15975.11,625.0,6119.22,7,15,0,RENT,home_improvement,1
APP107188,33,27512.48,3.0,15248.83,799.0,5796.99,14,18,0,OWN,credit_card,0
APP107189,23,27286.91,4.0,9185.74,731.0,2760.27,0,7,0,MORTGAGE,business,0
APP107190,44,106082.35,2.0,10529.77,617.0,1874.33,10,7,2,OWN,business,1
APP107191,69,25783.49,12.0,9146.94,563.0,9987.8,9,21,2,MORTGAGE,debt_consolidation,1
APP107192,48,12363.67,15.0,5932.69,677.0,6511.88,6,16,3,RENT,credit_card,0
APP107193,63,27148.92,17.0,2733.08,751.0,2849.83,2,17,4,MORTGAGE,debt_consolidation,0
APP107194,57,45605.12,19.0,6527.09,523.0,1478.9,14,1,2,RENT,home_improvement,1
APP107195,64,53746.95,34.0,11153.4,659.0,5872.79,14,21,2,OWN,business,0
APP107196,36,113353.88,0.0,18983.98,486.0,2396.98,5,16,2,MORTGAGE,home_improvement,1
APP107197,67,,35.0,15956.06,622.0,6675.2,10,20,2,MORTGAGE,credit_card,0
APP107198,32,39893.21,9.0,8368.52,517.0,5576.24,1,9,3,MORTGAGE,business,1
APP107199,42,23255.39,38.0,6580.68,694.0,25887.79,0,26,1,MORTGAGE,business,0
APP107200,54,81798.46,5.0,8884.61,594.0,4617.82,14,0,1,MORTGAGE,business,1
APP107201,35,30203.66,4.0,5513.73,742.0,24357.79,13,20,1,OWN,car,1
APP107202,33,26132.14,4.0,2781.76,606.0,5247.62,0,1,1,OWN,debt_consolidation,1
APP107203,27,29479.87,11.0,3916.34,599.0,2882.63,0,24,3,OWN,home_improvement,0
APP107204,21,19416.06,37.0,22580.56,520.0,2112.47,2,24,1,MORTGAGE,home_improvement,1
APP107205,45,28781.55,18.0,30162.99,681.0,2436.64,0,15,2,MORTGAGE,business,0
APP107206,69,32320.14,6.0,15558.53,689.0,6927.57,5,16,0,MORTGAGE,car,1
APP107207,31,52330.17,25.0,9557.76,725.0,5449.76,5,7,2,MORTGAGE,debt_consolidation,0
APP107208,42,29910.23,20.0,4290.73,702.0,1129.0,9,0,0,RENT,car,0
APP107209,66,19269.34,28.0,8985.08,682.0,11115.89,2,2,2,MORTGAGE,credit_card,1
APP107210,58,16286.86,29.0,14286.97,697.0,16018.91,13,6,1,MORTGAGE,credit_card,1
APP107211,21,40327.34,,16283.84,705.0,1119.87,12,14,1,OWN,business,0
APP107212,45,37658.46,6.0,14962.26,722.0,11043.75,10,5,1,OWN,debt_consolidation,1
APP107213,28,27524.83,19.0,20450.05,527.0,18891.63,14,23,0,MORTGAGE,debt_consolidation,1
APP107214,33,28746.51,25.0,31753.92,613.0,1168.12,2,21,1,OWN,credit_card,1
APP107215,33,44101.25,22.0,7761.93,520.0,3381.89,11,17,1,MORTGAGE,credit_card,1
APP107216,51,72785.58,38.0,53273.12,676.0,2490.81,6,19,0,RENT,business,0
APP107217,30,24585.88,38.0,2945.51,780.0,10711.97,5,0,2,RENT,home_improvement,0
APP107218,33,37966.19,32.0,6204.39,721.0,3527.16,10,7,1,MORTGAGE,home_improvement,0
APP107219,32,58637.82,9.0,11158.98,601.0,3416.43,4,7,2,RENT,car,1
APP107220,38,24635.48,21.0,13758.55,690.0,6884.4,0,0,1,MORTGAGE,debt_consolidation,1
APP107221,53,36032.77,32.0,8875.22,677.0,17114.74,5,13,0,RENT,credit_card,1
APP107222,40,35632.1,10.0,7350.62,668.0,4678.27,11,11,0,RENT,home_improvement,0
APP107223,37,18851.59,28.0,37106.64,545.0,3372.51,1,12,2,RENT,business,1
APP107224,46,39507.64,9.0,7142.99,755.0,3914.79,12,20,1,MORTGAGE,debt_consolidation,0
APP107225,51,36892.82,5.0,5368.89,555.0,8320.82,13,20,1,RENT,debt_consolidation,1
APP107226,21,47932.17,9.0,27296.0,620.0,1694.08,7,9,0,OWN,debt_consolidation,0
APP107227,64,20061.48,37.0,16473.23,726.0,4850.56,3,5,5,MORTGAGE,business,1
APP107228,65,36496.99,39.0,19088.29,620.0,2321.13,12,11,2,RENT,credit_card,1
APP107229,50,72465.58,34.0,11131.37,656.0,1877.32,3,11,1,MORTGAGE,business,0
APP107230,49,,10.0,4334.7,659.0,1037.18,3,2,2,OWN,car,0
APP107231,55,68876.11,31.0,10412.6,,3255.19,10,16,1,RENT,business,0
APP107232,42,20160.17,8.0,3990.96,659.0,11649.08,4,11,1,MORTGAGE,car,1
APP107233,38,45502.67,5.0,11445.87,667.0,1005.56,9,29,2,MORTGAGE,debt_consolidation,0
APP107234,38,28521.88,10.0,14647.75,655.0,7586.87,3,4,2,MORTGAGE,debt_consolidation,0
APP107235,28,41854.32,5.0,18868.55,578.0,2924.65,14,27,3,OWN,home_improvement,1
APP107236,62,24683.53,25.0,9363.43,525.0,2099.14,3,10,1,RENT,debt_consolidation,0
APP107237,36,15417.57,27.0,15504.01,729.0,6471.09,14,11,1,OWN,home_improvement,1
APP107238,34,30568.99,1.0,5754.24,733.0,14022.99,11,7,0,MORTGAGE,debt_consolidation,0
APP107239,68,52119.86,4.0,17676.28,676.0,16291.43,6,10,2,MORTGAGE,business,1
APP107240,45,41940.19,19.0,14835.03,676.0,6166.95,10,1,1,OWN,credit_card,1
APP107241,51,44421.28,4.0,6123.23,576.0,4646.05,13,28,2,MORTGAGE,home_improvement,1
APP107242,33,40464.29,33.0,13605.34,454.0,6722.68,9,10,3,RENT,home_improvement,1
APP107243,34,44456.38,16.0,19031.16,630.0,35652.33,14,25,4,OWN,business,1
APP107244,56,47323.2,16.0,10375.34,498.0,3888.8,13,23,1,OWN,car,1
APP107245,43,31655.25,0.0,6042.01,664.0,12184.86,12,21,0,MORTGAGE,car,0
APP107246,28,37852.23,28.0,11011.04,754.0,3059.79,13,11,2,MORTGAGE,credit_card,0
APP107247,61,86823.2,28.0,13786.85,600.0,2528.79,13,18,1,RENT,credit_card,0
APP107248,40,38988.25,30.0,6014.86,605.0,20234.01,0,10,0,MORTGAGE,credit_card,1
APP107249,53,37096.64,21.0,5406.81,569.0,4925.23,8,21,4,MORTGAGE,credit_card,1
APP107250,37,38232.54,10.0,13534.18,653.0,5882.01,10,24,1,OWN,business,0
APP107251,48,32566.71,3.0,16219.84,647.0,7612.59,1,21,1,MORTGAGE,credit_card,1
APP107252,59,29211.62,12.0,35948.92,568.0,2406.38,9,12,0,OWN,home_improvement,1
APP107253,64,40309.37,21.0,14756.46,,3461.24,12,25,0,OWN,debt_consolidation,0
APP107254,31,28201.84,,4791.27,850.0,2940.58,11,0,1,RENT,other,0
APP107255,53,33767.11,2.0,33653.43,745.0,6410.82,4,21,0,OWN,other,0
APP107256,65,24458.73,8.0,18638.64,641.0,6590.0,7,25,1,MORTGAGE,home_improvement,1
APP107257,52,38330.68,2.0,2971.55,640.0,3039.93,13,19,0,MORTGAGE,business,0
APP107258,28,48634.94,0.0,5333.84,608.0,24889.79,4,14,1,MORTGAGE,car,1
APP107259,30,32664.45,19.0,7369.2,607.0,4808.29,7,28,1,MORTGAGE,debt_consolidation,1
APP107260,30,13303.88,29.0,16364.32,,5335.97,12,1,0,MORTGAGE,other,0
APP107261,26,48785.37,19.0,2373.99,730.0,14397.27,7,28,1,MORTGAGE,credit_card,0
APP107262,57,38564.67,3.0,9214.49,556.0,2440.74,1,8,0,MORTGAGE,debt_consolidation,1
APP107263,68,22101.14,13.0,15813.66,679.0,3239.92,12,12,1,OWN,other,0
APP107264,46,53457.12,1.0,1807.2,738.0,6175.86,5,8,1,MORTGAGE,debt_consolidation,0
APP107265,50,18047.95,24.0,15491.63,621.0,1509.41,5,29,1,MORTGAGE,home_improvement,1
APP107266,58,,9.0,16650.01,633.0,4064.47,12,11,0,RENT,business,0
APP107267,41,35288.65,15.0,5955.13,705.0,25354.24,1,11,2,OWN,other,1
APP107268,44,11679.23,36.0,4954.38,707.0,21230.39,11,18,0,MORTGAGE,business,0
APP107269,49,39702.32,23.0,5899.51,684.0,10074.6,11,7,1,RENT,business,1
APP107270,35,29640.7,30.0,1991.69,670.0,12659.99,13,10,2,RENT,credit_card,0
APP107271,24,27489.94,13.0,8137.89,681.0,7293.25,4,6,0,RENT,other,1
APP107272,48,25112.9,37.0,11290.96,627.0,3480.0,0,21,0,MORTGAGE,debt_consolidation,0
APP107273,61,,28.0,4761.88,560.0,18303.75,12,3,2,RENT,debt_consolidation,1
APP107274,24,28492.77,20.0,17733.84,525.0,2300.63,2,19,0,RENT,debt_consolidation,1
APP107275,31,14352.15,23.0,10525.33,697.0,10665.5,13,10,1,MORTGAGE,home_improvement,1
APP107276,33,68599.05,24.0,11568.15,658.0,3270.34,10,3,2,MORTGAGE,debt_consolidation,1
APP107277,60,32138.86,6.0,7776.04,686.0,3431.73,5,29,1,OWN,debt_consolidation,1
APP107278,45,25185.72,10.0,15457.14,583.0,7562.29,5,10,3,MORTGAGE,credit_card,1
APP107279,47,20656.56,27.0,21468.38,658.0,25013.74,10,9,2,OWN,credit_card,1
APP107280,52,53389.32,,7750.32,656.0,15412.42,12,2,2,MORTGAGE,debt_consolidation,1
APP107281,34,18973.22,31.0,15624.87,752.0,6444.67,0,27,0,MORTGAGE,debt_consolidation,0
APP107282,55,38831.76,,15728.29,718.0,5168.29,0,27,0,MORTGAGE,debt_consolidation,0
APP107283,22,27124.03,2.0,12717.35,590.0,9183.66,11,3,0,OWN,debt_consolidation,1
APP107284,26,27925.35,26.0,27071.38,690.0,14649.05,6,8,0,MORTGAGE,credit_card,0
APP107285,60,20914.97,24.0,6400.34,590.0,1201.77,6,4,1,OWN,credit_card,1
APP107286,53,26631.24,14.0,7685.35,440.0,4439.92,0,21,0,RENT,car,1
APP107287,29,36475.87,31.0,6209.43,788.0,2117.63,3,4,0,RENT,credit_card,0
APP107288,42,40849.76,14.0,15290.9,620.0,4125.97,9,11,1,RENT,credit_card,1
APP107289,23,24519.0,4.0,8404.38,733.0,1796.64,13,16,3,OWN,credit_card,0
APP107290,53,34701.31,4.0,6519.48,597.0,1158.81,1,28,2,OWN,debt_consolidation,1
APP107291,58,56626.21,,26846.44,585.0,1710.6,6,29,3,OWN,debt_consolidation,0
APP107292,34,15814.55,15.0,29310.57,606.0,3156.42,11,12,1,RENT,business,1
APP107293,38,36201.85,16.0,8125.68,670.0,7857.6,12,6,2,RENT,credit_card,0
APP107294,32,22575.22,12.0,4357.07,664.0,2562.86,7,17,2,OWN,business,1
APP107295,40,21453.82,29.0,30276.0,,2458.82,6,10,1,OWN,home_improvement,0
APP107296,34,41378.05,24.0,13127.16,610.0,6745.11,12,13,0,MORTGAGE,credit_card,1
APP107297,33,27649.81,35.0,12739.13,653.0,6182.21,14,25,1,MORTGAGE,other,0
APP107298,42,19763.63,35.0,10540.71,582.0,19182.41,11,12,1,OWN,debt_consolidation,1
APP107299,63,70413.59,39.0,6123.01,767.0,10381.17,10,15,3,OWN,business,0
APP107300,58,57529.02,13.0,7723.54,544.0,2163.06,10,16,3,RENT,credit_card,1
APP107301,35,13819.65,23.0,14863.03,584.0,2874.25,10,10,0,MORTGAGE,car,0
APP107302,67,17374.97,13.0,7566.33,616.0,8930.11,7,26,2,MORTGAGE,car,1
APP107303,31,48860.69,28.0,12833.19,841.0,2418.15,1,12,1,OWN,credit_card,0
APP107304,65,31494.34,29.0,9976.82,711.0,3791.54,13,17,2,MORTGAGE,debt_consolidation,1
APP107305,36,76902.01,10.0,5249.39,581.0,1250.93,11,22,1,MORTGAGE,car,0
APP107306,47,49422.85,34.0,26178.1,715.0,1727.97,5,24,2,MORTGAGE,car,0
APP107307,30,42181.32,11.0,14135.15,691.0,13460.36,7,10,1,OWN,debt_consolidation,0
APP107308,58,21787.0,39.0,12068.92,671.0,5618.13,1,1,1,RENT,car,0
APP107309,36,46430.89,34.0,13808.13,705.0,2971.41,10,19,1,OWN,home_improvement,0
APP107310,63,19189.49,0.0,3375.39,654.0,3324.91,6,3,3,RENT,car,1
APP107311,25,69746.48,15.0,7362.04,663.0,19384.71,13,24,0,MORTGAGE,credit_card,0
APP107312,45,44849.57,15.0,3958.5,525.0,2906.04,3,29,0,MORTGAGE,debt_consolidation,0
APP107313,28,24042.65,32.0,10665.95,765.0,7177.4,10,1,3,MORTGAGE,debt_consolidation,1
APP107314,64,54303.22,28.0,12034.67,614.0,9869.14,5,0,2,RENT,home_improvement,1
APP107315,41,111386.61,2.0,10773.05,551.0,15614.83,7,22,1,MORTGAGE,other,1
APP107316,54,32571.45,33.0,20073.45,609.0,2487.79,4,21,1,OWN,car,0
APP107317,64,47820.35,8.0,4030.27,612.0,1604.3,12,28,1,RENT,credit_card,1
APP107318,47,29263.18,14.0,6126.93,585.0,2032.58,3,3,0,RENT,business,1
APP107319,23,37898.85,6.0,12690.5,712.0,8820.42,11,2,1,RENT,credit_card,1
APP107320,31,17092.29,6.0,11595.38,727.0,24185.88,0,11,1,OWN,home_improvement,1
APP107321,31,36305.89,21.0,4495.09,493.0,9069.15,11,2,3,MORTGAGE,credit_card,1
APP107322,65,37115.45,3.0,20290.7,608.0,2899.82,7,27,0,MORTGAGE,home_improvement,1
APP107323,65,89276.97,3.0,24982.56,,12711.48,13,18,1,OWN,home_improvement,1
APP107324,44,14801.72,31.0,12776.36,636.0,3376.93,6,20,0,RENT,business,0
APP107325,64,31557.24,13.0,4002.03,786.0,2526.61,2,20,0,MORTGAGE,credit_card,0
APP107326,33,69151.75,25.0,10892.56,584.0,3770.09,10,15,3,MORTGAGE,credit_card,1
APP107327,54,32180.45,39.0,12139.33,774.0,3087.45,7,13,2,MORTGAGE,debt_consolidation,0
APP107328,40,33333.87,2.0,8407.63,638.0,2803.1,0,6,1,RENT,car,1
APP107329,32,23941.54,31.0,22211.09,775.0,13061.26,1,28,1,MORTGAGE,other,0
APP107330,33,22781.35,4.0,9232.05,625.0,3253.15,7,16,2,RENT,other,1
APP107331,41,14575.15,30.0,34986.78,615.0,1380.45,11,3,1,RENT,credit_card,1
APP107332,37,26513.05,12.0,15833.3,648.0,7853.36,14,5,4,MORTGAGE,credit_card,0
APP107333,31,22144.01,5.0,11680.17,753.0,2289.97,6,3,2,MORTGAGE,debt_consolidation,1
APP107334,37,38523.33,9.0,17192.98,662.0,2349.8,14,26,1,MORTGAGE,other,0
APP107335,27,24493.57,14.0,24798.32,666.0,8612.69,10,0,0,MORTGAGE,debt_consolidation,0
APP107336,68,28572.63,29.0,16973.88,700.0,2750.83,8,27,1,RENT,car,0
APP107337,39,28966.56,27.0,9456.89,579.0,3421.12,1,24,2,MORTGAGE,home_improvement,1
APP107338,26,35451.38,29.0,6661.15,676.0,5083.43,12,4,1,RENT,home_improvement,0
APP107339,49,27882.06,0.0,5047.94,599.0,3908.57,9,2,0,RENT,home_improvement,0
APP107340,64,21356.4,39.0,2288.31,,3486.4,11,27,1,OWN,credit_card,0
APP107341,38,37906.7,17.0,10987.79,683.0,754.19,1,18,1,MORTGAGE,credit_card,0
APP107342,62,61928.86,4.0,7843.17,705.0,4280.01,14,27,0,RENT,home_improvement,0
APP107343,50,38724.71,37.0,8099.22,486.0,17867.95,5,27,0,RENT,other,1
APP107344,57,26771.41,31.0,18348.71,706.0,8133.24,6,0,0,MORTGAGE,credit_card,1
APP107345,35,34146.89,3.0,9253.49,635.0,3639.49,8,1,1,MORTGAGE,credit_card,1
APP107346,22,13025.75,17.0,30855.25,535.0,7159.13,0,23,3,MORTGAGE,debt_consolidation,1
APP107347,37,33870.46,36.0,7017.34,657.0,8118.4,10,3,1,MORTGAGE,home_improvement,1
APP107348,66,29727.35,27.0,5527.16,528.0,2505.77,3,24,0,MORTGAGE,business,1
APP107349,59,22771.61,7.0,4653.7,698.0,13436.63,7,26,0,MORTGAGE,credit_card,1
APP107350,59,24933.08,28.0,15270.08,764.0,5599.65,7,14,2,RENT,debt_consolidation,0
APP107351,64,29580.86,7.0,19749.66,506.0,3828.15,10,8,0,RENT,credit_card,1
APP107352,39,59648.79,14.0,6928.25,647.0,17541.94,12,29,0,OWN,credit_card,0
APP107353,36,62694.58,7.0,5227.09,636.0,939.49,2,12,0,OWN,debt_consolidation,0
APP107354,66,22832.44,27.0,24789.26,490.0,1918.6,12,7,2,OWN,home_improvement,1
APP107355,49,28028.06,37.0,4145.42,723.0,8211.43,9,17,2,RENT,home_improvement,0
APP107356,35,28387.52,1.0,18144.67,700.0,8427.6,13,10,1,OWN,debt_consolidation,1
APP107357,34,54435.55,24.0,7026.27,812.0,18350.86,5,21,0,MORTGAGE,credit_card,0
APP107358,63,39056.06,9.0,12559.81,689.0,808.53,8,29,1,MORTGAGE,home_improvement,0
APP107359,23,38040.05,30.0,18885.56,579.0,9768.9,2,5,1,RENT,business,1
APP107360,24,47483.2,5.0,13170.75,691.0,1814.78,5,7,1,MORTGAGE,debt_consolidation,0
APP107361,57,26951.47,14.0,8290.34,752.0,6871.38,12,26,2,OWN,business,0
APP107362,21,71821.8,8.0,22871.76,612.0,4665.67,11,25,0,OWN,debt_consolidation,0
APP107363,29,36283.84,34.0,11771.78,718.0,9700.38,14,23,1,OWN,credit_card,0
APP107364,69,23671.9,3.0,90174.84,461.0,4071.23,12,4,1,OWN,business,1
APP107365,41,32376.23,23.0,3557.83,768.0,11034.84,3,2,1,RENT,business,0
APP107366,56,67236.0,4.0,3526.44,714.0,2533.94,4,8,2,OWN,car,0
APP107367,44,29361.19,23.0,17971.75,446.0,4604.75,2,3,0,MORTGAGE,debt_consolidation,1
APP107368,25,58382.93,30.0,9710.37,680.0,5734.34,7,14,4,RENT,credit_card,1
APP107369,30,26564.4,30.0,15923.73,491.0,18795.28,11,21,0,MORTGAGE,debt_consolidation,1
APP107370,58,24764.54,1.0,5120.32,601.0,9569.72,12,21,0,RENT,credit_card,0
APP107371,25,50503.54,30.0,10223.86,704.0,5787.69,14,14,1,MORTGAGE,credit_card,0
APP107372,50,,11.0,13021.93,639.0,8199.64,5,11,0,MORTGAGE,business,1
APP107373,38,54790.39,27.0,7142.18,750.0,11718.5,6,13,0,OWN,debt_consolidation,0
APP107374,39,43295.89,38.0,11374.14,655.0,6631.79,8,21,1,MORTGAGE,car,0
APP107375,67,23463.54,4.0,4372.47,647.0,2164.2,11,6,1,RENT,credit_card,0
APP107376,50,35041.16,14.0,12542.7,737.0,8124.99,14,0,2,OWN,business,1
APP107377,51,27601.15,34.0,23559.13,622.0,4804.69,2,21,2,MORTGAGE,debt_consolidation,0
APP107378,38,43238.57,5.0,4710.05,647.0,3705.63,5,19,1,MORTGAGE,credit_card,1
APP107379,39,93330.21,10.0,4542.48,658.0,2622.31,3,3,2,RENT,credit_card,1
APP107380,54,30171.34,21.0,20210.4,644.0,7812.39,3,18,1,OWN,car,1
APP107381,22,47424.21,39.0,4494.53,742.0,7402.7,2,11,2,MORTGAGE,home_improvement,0
APP107382,32,36762.01,11.0,16388.92,596.0,2288.26,8,27,4,MORTGAGE,business,1
APP107383,50,36754.97,15.0,10231.32,583.0,2028.62,9,21,1,MORTGAGE,debt_consolidation,0
APP107384,51,33436.3,31.0,7702.55,565.0,22321.35,6,14,1,MORTGAGE,other,1
APP107385,25,23654.09,4.0,23858.95,478.0,9783.99,8,29,1,MORTGAGE,debt_consolidation,1
APP107386,59,42940.47,13.0,17272.81,768.0,5267.86,10,21,2,MORTGAGE,credit_card,0
APP107387,47,31433.49,12.0,11705.68,577.0,7982.41,9,6,0,OWN,debt_consolidation,1
APP107388,32,23100.28,16.0,2720.04,630.0,3380.62,14,18,1,OWN,credit_card,1
APP107389,57,60299.95,22.0,15174.21,774.0,4281.6,2,19,1,RENT,car,0
APP107390,69,38158.54,8.0,5205.57,638.0,4999.91,14,24,1,MORTGAGE,credit_card,0
APP107391,41,32401.19,15.0,8666.07,691.0,10630.07,1,1,2,RENT,business,0
APP107392,34,70971.12,36.0,9940.78,536.0,1586.58,0,27,0,MORTGAGE,car,0
APP107393,35,14500.8,33.0,30895.52,761.0,2172.85,8,8,1,RENT,credit_card,0
APP107394,50,68624.88,38.0,8501.98,640.0,1844.95,7,15,2,RENT,business,0
APP107395,23,23386.31,27.0,4214.71,568.0,9725.38,7,2,2,RENT,car,1
APP107396,44,40366.93,23.0,23903.64,568.0,4533.59,14,4,1,RENT,other,1
APP107397,22,27064.23,8.0,15297.42,785.0,2361.14,6,24,0,RENT,credit_card,0
APP107398,22,22891.01,6.0,15643.1,603.0,4116.6,12,22,0,MORTGAGE,business,1
APP107399,42,70048.51,21.0,24174.43,570.0,2964.77,10,12,0,RENT,debt_consolidation,1
APP107400,57,91868.02,16.0,27831.54,615.0,1559.89,0,2,1,MORTGAGE,business,1
APP107401,64,32512.74,31.0,5796.21,653.0,13470.81,6,26,1,OWN,credit_card,0
APP107402,25,42947.66,0.0,4295.86,662.0,4361.3,1,5,2,MORTGAGE,debt_consolidation,1
APP107403,32,37365.22,35.0,16407.3,685.0,13722.05,12,1,1,RENT,car,0
APP107404,41,86271.4,6.0,8455.05,668.0,1542.22,5,7,0,OWN,business,0
APP107405,49,12624.88,15.0,8927.87,701.0,7357.1,11,20,0,RENT,home_improvement,0
APP107406,69,43851.39,14.0,5049.27,628.0,1549.98,1,8,2,MORTGAGE,credit_card,1
APP107407,54,25246.35,36.0,14049.44,815.0,34762.88,5,15,0,RENT,business,0
APP107408,47,11181.52,28.0,12597.82,610.0,1232.05,12,3,0,MORTGAGE,debt_consolidation,1
APP107409,23,30325.22,1.0,9015.5,758.0,20677.62,13,20,1,RENT,car,1
APP107410,24,91493.61,34.0,4302.69,602.0,4837.44,0,29,0,RENT,car,0
APP107411,28,26159.7,27.0,20444.93,535.0,4246.31,7,29,0,RENT,home_improvement,1
APP107412,53,53926.79,2.0,11538.25,516.0,7875.19,13,27,2,RENT,home_improvement,1
APP107413,37,66127.24,31.0,19355.0,674.0,2320.6,6,29,0,RENT,debt_consolidation,0
APP107414,32,36085.69,1.0,2802.29,742.0,9210.38,4,25,4,MORTGAGE,debt_consolidation,0
APP107415,53,38569.91,17.0,10240.38,557.0,9766.09,10,24,2,MORTGAGE,home_improvement,1
APP107416,60,15395.82,6.0,6437.28,579.0,4961.83,11,22,1,MORTGAGE,credit_card,1
APP107417,42,25385.11,0.0,10114.13,680.0,6003.16,14,6,4,OWN,debt_consolidation,1
APP107418,64,57153.95,22.0,17429.62,649.0,23010.73,13,5,1,MORTGAGE,home_improvement,0
APP107419,56,37434.18,27.0,12356.88,603.0,8274.57,0,22,0,OWN,credit_card,1
APP107420,56,43637.44,19.0,10005.33,547.0,2628.68,12,8,2,MORTGAGE,credit_card,1
APP107421,63,38815.65,13.0,9973.31,674.0,8959.11,2,28,2,RENT,home_improvement,0
APP107422,30,108662.49,20.0,3882.14,702.0,3195.99,12,20,3,OWN,debt_consolidation,0
APP107423,58,29282.35,6.0,5744.85,689.0,2737.39,12,10,0,RENT,business,0
APP107424,67,81040.56,1.0,19395.04,652.0,7406.54,3,15,1,OWN,debt_consolidation,1
APP107425,69,38822.36,6.0,7307.66,565.0,2191.87,6,10,2,MORTGAGE,business,1
APP107426,49,84719.37,2.0,19618.95,675.0,5100.61,11,6,1,RENT,credit_card,1
APP107427,57,19683.01,30.0,16249.58,,8425.36,12,14,0,RENT,car,0
APP107428,64,39828.03,24.0,16772.96,544.0,22646.68,13,17,1,OWN,home_improvement,1
APP107429,62,29826.62,7.0,12085.34,625.0,8189.99,5,20,2,RENT,credit_card,1
APP107430,64,38938.4,22.0,7618.96,679.0,1516.29,1,10,1,RENT,business,0
APP107431,61,66915.65,19.0,9039.04,643.0,1718.09,14,7,2,MORTGAGE,debt_consolidation,0
APP107432,39,43888.38,4.0,14533.79,493.0,19556.75,12,4,1,RENT,other,1
APP107433,56,66848.98,38.0,2764.55,598.0,2958.97,3,4,0,MORTGAGE,car,0
APP107434,41,25974.99,37.0,20874.13,593.0,1460.93,8,17,1,OWN,business,0
APP107435,60,24066.66,30.0,7331.45,694.0,2199.94,14,8,1,OWN,other,0
APP107436,60,36609.12,32.0,9397.79,850.0,9277.1,4,18,4,MORTGAGE,debt_consolidation,0
APP107437,66,35620.4,21.0,9446.53,660.0,5379.08,11,19,1,MORTGAGE,other,0
APP107438,49,33092.78,32.0,9663.4,554.0,8249.17,7,24,3,RENT,home_improvement,1
APP107439,44,22486.81,21.0,4499.92,637.0,4786.69,14,1,0,OWN,home_improvement,0
APP107440,29,66126.56,6.0,10840.4,650.0,2033.91,6,26,1,RENT,debt_consolidation,1
APP107441,52,30290.26,6.0,14137.96,710.0,1176.38,2,27,1,MORTGAGE,debt_consolidation,1
APP107442,48,74090.24,34.0,2902.5,749.0,2520.8,14,13,1,MORTGAGE,debt_consolidation,0
APP107443,46,36547.63,17.0,4534.77,761.0,5417.63,5,16,1,RENT,debt_consolidation,0
APP107444,54,50222.3,29.0,16941.46,692.0,1906.76,4,27,0,RENT,credit_card,0
APP107445,62,47995.13,5.0,15151.86,649.0,10789.42,2,3,3,MORTGAGE,car,1
APP107446,28,,,11840.07,,2208.23,6,28,2,RENT,car,0
APP107447,42,43634.42,3.0,6572.9,622.0,1310.84,12,21,1,OWN,debt_consolidation,1
APP107448,56,95241.06,8.0,15204.82,654.0,4917.37,5,21,0,RENT,car,0
APP107449,61,41184.04,4.0,4809.07,630.0,9032.44,4,8,1,RENT,home_improvement,1
APP107450,59,,8.0,9114.29,479.0,16220.78,6,29,1,RENT,debt_consolidation,1
APP107451,60,51361.08,24.0,4519.26,751.0,1353.65,7,22,4,OWN,credit_card,0
APP107452,62,42341.58,0.0,8980.39,704.0,15351.25,12,28,3,OWN,debt_consolidation,1
APP107453,68,,7.0,5333.51,460.0,5700.26,2,26,1,RENT,credit_card,1
APP107454,50,47746.34,27.0,15576.0,730.0,2990.5,4,20,3,MORTGAGE,debt_consolidation,0
APP107455,33,53190.83,5.0,12834.72,625.0,8473.09,10,15,1,MORTGAGE,home_improvement,1
APP107456,48,18470.28,22.0,7027.98,729.0,14534.9,6,11,1,RENT,car,0
APP107457,55,41095.4,34.0,19037.76,656.0,1282.73,11,5,0,RENT,credit_card,0
APP107458,25,33122.27,31.0,5575.91,541.0,3481.63,6,1,0,MORTGAGE,home_improvement,1
APP107459,58,29858.85,4.0,9689.8,652.0,3178.8,1,14,1,OWN,other,0
APP107460,47,69423.6,5.0,6843.86,578.0,8109.49,12,17,1,MORTGAGE,car,1
APP107461,66,25170.47,28.0,15450.91,552.0,15804.08,10,17,1,RENT,debt_consolidation,0
APP107462,31,18080.97,13.0,14560.47,719.0,5212.01,2,14,0,RENT,other,0
APP107463,65,54060.45,16.0,21615.67,681.0,3890.33,2,10,1,OWN,debt_consolidation,0
APP107464,42,17850.79,19.0,10402.39,769.0,7018.39,5,12,0,MORTGAGE,credit_card,0
APP107465,49,13849.83,23.0,1676.13,618.0,4074.15,14,23,1,RENT,car,0
APP107466,53,57189.97,17.0,7642.49,572.0,866.41,4,27,0,RENT,credit_card,0
APP107467,49,39314.99,0.0,25315.09,701.0,7432.53,13,8,0,RENT,car,0
APP107468,65,45998.3,3.0,8143.73,583.0,10813.39,7,19,1,RENT,home_improvement,1
APP107469,29,29108.52,0.0,3132.16,625.0,11602.28,3,25,1,OWN,car,0
APP107470,56,18174.9,10.0,12959.69,692.0,1949.26,1,12,1,MORTGAGE,credit_card,1
APP107471,68,20072.51,32.0,13553.98,639.0,7988.25,5,13,0,MORTGAGE,other,0
APP107472,31,31694.73,38.0,6397.62,610.0,16751.01,3,16,0,OWN,credit_card,1
APP107473,33,19221.77,19.0,8535.17,537.0,37215.99,8,17,1,MORTGAGE,credit_card,1
APP107474,44,42341.65,1.0,5952.83,724.0,7209.44,14,27,0,OWN,credit_card,0
APP107475,56,28818.45,2.0,13541.87,620.0,10797.7,12,1,1,MORTGAGE,debt_consolidation,1
APP107476,67,39835.67,32.0,10239.0,699.0,2221.42,4,24,1,RENT,debt_consolidation,0
APP107477,59,39244.79,13.0,4917.4,688.0,2000.76,14,6,0,RENT,debt_consolidation,0
APP107478,59,44064.06,35.0,9840.62,737.0,10827.73,14,10,1,OWN,car,1
APP107479,42,46617.97,20.0,6375.29,631.0,964.19,6,13,0,RENT,debt_consolidation,0
APP107480,52,30578.42,35.0,23780.86,622.0,5565.15,7,15,2,MORTGAGE,car,1
APP107481,31,39814.43,5.0,16919.44,561.0,15436.33,7,22,1,RENT,business,1
APP107482,43,40863.97,34.0,9197.0,606.0,8691.22,6,5,0,MORTGAGE,debt_consolidation,0
APP107483,30,10781.15,21.0,10390.41,677.0,8646.03,2,29,2,OWN,debt_consolidation,1
APP107484,22,50174.53,17.0,18183.42,584.0,4724.06,13,25,2,RENT,business,0
APP107485,62,39142.77,21.0,8918.06,675.0,3540.74,5,2,0,RENT,other,0
APP107486,60,48147.5,13.0,15600.15,767.0,27551.72,1,16,1,MORTGAGE,car,1
APP107487,46,19083.48,24.0,24014.95,614.0,13186.06,14,28,2,OWN,credit_card,1
APP107488,21,31011.5,30.0,7372.19,,9672.15,1,1,2,RENT,credit_card,1
APP107489,25,21041.15,32.0,26573.96,616.0,5025.48,14,9,2,RENT,debt_consolidation,1
APP107490,26,52696.31,39.0,22316.24,536.0,3080.06,2,13,1,RENT,credit_card,0
APP107491,56,17987.67,16.0,11488.88,756.0,11657.54,6,29,1,MORTGAGE,credit_card,0
APP107492,30,22826.39,,7582.91,656.0,3844.86,7,16,0,MORTGAGE,car,0
APP107493,33,47436.97,35.0,11403.4,591.0,5234.18,3,1,1,MORTGAGE,business,1
APP107494,63,26510.94,0.0,8546.69,605.0,8042.97,8,19,2,RENT,credit_card,1
APP107495,63,22829.4,18.0,6150.8,555.0,5811.38,8,15,2,RENT,other,1
APP107496,58,57145.72,28.0,13620.96,730.0,16983.47,12,17,1,OWN,business,0
APP107497,36,58329.07,18.0,5355.53,796.0,1709.64,6,23,3,MORTGAGE,car,0
APP107498,49,52106.01,4.0,8077.74,530.0,5186.78,13,2,1,RENT,other,1
APP107499,30,55512.02,26.0,8141.74,733.0,27185.84,11,10,2,RENT,debt_consolidation,0
APP107500,63,32344.86,16.0,4362.69,,10073.29,12,3,0,RENT,credit_card,1
APP107501,25,32784.25,24.0,14692.36,751.0,4198.0,9,29,1,MORTGAGE,other,0
APP107502,57,26264.13,0.0,8629.98,503.0,9311.98,2,27,1,RENT,home_improvement,1
APP107503,46,39492.44,0.0,21575.33,668.0,4730.61,9,27,1,RENT,debt_consolidation,0
APP107504,58,27890.76,24.0,8545.91,617.0,15884.47,10,7,2,RENT,car,1
APP107505,43,29245.09,39.0,7754.61,702.0,9480.6,5,9,3,RENT,business,1
APP107506,28,,25.0,5751.49,654.0,2457.22,9,13,1,MORTGAGE,credit_card,1
APP107507,57,65661.6,37.0,10131.63,651.0,5947.28,9,0,0,MORTGAGE,car,1
APP107508,51,44317.29,33.0,10166.03,641.0,6869.87,9,25,1,RENT,credit_card,0
APP107509,43,89068.23,11.0,15445.3,774.0,7147.28,10,5,2,RENT,business,1
APP107510,39,25520.62,4.0,10303.22,636.0,6342.32,10,20,2,MORTGAGE,debt_consolidation,0
APP107511,37,14487.08,22.0,34764.45,719.0,7721.75,9,0,2,OWN,credit_card,0
APP107512,44,51912.45,24.0,13013.34,700.0,6872.07,4,4,2,OWN,credit_card,1
APP107513,33,24688.26,30.0,5474.73,721.0,2760.18,10,20,2,RENT,car,0
APP107514,34,31670.91,20.0,5203.64,568.0,3411.2,2,1,2,MORTGAGE,debt_consolidation,1
APP107515,34,14989.45,36.0,13641.59,706.0,4010.48,13,4,1,RENT,debt_consolidation,0
APP107516,21,23164.93,33.0,5372.26,676.0,5305.1,11,6,5,OWN,business,0
APP107517,66,17135.13,23.0,14142.03,554.0,4020.97,4,14,1,RENT,debt_consolidation,1
APP107518,32,29227.0,22.0,16939.16,633.0,11876.35,1,6,2,MORTGAGE,home_improvement,1
APP107519,29,29813.73,0.0,17185.91,833.0,2279.92,2,5,1,OWN,home_improvement,0
APP107520,28,37986.28,31.0,5875.15,618.0,1226.96,10,5,3,MORTGAGE,other,1
APP107521,69,67498.56,27.0,17203.75,620.0,23705.81,0,26,1,OWN,other,1
APP107522,44,50942.52,35.0,12010.7,686.0,2555.49,1,24,0,MORTGAGE,debt_consolidation,0
APP107523,37,16137.73,3.0,6872.46,606.0,11852.59,10,8,0,RENT,debt_consolidation,1
APP107524,40,49217.66,5.0,8994.42,661.0,7997.4,7,19,2,RENT,debt_consolidation,0
APP107525,25,38402.48,26.0,13131.48,614.0,2628.56,5,20,2,MORTGAGE,car,1
APP107526,36,34581.94,19.0,6609.67,682.0,4418.8,4,7,0,RENT,home_improvement,0
APP107527,33,35905.66,23.0,11862.24,645.0,3922.31,7,17,0,RENT,debt_consolidation,0
APP107528,60,40226.3,17.0,23561.31,806.0,6536.15,4,1,0,OWN,credit_card,0
APP107529,23,25695.13,25.0,17648.99,653.0,2659.94,1,11,0,OWN,home_improvement,1
APP107530,41,33150.88,26.0,10396.16,632.0,4267.51,6,17,0,RENT,credit_card,0
APP107531,59,65641.9,7.0,11389.94,732.0,4770.46,13,22,4,MORTGAGE,home_improvement,0
APP107532,61,25541.17,30.0,7166.43,538.0,11866.29,7,11,3,RENT,debt_consolidation,1
APP107533,46,21699.75,19.0,7288.57,785.0,3537.27,8,3,1,MORTGAGE,home_improvement,1
APP107534,31,35212.14,23.0,3935.06,570.0,2251.78,4,21,0,OWN,car,0
APP107535,37,20634.44,24.0,11506.48,745.0,3178.7,1,21,0,MORTGAGE,car,0
APP107536,31,15345.97,29.0,14905.7,766.0,6592.07,11,3,1,MORTGAGE,debt_consolidation,0
APP107537,53,30569.76,12.0,9485.26,607.0,1191.21,6,5,2,RENT,debt_consolidation,1
APP107538,35,74930.1,0.0,5846.54,615.0,12808.34,1,8,3,OWN,other,1
APP107539,51,35621.26,7.0,10297.71,641.0,4992.65,4,2,1,MORTGAGE,debt_consolidation,1
APP107540,53,39707.23,38.0,22138.17,699.0,6950.53,0,23,2,OWN,debt_consolidation,1
APP107541,67,12518.04,8.0,16962.99,570.0,5856.73,13,29,1,RENT,debt_consolidation,1
APP107542,39,45209.51,9.0,9723.64,641.0,2881.63,14,25,2,MORTGAGE,home_improvement,1
APP107543,68,38051.01,34.0,33808.19,624.0,2067.8,13,5,2,RENT,other,1
APP107544,40,26044.0,9.0,49972.6,557.0,2806.29,12,8,2,RENT,car,1
APP107545,54,39736.49,18.0,7419.85,566.0,1473.18,11,7,3,RENT,home_improvement,1
APP107546,53,39539.71,14.0,8539.6,660.0,6493.79,7,13,0,RENT,credit_card,1
APP107547,61,21380.96,26.0,15002.9,658.0,4314.76,5,0,0,OWN,debt_consolidation,0
APP107548,43,42869.97,23.0,5722.8,588.0,1440.21,1,6,3,OWN,credit_card,1
APP107549,59,66076.45,20.0,16473.04,656.0,3001.28,14,20,0,OWN,debt_consolidation,0
APP107550,38,32403.74,20.0,10518.39,598.0,8280.91,0,19,1,MORTGAGE,debt_consolidation,0
APP107551,45,23534.03,33.0,12369.43,754.0,13827.55,4,22,0,MORTGAGE,credit_card,1
APP107552,45,33230.05,23.0,7007.51,641.0,1759.69,6,12,2,RENT,business,1
APP107553,55,55676.12,20.0,6169.53,737.0,27697.88,9,0,1,RENT,credit_card,1
APP107554,51,19669.82,35.0,3007.07,514.0,2281.23,14,29,1,MORTGAGE,debt_consolidation,1
APP107555,24,48498.06,3.0,24121.73,675.0,1256.63,7,15,1,RENT,home_improvement,0
APP107556,60,25873.97,33.0,17411.18,697.0,20049.61,12,27,1,MORTGAGE,car,0
APP107557,58,40987.87,7.0,14824.19,638.0,2137.37,6,25,2,OWN,debt_consolidation,0
APP107558,26,27387.29,13.0,12197.61,606.0,16631.71,14,3,1,RENT,credit_card,1
APP107559,68,27350.54,0.0,2483.6,637.0,2887.32,2,23,3,MORTGAGE,car,1
APP107560,53,77772.83,22.0,6306.52,709.0,3887.48,6,19,1,RENT,debt_consolidation,0
APP107561,25,17952.0,33.0,8487.51,553.0,1730.06,3,24,1,RENT,home_improvement,1
APP107562,45,46290.09,15.0,5172.92,706.0,13656.23,4,21,0,MORTGAGE,debt_consolidation,0
APP107563,61,86306.67,26.0,3582.75,675.0,12235.03,12,2,0,RENT,credit_card,0
APP107564,34,51162.44,15.0,5505.94,629.0,2897.51,10,3,1,MORTGAGE,credit_card,0
APP107565,66,18665.86,30.0,10193.3,632.0,4628.98,10,8,2,OWN,credit_card,1
APP107566,41,19133.76,39.0,10194.86,654.0,8347.14,1,6,1,MORTGAGE,home_improvement,1
APP107567,32,24938.98,28.0,17060.37,782.0,3370.68,13,15,0,RENT,car,0
APP107568,38,39298.98,13.0,34129.17,677.0,14638.01,14,29,1,MORTGAGE,car,0
APP107569,46,40658.83,32.0,14934.91,574.0,4515.72,10,15,1,RENT,debt_consolidation,0
APP107570,54,19228.56,1.0,8907.69,615.0,3243.52,6,10,0,RENT,debt_consolidation,1
APP107571,66,23473.36,39.0,29149.58,558.0,1385.38,0,22,2,RENT,business,0
APP107572,30,24203.65,33.0,3830.84,498.0,1745.91,6,14,3,MORTGAGE,car,1
APP107573,68,33177.48,26.0,2843.22,557.0,7870.21,1,27,0,RENT,business,0
APP107574,46,97963.25,24.0,5813.66,659.0,5933.43,9,12,0,MORTGAGE,credit_card,0
APP107575,27,22774.72,10.0,16111.88,751.0,9438.65,10,21,2,MORTGAGE,car,0
APP107576,66,22281.7,17.0,10950.45,729.0,3132.92,1,2,2,RENT,home_improvement,0
APP107577,38,20607.9,4.0,5029.15,557.0,1322.07,3,14,0,MORTGAGE,credit_card,1
APP107578,51,49899.8,13.0,6398.02,586.0,3304.2,9,12,0,RENT,other,1
APP107579,55,35572.54,23.0,4699.02,574.0,25092.88,3,17,1,RENT,credit_card,1
APP107580,21,23199.52,14.0,4698.95,443.0,2271.37,12,23,2,MORTGAGE,home_improvement,1
APP107581,31,30290.89,30.0,25100.29,636.0,4773.61,6,0,1,MORTGAGE,car,1
APP107582,54,24446.56,34.0,9080.99,714.0,712.76,10,9,3,MORTGAGE,home_improvement,1
APP107583,36,42106.0,22.0,28616.8,629.0,3242.5,11,13,0,MORTGAGE,debt_consolidation,0
APP107584,21,138994.31,13.0,5802.19,548.0,3529.29,9,19,3,RENT,debt_consolidation,1
APP107585,22,47831.14,12.0,13288.78,582.0,6409.12,9,3,0,OWN,debt_consolidation,1
APP107586,61,34665.69,21.0,11341.79,623.0,3810.98,8,21,0,RENT,credit_card,0
APP107587,28,26043.21,28.0,16777.75,711.0,1458.46,2,21,2,OWN,home_improvement,0
APP107588,25,18551.39,5.0,11530.25,635.0,2889.6,4,16,1,MORTGAGE,credit_card,1
APP107589,48,52409.59,17.0,17873.06,700.0,4174.8,13,23,1,RENT,home_improvement,0
APP107590,26,,17.0,13801.31,643.0,2215.13,5,15,6,RENT,debt_consolidation,1
APP107591,53,28766.0,11.0,5142.2,668.0,2488.19,14,29,2,MORTGAGE,credit_card,1
APP107592,47,66613.8,9.0,15361.64,574.0,10983.46,8,1,0,MORTGAGE,home_improvement,1
APP107593,52,36700.79,33.0,9303.45,595.0,2981.25,11,13,2,OWN,car,1
APP107594,45,53496.97,17.0,6210.32,549.0,6988.1,3,21,5,MORTGAGE,home_improvement,1
APP107595,59,42112.44,23.0,15008.72,698.0,4266.0,2,2,1,RENT,credit_card,0
APP107596,52,33237.43,1.0,17204.65,626.0,1837.26,5,20,1,RENT,business,0
APP107597,41,,11.0,7404.63,362.0,3765.47,11,4,1,OWN,car,1
APP107598,21,33766.74,8.0,8019.74,688.0,6203.0,10,18,0,OWN,other,0
APP107599,34,55327.5,13.0,4305.84,727.0,19720.72,7,27,1,OWN,debt_consolidation,1
APP107600,27,28167.73,33.0,3351.5,585.0,2649.71,2,7,0,MORTGAGE,debt_consolidation,0
APP107601,21,45246.05,22.0,8557.94,688.0,4590.77,0,5,0,RENT,home_improvement,0
APP107602,34,21133.87,36.0,15918.43,633.0,10170.7,1,18,2,MORTGAGE,home_improvement,1
APP107603,31,53638.86,16.0,7016.65,480.0,13472.68,10,10,3,OWN,credit_card,1
APP107604,24,42466.49,30.0,23310.9,806.0,2924.47,14,23,0,MORTGAGE,debt_consolidation,0
APP107605,36,19909.35,6.0,8751.28,633.0,4338.86,14,4,3,OWN,debt_consolidation,1
APP107606,45,32467.43,32.0,8772.65,666.0,11969.98,11,23,1,MORTGAGE,car,1
APP107607,29,57856.46,24.0,8321.06,600.0,7399.45,6,24,2,MORTGAGE,credit_card,0
APP107608,34,19350.7,1.0,17835.67,626.0,11234.62,10,22,3,MORTGAGE,home_improvement,1
APP107609,21,21258.77,27.0,5567.23,662.0,12545.76,0,9,2,OWN,debt_consolidation,1
APP107610,23,35075.27,19.0,9160.21,566.0,7653.96,5,21,2,OWN,debt_consolidation,1
APP107611,28,105521.01,0.0,7126.51,785.0,5512.85,3,11,0,OWN,home_improvement,0
APP107612,43,25944.4,33.0,7066.07,717.0,2873.31,14,12,5,OWN,debt_consolidation,1
APP107613,53,46519.97,21.0,10108.1,691.0,4042.54,8,22,2,RENT,other,0
APP107614,59,41359.93,24.0,9246.55,638.0,4262.93,14,27,3,RENT,credit_card,1
APP107615,51,27044.53,23.0,18601.6,589.0,12825.58,11,17,0,MORTGAGE,business,1
APP107616,51,39362.41,3.0,9833.36,732.0,5659.4,10,29,0,MORTGAGE,credit_card,0
APP107617,66,29029.93,13.0,13808.0,698.0,5702.43,2,17,1,OWN,car,0
APP107618,33,30366.57,28.0,10978.05,618.0,2218.91,1,25,1,MORTGAGE,car,0
APP107619,60,15825.28,13.0,22977.15,563.0,12881.99,3,1,1,MORTGAGE,car,1
APP107620,66,35874.5,35.0,8254.96,523.0,2660.14,12,5,1,OWN,debt_consolidation,1
APP107621,48,56928.24,12.0,8268.9,652.0,3913.63,13,6,2,RENT,debt_consolidation,1
APP107622,62,37373.34,18.0,15475.65,630.0,14009.99,10,9,0,OWN,home_improvement,0
APP107623,27,62645.92,17.0,8187.78,744.0,9989.47,13,8,0,RENT,credit_card,0
APP107624,64,48540.98,0.0,13346.84,729.0,2490.35,1,20,3,OWN,credit_card,1
APP107625,48,35250.3,32.0,40245.31,653.0,2073.39,13,29,1,MORTGAGE,debt_consolidation,0
APP107626,31,26530.15,5.0,5500.69,643.0,4175.61,1,5,1,RENT,car,1
APP107627,24,28477.46,18.0,24810.01,557.0,3099.12,2,6,2,RENT,car,1
APP107628,56,,36.0,7366.34,734.0,1519.4,12,27,3,RENT,debt_consolidation,1
APP107629,42,31775.81,39.0,22083.97,645.0,2690.18,13,11,2,MORTGAGE,business,0
APP107630,36,39065.67,9.0,14937.46,698.0,545.42,2,20,0,MORTGAGE,car,0
APP107631,40,85623.11,15.0,14188.64,744.0,10129.22,5,5,3,RENT,debt_consolidation,0
APP107632,69,47295.01,22.0,9040.07,604.0,9631.84,12,26,1,OWN,home_improvement,1
APP107633,41,23566.3,27.0,8515.97,583.0,15180.29,7,14,1,MORTGAGE,home_improvement,1
APP107634,24,17682.24,10.0,6417.57,847.0,6519.75,6,26,1,RENT,business,0
APP107635,34,32752.15,21.0,9934.47,697.0,3433.58,6,0,1,MORTGAGE,home_improvement,0
APP107636,28,54495.98,33.0,8863.11,627.0,11144.73,4,16,2,MORTGAGE,credit_card,1
APP107637,54,32522.64,30.0,11099.01,749.0,2804.08,14,24,6,OWN,debt_consolidation,1
APP107638,60,47619.24,32.0,4245.47,625.0,1700.67,7,4,1,RENT,car,1
APP107639,62,33171.2,,10032.52,676.0,4368.69,3,26,4,RENT,other,0
APP107640,52,51974.07,34.0,21111.89,604.0,6828.35,13,23,1,RENT,car,0
APP107641,58,16339.99,20.0,17438.39,648.0,2566.84,14,14,0,OWN,car,1
APP107642,41,80990.82,38.0,10034.67,628.0,2125.99,0,27,3,MORTGAGE,business,1
APP107643,51,20821.85,19.0,46048.52,589.0,3521.09,14,25,1,OWN,car,0
APP107644,26,54006.85,28.0,6999.46,669.0,6833.05,14,5,2,RENT,other,1
APP107645,47,31694.8,37.0,9395.6,598.0,4374.98,13,0,0,RENT,credit_card,1
APP107646,48,34272.07,1.0,4145.14,696.0,40505.69,2,7,0,RENT,car,1
APP107647,22,32191.22,37.0,7768.39,625.0,4407.86,5,13,2,RENT,home_improvement,1
APP107648,47,41266.33,32.0,28931.56,512.0,8959.92,13,20,1,OWN,debt_consolidation,1
APP107649,56,45650.15,39.0,7948.28,699.0,1542.25,5,5,2,OWN,debt_consolidation,0
APP107650,39,61647.06,30.0,3957.24,701.0,7859.78,6,8,0,RENT,credit_card,0
APP107651,47,73421.67,6.0,16700.59,830.0,3395.21,3,11,2,OWN,debt_consolidation,1
APP107652,35,42869.28,,12500.53,651.0,4878.65,6,15,2,MORTGAGE,debt_consolidation,1
APP107653,34,85548.36,0.0,16291.32,664.0,18947.8,7,12,0,MORTGAGE,debt_consolidation,1
APP107654,27,38043.53,24.0,8281.42,,3648.93,6,12,2,MORTGAGE,credit_card,0
APP107655,37,62237.95,17.0,5408.49,731.0,1726.04,3,20,1,MORTGAGE,debt_consolidation,0
APP107656,60,44997.39,18.0,8864.64,726.0,1955.34,1,20,0,MORTGAGE,other,0
APP107657,66,27595.22,29.0,13806.67,675.0,5643.81,9,24,3,OWN,credit_card,0
APP107658,52,39760.02,32.0,9476.82,647.0,5404.19,0,28,0,RENT,car,0
APP107659,51,46704.04,2.0,12491.12,717.0,5227.45,13,28,1,RENT,credit_card,1
APP107660,51,35735.54,36.0,7171.78,644.0,1757.38,1,25,1,OWN,credit_card,0
APP107661,44,44641.9,14.0,12772.6,546.0,24861.61,14,8,2,MORTGAGE,car,1
APP107662,41,55976.18,30.0,9879.25,529.0,15860.84,8,20,2,MORTGAGE,business,1
APP107663,51,35893.57,23.0,6480.0,626.0,5454.84,6,20,1,MORTGAGE,credit_card,1
APP107664,59,8333.64,17.0,10764.08,659.0,1455.49,12,20,2,RENT,credit_card,1
APP107665,41,84047.31,8.0,7847.77,847.0,17458.19,6,25,2,RENT,car,0
APP107666,48,31294.71,7.0,14332.7,640.0,12203.26,2,23,3,OWN,debt_consolidation,1
APP107667,44,24061.3,29.0,16712.2,653.0,5336.11,7,12,0,RENT,other,1
APP107668,34,20701.16,12.0,13372.06,617.0,12823.25,7,6,3,OWN,car,1
APP107669,35,30692.61,9.0,3710.82,699.0,3309.47,13,16,3,MORTGAGE,credit_card,1
APP107670,24,27408.98,0.0,5547.69,672.0,2279.68,7,17,1,OWN,debt_consolidation,0
APP107671,42,25121.9,33.0,6755.11,598.0,5574.15,1,20,3,RENT,car,1
APP107672,55,25820.83,15.0,6137.74,569.0,1419.14,5,1,1,MORTGAGE,credit_card,1
APP107673,54,47328.66,13.0,7145.88,617.0,2022.11,4,2,0,OWN,home_improvement,1
APP107674,69,100225.88,14.0,17242.79,582.0,7593.89,3,21,0,MORTGAGE,debt_consolidation,1
APP107675,22,54736.49,23.0,15050.89,631.0,5955.0,2,18,0,MORTGAGE,debt_consolidation,1
APP107676,58,63659.2,19.0,7674.74,661.0,1627.29,1,21,1,RENT,debt_consolidation,0
APP107677,59,30070.35,,14116.17,609.0,3543.26,11,16,0,RENT,credit_card,1
APP107678,42,38266.6,11.0,12055.85,766.0,1685.04,5,24,3,MORTGAGE,debt_consolidation,0
APP107679,34,44947.09,11.0,9703.92,742.0,3324.73,5,9,2,RENT,credit_card,1
APP107680,38,26113.85,34.0,19711.05,631.0,3046.34,6,15,1,OWN,car,0
APP107681,54,29352.56,17.0,6655.66,572.0,10870.24,14,29,4,RENT,debt_consolidation,1
APP107682,63,55674.41,38.0,10215.44,647.0,4335.37,10,29,3,RENT,credit_card,1
APP107683,52,62639.19,33.0,5268.41,639.0,4045.64,14,2,1,MORTGAGE,credit_card,1
APP107684,46,37560.38,28.0,5422.12,644.0,3590.52,8,3,0,RENT,credit_card,0
APP107685,52,19978.69,21.0,4374.47,618.0,1240.79,13,28,1,OWN,credit_card,1
APP107686,24,31326.01,33.0,5477.95,566.0,4541.84,13,17,0,RENT,business,1
APP107687,50,17664.89,2.0,10403.11,652.0,7231.94,7,19,1,MORTGAGE,car,1
APP107688,23,37707.01,19.0,8254.46,621.0,5915.17,7,0,1,OWN,home_improvement,1
APP107689,67,41262.18,28.0,8417.58,629.0,8553.45,13,1,0,OWN,other,1
APP107690,64,31718.16,4.0,8270.93,657.0,8893.12,10,20,1,OWN,credit_card,0
APP107691,45,40980.66,7.0,28671.12,644.0,28523.1,5,5,0,MORTGAGE,car,1
APP107692,39,44732.28,2.0,5002.49,655.0,1992.23,4,23,0,MORTGAGE,debt_consolidation,1
APP107693,56,41292.29,19.0,4691.67,618.0,5929.99,5,23,0,OWN,debt_consolidation,0
APP107694,52,19915.13,21.0,5959.53,678.0,6486.17,3,28,0,MORTGAGE,credit_card,0
APP107695,55,31996.05,18.0,9479.27,592.0,3805.35,7,5,2,OWN,car,1
APP107696,46,44574.69,2.0,13478.66,562.0,2963.14,10,11,2,RENT,home_improvement,1
APP107697,32,79965.93,19.0,14344.94,578.0,7324.77,10,1,1,RENT,credit_card,1
APP107698,24,31698.9,35.0,17444.56,595.0,6783.42,0,16,2,OWN,business,0
APP107699,34,47830.56,1.0,9274.8,546.0,2116.54,0,16,1,RENT,credit_card,1
APP107700,46,56335.26,31.0,7802.56,514.0,1166.69,9,3,2,OWN,credit_card,1
APP107701,41,32915.08,10.0,26372.48,690.0,3316.68,8,29,0,MORTGAGE,debt_consolidation,0
APP107702,45,64486.03,2.0,1862.13,751.0,2867.67,0,17,1,RENT,business,0
APP107703,34,66243.12,2.0,10276.92,694.0,7959.99,14,11,4,MORTGAGE,debt_consolidation,1
APP107704,66,72416.71,0.0,12810.29,611.0,2346.82,14,23,0,OWN,car,0
APP107705,38,45670.88,16.0,30461.24,512.0,4263.76,1,13,1,RENT,debt_consolidation,1
APP107706,62,118192.35,19.0,3654.3,665.0,1254.47,0,21,2,RENT,credit_card,0
APP107707,40,26698.39,24.0,7691.86,521.0,1420.56,1,23,0,MORTGAGE,debt_consolidation,0
APP107708,42,105033.94,3.0,4382.76,643.0,2655.56,9,24,1,OWN,credit_card,0
APP107709,50,53324.42,26.0,3364.5,586.0,4022.16,14,17,0,RENT,credit_card,1
APP107710,33,70982.86,29.0,8754.16,467.0,2550.76,6,8,2,OWN,car,0
APP107711,31,30945.45,2.0,16315.26,768.0,5509.27,12,8,3,MORTGAGE,other,0
APP107712,39,55394.6,27.0,20405.95,549.0,1260.15,3,29,0,MORTGAGE,debt_consolidation,0
APP107713,60,74123.44,4.0,7193.09,621.0,4138.03,0,16,1,MORTGAGE,debt_consolidation,1
APP107714,28,21085.07,17.0,14763.54,639.0,4176.51,7,16,1,MORTGAGE,car,1
APP107715,42,33467.73,26.0,8789.99,612.0,1543.37,6,13,1,OWN,car,1
APP107716,53,,34.0,13821.0,,5900.02,14,16,2,MORTGAGE,home_improvement,0
APP107717,55,33217.55,21.0,19785.11,590.0,866.77,4,0,1,RENT,debt_consolidation,1
APP107718,42,24148.94,17.0,8808.41,680.0,2840.79,6,18,0,RENT,debt_consolidation,0
APP107719,24,32569.0,33.0,18886.16,675.0,9227.94,2,3,2,OWN,business,0
APP107720,21,156658.21,8.0,4779.94,539.0,828.78,6,16,4,RENT,debt_consolidation,1
APP107721,44,85725.17,8.0,14675.08,668.0,8406.92,0,18,1,MORTGAGE,debt_consolidation,0
APP107722,60,17681.54,18.0,18401.8,565.0,1933.81,5,28,1,OWN,credit_card,1
APP107723,22,47947.85,4.0,17294.18,556.0,3064.51,3,4,0,RENT,home_improvement,1
APP107724,64,54147.42,0.0,4860.94,673.0,15142.31,5,26,2,OWN,home_improvement,1
APP107725,54,30670.34,14.0,8747.41,617.0,2976.35,9,23,1,OWN,car,0
APP107726,21,39701.88,6.0,11864.49,679.0,17872.42,11,22,0,OWN,home_improvement,0
APP107727,37,41688.94,25.0,12910.96,680.0,3849.84,4,14,1,RENT,car,0
APP107728,31,18521.63,21.0,10609.72,535.0,4593.09,13,25,1,RENT,business,1
APP107729,67,21684.12,19.0,23330.38,709.0,9641.27,4,2,1,RENT,credit_card,1
APP107730,48,39582.74,19.0,4548.77,672.0,7595.06,1,14,0,MORTGAGE,debt_consolidation,1
APP107731,36,38166.04,3.0,8568.51,603.0,5559.56,3,28,1,MORTGAGE,credit_card,0
APP107732,34,25481.77,16.0,3595.13,639.0,3392.56,3,17,0,MORTGAGE,debt_consolidation,0
APP107733,48,24411.56,2.0,14367.86,711.0,1421.27,1,25,0,OWN,business,0
APP107734,21,34721.36,14.0,13804.8,624.0,1477.72,9,17,2,RENT,credit_card,0
APP107735,33,56561.03,27.0,73803.54,819.0,14052.15,8,19,5,RENT,car,1
APP107736,29,34952.91,39.0,18321.23,769.0,19140.29,4,21,0,OWN,business,0
APP107737,51,81745.45,11.0,12074.11,659.0,5451.59,10,22,0,RENT,credit_card,0
APP107738,53,25644.64,10.0,11532.65,631.0,1189.21,3,13,1,MORTGAGE,debt_consolidation,1
APP107739,43,39996.81,26.0,8184.8,635.0,2649.64,14,19,2,OWN,car,1
APP107740,27,30419.9,36.0,10703.14,601.0,2546.53,5,10,2,OWN,home_improvement,1
APP107741,39,48726.61,11.0,11681.36,660.0,3150.69,3,0,0,RENT,car,0
APP107742,62,24568.15,33.0,3044.66,705.0,2421.74,11,3,0,RENT,credit_card,0
APP107743,30,95196.54,12.0,11138.34,542.0,7453.78,2,18,3,MORTGAGE,debt_consolidation,1
APP107744,29,15594.82,25.0,10515.5,701.0,5990.41,14,17,1,OWN,car,0
APP107745,26,85625.65,,28350.73,724.0,17396.95,10,7,1,RENT,business,0
APP107746,61,37986.81,10.0,9145.31,695.0,3599.96,3,13,1,MORTGAGE,business,0
APP107747,26,47868.47,39.0,6252.1,639.0,5768.38,4,28,3,MORTGAGE,car,0
APP107748,49,70775.09,15.0,11627.4,692.0,8891.96,14,24,2,MORTGAGE,credit_card,0
APP107749,69,55761.04,0.0,10348.62,753.0,11129.31,7,12,0,OWN,debt_consolidation,0
APP107750,52,,30.0,9151.19,645.0,1830.01,8,16,1,MORTGAGE,credit_card,0
APP107751,41,49023.0,5.0,4594.46,651.0,6794.54,10,21,3,OWN,home_improvement,1
APP107752,31,92386.58,4.0,9012.68,820.0,5526.59,3,21,2,OWN,car,0
APP107753,21,23303.39,33.0,6991.74,674.0,6261.89,6,4,1,RENT,credit_card,1
APP107754,28,104737.68,13.0,8691.59,569.0,5154.93,6,8,4,MORTGAGE,credit_card,1
APP107755,67,44039.9,5.0,15356.47,719.0,19347.09,5,14,1,OWN,home_improvement,0
APP107756,28,29242.73,39.0,6603.08,682.0,2409.87,4,27,2,OWN,debt_consolidation,0
APP107757,21,23233.61,,8666.85,597.0,2298.47,6,3,1,MORTGAGE,other,1
APP107758,60,32479.24,25.0,13694.14,561.0,2548.4,11,21,1,OWN,debt_consolidation,1
APP107759,41,13661.83,10.0,8419.95,669.0,3896.53,6,12,0,MORTGAGE,other,0
APP107760,38,29506.85,23.0,47358.97,,6214.58,1,12,0,MORTGAGE,debt_consolidation,0
APP107761,56,31841.84,27.0,11491.01,550.0,3412.11,0,16,2,MORTGAGE,home_improvement,1
APP107762,46,21221.99,30.0,4697.86,642.0,10993.39,0,5,1,RENT,business,0
APP107763,65,52781.85,16.0,5981.45,637.0,4901.02,2,18,0,OWN,debt_consolidation,0
APP107764,43,32552.74,24.0,5630.98,645.0,4550.08,11,14,0,OWN,home_improvement,0
APP107765,55,26425.98,33.0,6032.91,689.0,1695.62,9,11,2,OWN,debt_consolidation,0
APP107766,64,30863.61,33.0,13659.45,509.0,21096.7,5,4,2,RENT,debt_consolidation,1
APP107767,43,43371.32,29.0,5095.4,561.0,4731.69,0,4,0,MORTGAGE,debt_consolidation,1
APP107768,34,37669.67,15.0,8113.43,611.0,18209.23,4,6,1,RENT,credit_card,1
APP107769,68,25578.63,21.0,19646.38,756.0,2987.49,4,19,2,OWN,debt_consolidation,0
APP107770,32,38670.28,38.0,7245.51,839.0,9551.93,7,11,1,MORTGAGE,business,0
APP107771,22,35406.9,9.0,14807.54,650.0,3133.49,6,0,0,MORTGAGE,other,0
APP107772,49,20542.84,27.0,3605.51,653.0,21062.17,2,26,0,RENT,debt_consolidation,0
APP107773,69,31437.21,31.0,7923.84,454.0,12047.56,6,24,0,MORTGAGE,car,1
APP107774,25,48516.98,19.0,5816.38,722.0,9697.57,1,21,1,MORTGAGE,car,0
APP107775,62,48342.63,34.0,11847.39,685.0,2752.4,0,20,3,OWN,credit_card,0
APP107776,61,32370.99,17.0,5319.49,672.0,22591.48,13,19,3,MORTGAGE,debt_consolidation,1
APP107777,66,50939.12,33.0,34262.07,550.0,25093.93,13,23,0,OWN,car,1
APP107778,41,22248.33,25.0,3701.04,808.0,3627.45,14,27,1,OWN,credit_card,0
APP107779,33,22595.5,2.0,19564.44,771.0,5593.33,1,29,0,OWN,debt_consolidation,0
APP107780,46,32028.22,32.0,16763.62,673.0,10315.98,10,8,0,MORTGAGE,credit_card,1
APP107781,27,76786.42,27.0,11919.33,729.0,1014.61,13,9,2,OWN,home_improvement,0
APP107782,62,39404.13,8.0,10225.71,654.0,12291.9,6,5,2,MORTGAGE,debt_consolidation,1
APP107783,53,31644.42,28.0,30120.92,715.0,11147.15,14,15,1,MORTGAGE,credit_card,0
APP107784,44,78595.44,20.0,43589.79,545.0,3132.18,14,12,1,OWN,debt_consolidation,1
APP107785,46,31461.84,37.0,8739.78,468.0,850.78,2,18,1,MORTGAGE,debt_consolidation,1
APP107786,55,111009.01,12.0,10879.78,548.0,6415.97,12,18,0,MORTGAGE,car,1
APP107787,46,28123.43,10.0,7105.04,585.0,1984.4,1,17,3,MORTGAGE,car,1
APP107788,62,21897.67,2.0,4907.05,598.0,1379.45,2,0,1,RENT,business,1
APP107789,66,33416.97,31.0,13067.29,685.0,6611.51,1,19,0,RENT,credit_card,0
APP107790,67,32063.0,39.0,11496.22,629.0,14106.14,14,4,0,RENT,credit_card,1
APP107791,51,24249.23,27.0,3766.37,647.0,4125.14,12,28,0,OWN,credit_card,1
APP107792,57,133383.94,14.0,13011.66,555.0,12684.19,4,1,2,RENT,credit_card,1
APP107793,36,42587.38,35.0,11729.75,,8360.79,14,14,2,RENT,other,1
APP107794,22,45803.91,10.0,6899.84,653.0,1638.36,1,11,1,RENT,debt_consolidation,0
APP107795,40,28826.79,27.0,6634.82,606.0,3154.87,8,25,1,OWN,car,1
APP107796,63,27205.25,23.0,12762.52,650.0,11654.11,12,0,0,MORTGAGE,credit_card,1
APP107797,27,60644.19,34.0,25986.41,693.0,3134.39,14,18,1,RENT,business,0
APP107798,47,15710.41,38.0,12569.61,781.0,9464.33,3,24,0,RENT,debt_consolidation,0
APP107799,30,20507.95,14.0,15808.3,648.0,3539.99,11,23,0,MORTGAGE,home_improvement,0
APP107800,42,32091.48,3.0,6007.01,795.0,8751.71,10,8,1,RENT,credit_card,1
APP107801,28,71362.2,6.0,7718.97,682.0,6927.7,8,9,3,MORTGAGE,debt_consolidation,1
APP107802,57,30113.88,29.0,14254.25,705.0,4029.37,12,6,2,OWN,credit_card,0
APP107803,60,44715.51,14.0,4380.83,734.0,8556.48,13,9,0,RENT,credit_card,0
APP107804,58,36822.5,5.0,11207.3,707.0,873.14,2,12,0,MORTGAGE,car,0
APP107805,55,69433.81,32.0,13307.11,585.0,2062.07,7,28,0,MORTGAGE,home_improvement,0
APP107806,32,16442.73,25.0,9670.93,736.0,3391.74,3,26,2,RENT,car,0
APP107807,46,52469.2,5.0,11987.54,620.0,12558.61,6,24,0,RENT,car,0
APP107808,26,32877.72,,10246.5,674.0,1545.44,5,12,0,MORTGAGE,home_improvement,1
APP107809,39,57667.1,25.0,6813.78,660.0,4780.25,10,15,1,RENT,home_improvement,1
APP107810,45,24109.44,39.0,4881.15,741.0,6335.64,9,15,6,OWN,credit_card,1
APP107811,53,36761.14,39.0,9375.1,681.0,5991.12,11,13,2,MORTGAGE,credit_card,0
APP107812,25,34501.11,39.0,21648.76,539.0,4542.03,10,5,1,MORTGAGE,business,1
APP107813,60,,35.0,18299.49,817.0,2991.51,5,7,1,MORTGAGE,debt_consolidation,0
APP107814,43,19144.94,31.0,8044.96,716.0,4034.6,9,17,0,MORTGAGE,business,0
APP107815,64,27167.98,26.0,7945.31,605.0,10719.42,7,6,4,RENT,business,1
APP107816,46,38753.08,21.0,7602.04,559.0,2833.75,8,2,1,MORTGAGE,car,1
APP107817,47,24873.14,31.0,7602.63,725.0,873.52,3,6,4,RENT,car,0
APP107818,54,30790.55,38.0,11762.24,568.0,7136.22,4,27,1,RENT,debt_consolidation,1
APP107819,61,14144.79,4.0,18666.56,714.0,16263.4,1,28,1,RENT,home_improvement,0
APP107820,28,30172.16,5.0,38471.98,735.0,2119.69,2,1,1,RENT,credit_card,0
APP107821,46,60584.44,19.0,6015.48,598.0,14597.43,5,7,0,MORTGAGE,home_improvement,1
APP107822,22,51667.81,11.0,14628.23,590.0,7454.21,2,24,2,RENT,credit_card,1
APP107823,44,34771.0,21.0,13703.42,612.0,1948.68,7,13,3,OWN,car,1
APP107824,60,41020.46,12.0,8120.54,570.0,2799.0,10,6,0,RENT,credit_card,1
APP107825,63,24001.46,31.0,5347.55,668.0,2702.6,2,20,1,RENT,debt_consolidation,0
APP107826,34,81815.28,35.0,11675.22,679.0,5626.4,3,19,1,OWN,car,0
APP107827,39,102117.69,11.0,35310.23,708.0,4251.28,2,19,4,RENT,credit_card,1
APP107828,48,39435.11,30.0,11630.99,583.0,11901.91,12,11,1,MORTGAGE,car,1
APP107829,40,132633.23,4.0,6171.28,717.0,9696.28,1,23,0,MORTGAGE,home_improvement,0
APP107830,29,25845.94,31.0,9005.95,570.0,1427.63,13,7,3,OWN,business,1
APP107831,35,19427.8,27.0,4993.52,717.0,1579.45,13,11,0,MORTGAGE,car,0
APP107832,40,25468.26,28.0,10007.66,531.0,8033.87,5,27,1,MORTGAGE,debt_consolidation,1
APP107833,46,32540.96,19.0,14913.84,775.0,3254.04,10,9,1,RENT,debt_consolidation,0
APP107834,66,115385.42,4.0,6531.81,608.0,4273.12,2,3,1,MORTGAGE,business,1
APP107835,47,31552.89,33.0,1403.37,697.0,7610.22,2,15,1,MORTGAGE,debt_consolidation,1
APP107836,39,23627.63,,11685.79,704.0,9767.13,9,20,3,MORTGAGE,home_improvement,1
APP107837,53,23173.64,19.0,7325.15,548.0,1832.24,9,19,3,OWN,home_improvement,0
APP107838,58,64216.22,6.0,6308.15,716.0,831.07,4,7,1,MORTGAGE,debt_consolidation,0
APP107839,42,59793.42,33.0,6275.57,605.0,4489.44,7,29,0,RENT,debt_consolidation,0
APP107840,44,28488.65,22.0,12583.62,625.0,2480.28,7,22,3,OWN,home_improvement,1
APP107841,31,14215.78,20.0,7748.51,596.0,5182.28,8,17,0,RENT,credit_card,0
APP107842,63,20654.8,12.0,17296.64,779.0,4578.43,4,22,2,MORTGAGE,debt_consolidation,0
APP107843,63,85872.76,31.0,17526.53,556.0,2252.22,12,23,1,OWN,car,1
APP107844,29,51246.57,8.0,8413.74,684.0,26094.78,9,17,0,RENT,debt_consolidation,0
APP107845,37,37523.8,28.0,7240.75,600.0,4982.07,7,27,2,MORTGAGE,car,1
APP107846,34,92449.39,38.0,10685.31,737.0,3105.7,7,8,1,RENT,debt_consolidation,0
APP107847,66,96680.13,10.0,9070.33,835.0,5330.22,4,0,2,MORTGAGE,credit_card,0
APP107848,24,35668.75,27.0,3458.16,599.0,7509.34,5,17,1,MORTGAGE,home_improvement,1
APP107849,31,35997.84,12.0,31209.01,661.0,2963.03,11,7,1,RENT,debt_consolidation,1
APP107850,36,,37.0,15193.17,619.0,31451.59,1,24,0,MORTGAGE,credit_card,0
APP107851,48,31498.6,35.0,7494.38,733.0,1453.8,2,0,2,RENT,home_improvement,1
APP107852,33,17271.92,12.0,3134.33,630.0,1536.95,2,23,2,RENT,car,1
APP107853,47,17236.88,9.0,8881.63,722.0,1367.22,13,27,3,MORTGAGE,home_improvement,0
APP107854,57,15346.93,3.0,6954.98,618.0,4930.09,12,27,1,MORTGAGE,credit_card,0
APP107855,61,62452.93,27.0,9543.89,829.0,7175.04,14,11,2,OWN,credit_card,0
APP107856,25,16635.58,36.0,2701.81,474.0,3773.03,4,24,1,RENT,home_improvement,1
APP107857,27,96276.66,5.0,7455.09,680.0,7157.96,5,17,0,MORTGAGE,credit_card,1
APP107858,25,25205.34,32.0,7732.65,649.0,7081.53,4,0,3,MORTGAGE,other,1
APP107859,65,86567.09,30.0,8818.74,646.0,3682.65,11,14,0,RENT,credit_card,0
APP107860,52,30256.7,18.0,8589.32,672.0,6918.27,11,21,1,RENT,credit_card,1
APP107861,47,16595.83,8.0,10212.32,654.0,4200.01,13,22,0,MORTGAGE,other,0
APP107862,59,69001.91,26.0,24654.3,667.0,3543.18,4,11,4,MORTGAGE,other,1
APP107863,49,73198.69,23.0,7266.22,682.0,3298.4,13,11,2,RENT,debt_consolidation,0
APP107864,32,23085.83,32.0,5729.05,789.0,5922.04,14,19,1,RENT,home_improvement,0
APP107865,45,30766.26,22.0,3510.81,428.0,13019.88,1,0,0,RENT,debt_consolidation,1
APP107866,55,23088.78,1.0,7283.26,797.0,1874.27,5,25,1,MORTGAGE,other,0
APP107867,22,34191.65,8.0,4269.49,850.0,3346.8,2,10,3,MORTGAGE,business,0
APP107868,50,38327.18,15.0,17607.1,509.0,5597.82,14,17,1,OWN,debt_consolidation,1
APP107869,45,,19.0,9342.57,653.0,20040.05,7,14,1,MORTGAGE,debt_consolidation,0
APP107870,24,14625.97,13.0,17390.49,759.0,6942.06,0,11,1,RENT,debt_consolidation,0
APP107871,33,27161.62,35.0,23847.11,723.0,2565.31,8,12,1,MORTGAGE,business,0
APP107872,42,51624.9,11.0,5889.73,784.0,2346.97,2,23,2,RENT,home_improvement,0
APP107873,37,32713.73,27.0,8035.18,679.0,10808.37,5,8,0,OWN,credit_card,1
APP107874,35,30831.11,14.0,22004.72,487.0,3824.16,8,28,1,MORTGAGE,car,1
APP107875,52,22802.19,39.0,11087.02,754.0,1835.87,1,2,4,RENT,credit_card,1
APP107876,40,26768.32,36.0,13533.26,700.0,11059.47,13,12,0,RENT,car,0
APP107877,45,73458.36,31.0,18394.12,767.0,6288.94,6,0,3,MORTGAGE,car,0
APP107878,60,20539.63,30.0,16948.06,527.0,1890.66,9,11,2,OWN,debt_consolidation,1
APP107879,25,52073.5,25.0,12660.17,552.0,1682.0,4,27,3,MORTGAGE,credit_card,1
APP107880,38,37180.05,23.0,22875.39,651.0,867.74,11,16,2,RENT,credit_card,1
APP107881,24,41044.22,22.0,9500.0,756.0,2987.22,6,1,2,MORTGAGE,home_improvement,0
APP107882,66,,1.0,13516.26,778.0,6270.83,7,20,4,MORTGAGE,credit_card,1
APP107883,30,30458.22,37.0,8901.23,591.0,10598.24,4,11,1,OWN,credit_card,1
APP107884,61,36211.79,39.0,18257.5,617.0,6904.68,2,3,0,RENT,business,1
APP107885,30,27991.79,21.0,6499.89,850.0,1730.45,6,2,1,OWN,car,0
APP107886,36,42860.93,34.0,3605.75,605.0,3916.82,4,13,2,MORTGAGE,other,1
APP107887,50,45648.2,16.0,14661.13,704.0,15421.23,8,3,2,MORTGAGE,debt_consolidation,1
APP107888,61,107619.09,4.0,5366.42,613.0,3262.72,8,19,3,OWN,credit_card,0
APP107889,29,41734.98,33.0,5056.62,687.0,9091.51,5,19,2,RENT,car,0
APP107890,31,13958.99,20.0,21140.75,580.0,8236.07,2,26,1,RENT,car,0
APP107891,64,64958.87,37.0,17672.55,582.0,9025.9,3,27,3,RENT,credit_card,1
APP107892,36,32796.09,8.0,8058.64,620.0,6939.3,4,27,0,OWN,credit_card,0
APP107893,31,99306.14,19.0,1591.96,606.0,9003.67,5,10,1,MORTGAGE,home_improvement,1
APP107894,57,75770.34,26.0,13628.85,625.0,1502.31,11,7,1,OWN,car,0
APP107895,25,28208.15,5.0,14727.96,692.0,16518.97,3,22,0,OWN,car,0
APP107896,63,52101.62,39.0,13495.17,801.0,1158.33,11,12,1,MORTGAGE,debt_consolidation,0
APP107897,63,26984.62,24.0,13128.12,602.0,6307.19,0,23,1,MORTGAGE,credit_card,0
APP107898,62,36364.39,6.0,8876.53,,4727.91,9,24,2,RENT,home_improvement,1
APP107899,35,,29.0,7736.61,650.0,2979.45,9,19,0,MORTGAGE,car,1
APP107900,26,63354.43,35.0,5096.47,581.0,2252.67,11,14,2,RENT,debt_consolidation,1
APP107901,41,56817.69,14.0,6513.04,519.0,7629.67,9,26,0,MORTGAGE,home_improvement,1
APP107902,37,37703.0,24.0,12002.75,735.0,9330.75,4,15,1,MORTGAGE,debt_consolidation,0
APP107903,67,125707.36,29.0,12121.74,656.0,4525.76,4,5,1,MORTGAGE,credit_card,0
APP107904,51,30257.21,5.0,15897.14,664.0,3899.49,12,3,3,MORTGAGE,debt_consolidation,1
APP107905,67,16258.96,21.0,4256.24,495.0,13699.88,14,2,0,RENT,debt_consolidation,1
APP107906,57,17901.69,22.0,3657.24,603.0,3507.41,7,3,1,RENT,debt_consolidation,1
APP107907,56,75887.24,,7880.74,536.0,4751.68,11,13,1,OWN,home_improvement,1
APP107908,26,34949.99,11.0,5367.04,648.0,4176.02,14,17,3,OWN,credit_card,1
APP107909,24,39321.58,25.0,11065.56,660.0,35476.82,13,16,1,RENT,business,1
APP107910,23,27687.55,30.0,4510.1,660.0,2509.95,0,10,0,MORTGAGE,debt_consolidation,0
APP107911,50,28959.36,15.0,20093.25,596.0,9558.1,7,11,2,RENT,debt_consolidation,1
APP107912,30,24500.58,5.0,6043.65,581.0,1262.08,9,15,0,RENT,credit_card,0
APP107913,69,45962.24,31.0,25734.93,634.0,2283.94,7,27,2,OWN,car,0
APP107914,27,34589.66,6.0,13555.95,678.0,3837.71,8,21,0,OWN,debt_consolidation,0
APP107915,67,45139.04,0.0,5254.61,603.0,4425.92,10,3,4,RENT,debt_consolidation,0
APP107916,53,43032.86,12.0,34781.71,575.0,3946.02,3,8,0,RENT,car,1
APP107917,26,29350.38,32.0,11605.93,578.0,4539.05,8,27,4,MORTGAGE,debt_consolidation,1
APP107918,23,17511.88,30.0,10934.43,597.0,2832.11,10,25,2,RENT,credit_card,0
APP107919,40,16765.86,12.0,9517.36,613.0,13767.38,10,12,1,RENT,credit_card,1
APP107920,37,164938.14,20.0,13094.3,562.0,2207.6,8,7,1,OWN,debt_consolidation,0
APP107921,36,76045.47,,13565.06,614.0,8915.66,6,24,2,OWN,other,1
APP107922,46,70975.59,28.0,5890.03,748.0,8451.48,5,24,3,RENT,home_improvement,0
APP107923,27,25918.09,30.0,8706.88,626.0,2302.45,1,11,0,RENT,debt_consolidation,0
APP107924,27,36488.59,3.0,10608.6,550.0,3664.34,11,2,0,OWN,credit_card,1
APP107925,55,24156.74,9.0,14039.7,469.0,4905.01,12,15,0,OWN,home_improvement,1
APP107926,69,18844.17,4.0,14183.2,796.0,18775.97,14,18,1,OWN,car,1
APP107927,34,27054.62,39.0,10924.08,741.0,3657.96,5,20,0,OWN,credit_card,0
APP107928,66,70480.58,13.0,7113.9,672.0,89223.84,3,27,2,OWN,home_improvement,0
APP107929,37,55291.4,19.0,6898.4,743.0,9084.28,9,14,0,RENT,credit_card,0
APP107930,37,,22.0,4842.12,692.0,6469.15,9,27,3,OWN,debt_consolidation,0
APP107931,25,31026.35,20.0,14123.01,643.0,9970.34,5,26,2,OWN,debt_consolidation,0
APP107932,41,52815.58,2.0,6839.12,,1242.82,5,1,0,RENT,credit_card,1
APP107933,45,27296.51,36.0,8821.5,802.0,12550.32,7,16,1,OWN,debt_consolidation,0
APP107934,53,37789.75,15.0,11414.58,615.0,1705.73,6,4,0,OWN,debt_consolidation,0
APP107935,28,44396.85,36.0,9920.52,619.0,9854.93,9,0,1,MORTGAGE,business,1
APP107936,30,44155.17,30.0,9863.86,652.0,3059.41,10,1,2,MORTGAGE,car,0
APP107937,42,41236.24,27.0,5750.39,654.0,2593.04,8,23,1,MORTGAGE,business,0
APP107938,24,26190.48,28.0,11629.7,695.0,20292.52,10,25,0,MORTGAGE,credit_card,1
APP107939,28,27570.81,39.0,8203.39,686.0,4538.15,2,14,2,MORTGAGE,car,0
APP107940,51,20602.65,12.0,9397.13,603.0,1443.97,4,29,1,OWN,home_improvement,1
APP107941,67,16636.12,13.0,19826.63,652.0,10719.6,3,20,0,RENT,credit_card,0
APP107942,49,34290.57,26.0,13402.42,693.0,1850.99,11,1,0,MORTGAGE,credit_card,0
APP107943,28,54618.6,9.0,7027.01,597.0,14597.4,2,9,2,RENT,home_improvement,1
APP107944,69,18212.42,32.0,9051.19,765.0,4851.45,13,19,0,RENT,debt_consolidation,0
APP107945,46,41626.27,1.0,25839.57,648.0,1773.9,8,20,2,OWN,debt_consolidation,0
APP107946,56,53761.65,35.0,8230.24,777.0,9481.21,2,21,0,RENT,home_improvement,0
APP107947,30,14496.07,13.0,10136.81,538.0,7457.33,5,21,1,OWN,car,1
APP107948,49,31720.21,0.0,14742.46,702.0,899.02,0,18,1,OWN,debt_consolidation,0
APP107949,24,82710.77,24.0,11261.16,578.0,4671.65,3,29,1,OWN,credit_card,0
APP107950,51,47856.9,11.0,7913.37,599.0,6242.18,9,17,1,RENT,car,1
APP107951,30,14253.69,12.0,6335.65,722.0,5957.6,0,10,1,MORTGAGE,credit_card,1
APP107952,65,50471.78,19.0,9837.34,631.0,4239.55,7,5,1,MORTGAGE,debt_consolidation,0
APP107953,23,24987.52,23.0,14688.37,850.0,8919.41,11,6,4,RENT,home_improvement,0
APP107954,52,51310.64,5.0,21862.76,691.0,7747.71,3,12,1,RENT,business,0
APP107955,27,25718.33,1.0,4108.39,594.0,5038.76,0,14,1,RENT,business,1
APP107956,54,35365.21,18.0,28500.32,691.0,4068.02,9,2,1,RENT,business,0
APP107957,45,27756.59,14.0,8324.47,631.0,5533.05,5,20,2,OWN,other,0
APP107958,68,36372.89,23.0,17238.42,716.0,3032.19,6,11,0,MORTGAGE,car,0
APP107959,52,27346.94,29.0,6358.06,626.0,2168.95,6,14,1,OWN,debt_consolidation,1
APP107960,39,32475.16,24.0,3764.97,682.0,2000.11,8,20,1,MORTGAGE,car,0
APP107961,25,20174.96,4.0,4501.8,665.0,4536.86,6,25,2,RENT,car,1
APP107962,50,46412.76,39.0,8114.65,656.0,2474.55,4,16,2,RENT,car,0
APP107963,42,39641.93,28.0,13554.26,733.0,4328.43,2,28,0,RENT,business,0
APP107964,23,16183.28,1.0,10084.1,505.0,14243.79,14,21,1,RENT,debt_consolidation,1
APP107965,49,59662.46,,8517.34,657.0,4164.49,10,29,1,RENT,credit_card,1
APP107966,31,33251.53,35.0,19357.09,593.0,5489.18,9,12,2,MORTGAGE,car,1
APP107967,32,39374.8,22.0,9908.93,542.0,4093.0,3,3,0,MORTGAGE,credit_card,1
APP107968,21,53224.86,33.0,11706.16,582.0,13977.52,0,7,1,RENT,debt_consolidation,1
APP107969,39,42792.63,35.0,63998.59,600.0,18513.09,9,7,0,MORTGAGE,debt_consolidation,1
APP107970,31,65029.84,38.0,9849.51,631.0,3375.76,13,10,4,MORTGAGE,home_improvement,1
APP107971,24,31362.0,38.0,6519.11,676.0,8797.64,5,8,3,RENT,credit_card,1
APP107972,42,60913.78,7.0,13207.97,693.0,26184.37,1,15,0,RENT,credit_card,1
APP107973,31,38617.56,1.0,15374.31,617.0,1942.04,7,27,0,RENT,business,0
APP107974,27,46808.34,26.0,11856.01,776.0,10767.2,14,3,0,MORTGAGE,car,0
APP107975,43,44436.42,27.0,10874.19,620.0,1221.0,6,23,2,MORTGAGE,credit_card,1
APP107976,24,67532.56,22.0,24084.86,494.0,5032.64,5,17,1,OWN,car,1
APP107977,69,52088.85,9.0,22344.79,622.0,4393.73,14,3,0,MORTGAGE,credit_card,1
APP107978,44,29100.98,37.0,9225.62,653.0,1254.37,3,23,1,OWN,credit_card,0
APP107979,69,26353.77,16.0,6727.13,388.0,11747.36,5,13,0,OWN,business,1
APP107980,64,35423.22,29.0,12804.11,746.0,5530.91,3,19,2,RENT,car,0
APP107981,69,24833.51,24.0,6704.0,642.0,2340.68,2,27,2,RENT,home_improvement,1
APP107982,47,21459.1,35.0,16833.01,557.0,6392.4,13,4,1,OWN,credit_card,1
APP107983,41,12531.16,28.0,12764.64,573.0,10128.09,5,6,0,OWN,car,1
APP107984,56,16736.86,25.0,49119.86,710.0,1193.9,11,5,3,MORTGAGE,car,0
APP107985,24,97998.08,33.0,23956.1,720.0,395.97,7,16,1,MORTGAGE,credit_card,0
APP107986,62,26153.8,2.0,5181.01,598.0,4752.42,10,29,1,RENT,credit_card,1
APP107987,36,94063.95,28.0,7249.78,541.0,2658.11,0,20,2,OWN,car,1
APP107988,21,44425.87,23.0,3138.91,660.0,14339.74,8,17,2,OWN,car,1
APP107989,32,35423.16,31.0,2744.49,675.0,3654.32,13,1,1,RENT,debt_consolidation,1
APP107990,32,17149.04,8.0,10596.68,695.0,6295.25,14,10,2,MORTGAGE,car,0
APP107991,21,36400.38,,4839.51,604.0,4231.95,2,12,1,OWN,credit_card,1
APP107992,53,93535.08,11.0,26495.0,640.0,1426.87,11,14,3,MORTGAGE,credit_card,0
APP107993,25,79127.71,4.0,19826.0,651.0,5036.24,13,27,1,RENT,credit_card,0
APP107994,62,41652.61,23.0,8409.38,727.0,1701.13,11,10,3,RENT,credit_card,1
APP107995,43,20448.52,0.0,8127.53,756.0,1635.82,6,0,2,MORTGAGE,car,0
APP107996,56,22503.3,3.0,24130.3,778.0,2042.52,1,12,2,OWN,home_improvement,1
APP107997,37,23711.23,21.0,27688.28,754.0,1904.05,8,19,2,OWN,credit_card,0
APP107998,27,68808.15,35.0,5655.82,795.0,4153.19,0,11,0,MORTGAGE,home_improvement,0
APP107999,29,82113.71,28.0,5235.88,731.0,3591.79,10,26,1,RENT,credit_card,0
APP108000,52,40052.5,0.0,8261.37,602.0,6169.13,6,23,1,RENT,credit_card,0
APP108001,56,31208.94,4.0,12819.4,772.0,1395.0,0,12,3,RENT,business,0
APP108002,34,78775.34,17.0,7272.08,539.0,4018.43,10,27,0,MORTGAGE,credit_card,1
APP108003,38,22263.71,17.0,12982.12,839.0,3344.03,6,7,2,MORTGAGE,car,0
APP108004,67,37268.8,1.0,31894.19,571.0,5774.01,7,27,2,MORTGAGE,home_improvement,1
APP108005,62,45774.53,10.0,4257.26,721.0,5999.84,4,21,1,MORTGAGE,home_improvement,0
APP108006,41,23590.51,5.0,7574.89,765.0,5569.3,6,4,0,RENT,home_improvement,0
APP108007,32,26424.39,22.0,4306.17,686.0,2225.6,2,11,3,OWN,debt_consolidation,1
APP108008,35,25415.92,26.0,5991.21,485.0,5012.81,2,19,0,RENT,business,1
APP108009,47,73744.63,15.0,8293.22,574.0,3259.85,10,10,1,MORTGAGE,debt_consolidation,0
APP108010,48,94578.33,22.0,6397.57,678.0,14063.81,12,24,0,MORTGAGE,home_improvement,0
APP108011,30,38460.86,8.0,13520.83,700.0,5368.23,2,7,1,MORTGAGE,home_improvement,1
APP108012,24,31757.71,34.0,10835.4,,5237.0,2,27,0,RENT,credit_card,0
APP108013,45,26905.32,0.0,11842.04,655.0,1763.9,8,28,1,MORTGAGE,debt_consolidation,0
APP108014,60,36347.23,,8233.62,532.0,3064.62,8,3,2,MORTGAGE,car,1
APP108015,28,27581.19,12.0,8701.37,791.0,6045.3,5,22,0,MORTGAGE,debt_consolidation,0
APP108016,41,34595.71,18.0,8019.13,619.0,4614.76,14,20,2,MORTGAGE,business,0
APP108017,28,44650.3,20.0,8525.4,713.0,4575.1,14,4,0,MORTGAGE,car,0
APP108018,32,29653.74,25.0,12726.04,762.0,1208.38,9,19,0,MORTGAGE,car,0
APP108019,50,33031.14,37.0,3120.99,557.0,2562.5,13,8,0,OWN,debt_consolidation,1
APP108020,35,33099.48,22.0,11763.59,,3944.44,6,24,2,OWN,other,0
APP108021,33,30983.75,9.0,5876.76,672.0,12853.17,0,26,2,RENT,debt_consolidation,1
APP108022,69,29122.78,20.0,8076.27,629.0,1082.62,1,0,0,RENT,credit_card,0
APP108023,29,53161.96,20.0,3878.02,724.0,2131.82,12,24,3,RENT,credit_card,0
APP108024,30,14982.41,34.0,7980.82,596.0,1076.46,1,29,0,MORTGAGE,business,0
APP108025,66,79788.92,22.0,11692.82,654.0,6376.19,2,10,0,MORTGAGE,car,0
APP108026,47,38861.71,34.0,13020.11,620.0,12694.52,10,29,2,RENT,debt_consolidation,0
APP108027,23,49266.95,,4857.12,836.0,6557.84,7,21,1,RENT,car,0
APP108028,41,52184.4,22.0,12648.62,596.0,7799.19,3,17,1,MORTGAGE,debt_consolidation,1
APP108029,48,25488.19,13.0,19611.39,709.0,2152.47,12,3,2,MORTGAGE,credit_card,1
APP108030,33,22990.14,10.0,7359.78,793.0,6604.75,10,14,2,MORTGAGE,debt_consolidation,1
APP108031,47,21673.93,3.0,9902.55,576.0,2649.23,4,4,1,MORTGAGE,debt_consolidation,1
APP108032,52,32095.34,21.0,2860.84,657.0,5155.39,3,8,2,MORTGAGE,business,1
APP108033,33,51513.66,36.0,5777.81,571.0,7346.2,11,27,0,RENT,home_improvement,0
APP108034,60,27122.5,0.0,11641.27,488.0,3891.14,3,3,0,RENT,debt_consolidation,1
APP108035,43,49215.59,38.0,17558.27,587.0,9472.34,3,16,1,OWN,credit_card,1
APP108036,68,11114.87,34.0,6907.99,604.0,4311.87,13,29,3,RENT,business,1
APP108037,25,29947.96,17.0,49100.85,609.0,6117.45,13,4,2,OWN,debt_consolidation,1
APP108038,36,65092.76,12.0,11948.17,,22309.72,14,5,2,MORTGAGE,car,1
APP108039,56,33340.04,23.0,4610.01,650.0,7317.26,6,14,0,MORTGAGE,debt_consolidation,1
APP108040,64,23990.86,34.0,21424.91,554.0,2698.61,10,14,1,RENT,debt_consolidation,1
APP108041,31,26149.32,1.0,4666.82,,3346.33,2,13,1,MORTGAGE,home_improvement,0
APP108042,69,7990.34,17.0,12052.85,747.0,9882.09,14,6,0,MORTGAGE,credit_card,0
APP108043,30,21896.87,1.0,5667.23,756.0,11318.17,0,29,0,MORTGAGE,car,0
APP108044,41,61612.54,25.0,4383.22,629.0,4773.5,12,3,2,MORTGAGE,car,0
APP108045,36,27138.23,3.0,17628.84,721.0,1448.57,9,0,1,RENT,debt_consolidation,0
APP108046,41,28788.4,12.0,8468.71,595.0,2298.01,14,7,1,MORTGAGE,credit_card,1
APP108047,65,11317.37,29.0,27872.71,622.0,5679.37,10,22,2,MORTGAGE,business,0
APP108048,56,16067.94,30.0,5373.53,681.0,7818.93,2,3,0,MORTGAGE,home_improvement,0
APP108049,60,65842.75,9.0,3882.43,623.0,10979.85,10,22,3,OWN,credit_card,1
APP108050,33,49446.52,20.0,7421.98,548.0,967.05,11,11,2,OWN,home_improvement,1
APP108051,67,18982.65,7.0,56067.15,716.0,9869.22,7,23,1,MORTGAGE,debt_consolidation,0
APP108052,42,26495.07,23.0,16323.31,583.0,15392.04,8,6,0,RENT,other,0
APP108053,52,35789.64,0.0,13798.78,608.0,724.26,6,23,1,MORTGAGE,car,1
APP108054,55,19969.0,32.0,14075.11,734.0,4893.93,4,0,0,RENT,credit_card,1
APP108055,53,13332.07,0.0,7398.95,692.0,9011.18,9,21,1,OWN,credit_card,0
APP108056,50,33536.67,24.0,50899.59,664.0,1589.0,7,0,0,MORTGAGE,car,0
APP108057,44,48354.0,16.0,13027.94,532.0,3296.02,0,12,1,MORTGAGE,home_improvement,1
APP108058,52,48821.63,8.0,12315.2,556.0,7693.77,11,21,2,MORTGAGE,credit_card,1
APP108059,65,56253.23,21.0,17870.7,681.0,3235.11,3,1,1,RENT,debt_consolidation,1
APP108060,40,16700.96,5.0,4610.33,700.0,3674.22,0,27,0,MORTGAGE,home_improvement,0
APP108061,46,37382.24,23.0,5839.45,670.0,5864.34,3,29,2,OWN,business,1
APP108062,29,31754.01,25.0,8541.5,612.0,1927.85,13,20,0,OWN,credit_card,0
APP108063,38,34765.81,18.0,17940.16,609.0,2093.27,11,7,3,MORTGAGE,car,1
APP108064,58,32666.62,14.0,4542.21,667.0,7148.93,6,21,0,RENT,debt_consolidation,0
APP108065,52,26102.23,18.0,9505.13,549.0,10500.23,6,9,1,MORTGAGE,car,1
APP108066,31,8031.32,38.0,8731.48,657.0,6760.26,6,19,1,RENT,car,0
APP108067,47,64920.23,30.0,3848.23,538.0,14603.09,0,4,2,OWN,debt_consolidation,1
APP108068,60,42830.04,,7292.79,565.0,6875.65,5,18,0,RENT,business,1
APP108069,27,17289.51,11.0,13702.74,664.0,21539.11,13,9,1,RENT,other,1
APP108070,24,46007.78,0.0,4064.47,696.0,5180.37,9,17,1,RENT,home_improvement,0
APP108071,40,29037.62,9.0,23081.82,677.0,6015.87,5,9,1,RENT,car,1
APP108072,53,29451.9,31.0,13106.02,560.0,6785.63,14,8,0,OWN,credit_card,1
APP108073,36,24730.5,34.0,12180.65,500.0,2973.73,1,10,0,RENT,debt_consolidation,1
APP108074,61,47499.06,18.0,9945.87,649.0,2641.61,12,26,2,OWN,credit_card,0
APP108075,62,24345.16,27.0,5138.96,498.0,2392.11,6,12,2,MORTGAGE,business,1
APP108076,47,20985.41,14.0,6702.14,725.0,3150.81,7,20,2,OWN,home_improvement,1
APP108077,39,63951.0,19.0,12297.03,563.0,25760.63,14,20,1,MORTGAGE,other,1
APP108078,23,33208.44,33.0,6694.27,828.0,21103.28,13,18,4,OWN,business,0
APP108079,61,33733.84,11.0,11083.91,573.0,3780.67,12,29,0,RENT,debt_consolidation,1
APP108080,64,51340.34,12.0,5771.41,687.0,3510.71,7,1,1,RENT,car,0
APP108081,42,26009.23,5.0,12976.02,591.0,882.29,8,15,1,MORTGAGE,home_improvement,1
APP108082,46,28736.5,8.0,13570.43,,2218.51,13,29,5,RENT,other,1
APP108083,57,42313.34,1.0,3727.1,664.0,2572.24,11,29,1,MORTGAGE,credit_card,0
APP108084,55,16802.97,32.0,10305.01,718.0,3457.33,4,13,0,MORTGAGE,debt_consolidation,0
APP108085,27,40560.48,34.0,3971.9,731.0,3115.84,7,1,1,MORTGAGE,debt_consolidation,0
APP108086,53,24888.08,16.0,3240.15,,5836.04,12,10,2,MORTGAGE,credit_card,1
APP108087,66,55700.05,23.0,6930.34,733.0,9135.83,12,11,0,MORTGAGE,car,0
APP108088,57,47730.78,9.0,53005.48,600.0,2745.62,4,10,3,OWN,credit_card,1
APP108089,44,44679.68,1.0,15760.04,701.0,15514.66,12,0,1,MORTGAGE,other,1
APP108090,46,16260.93,20.0,22817.03,622.0,6480.37,8,27,1,MORTGAGE,car,1
APP108091,33,,6.0,14257.66,728.0,10002.84,5,17,2,OWN,other,0
APP108092,53,20158.21,33.0,11195.49,659.0,3457.71,7,11,0,OWN,debt_consolidation,0
APP108093,32,35652.27,11.0,16936.65,699.0,7609.62,6,29,1,MORTGAGE,debt_consolidation,0
APP108094,37,11411.31,29.0,6742.98,673.0,7064.29,1,25,0,OWN,business,0
APP108095,33,16807.56,10.0,13125.46,710.0,15899.9,3,6,0,MORTGAGE,credit_card,1
APP108096,37,65809.32,5.0,20055.5,585.0,8284.61,2,5,1,OWN,debt_consolidation,0
APP108097,38,43674.8,21.0,15057.82,524.0,9729.98,10,21,3,OWN,debt_consolidation,1
APP108098,25,30427.2,7.0,20861.65,729.0,3218.89,6,26,0,RENT,debt_consolidation,0
APP108099,56,23054.78,15.0,11043.09,757.0,12794.09,2,22,2,RENT,car,1
APP108100,42,21117.83,11.0,27316.56,640.0,1770.61,8,24,1,MORTGAGE,business,1
APP108101,67,,35.0,8734.72,714.0,3107.48,7,3,4,MORTGAGE,car,1
APP108102,29,30582.52,20.0,35263.91,519.0,6155.13,10,5,0,MORTGAGE,debt_consolidation,1
APP108103,53,78694.11,28.0,13962.97,600.0,1954.39,14,12,3,OWN,car,1
APP108104,29,33110.91,23.0,7860.71,656.0,2348.32,14,17,0,MORTGAGE,debt_consolidation,1
APP108105,47,37397.54,36.0,4878.15,511.0,2349.26,6,4,0,RENT,debt_consolidation,1
APP108106,45,18137.71,17.0,6094.89,527.0,6653.72,0,1,0,RENT,debt_consolidation,1
APP108107,42,30322.65,34.0,5565.73,662.0,4327.9,1,10,2,MORTGAGE,business,1
APP108108,53,39675.76,35.0,9384.07,601.0,10625.22,2,21,1,MORTGAGE,debt_consolidation,1
APP108109,61,30139.96,36.0,4608.35,622.0,22125.19,0,24,1,OWN,business,1
APP108110,36,28486.5,27.0,21496.71,617.0,6101.87,9,24,1,RENT,debt_consolidation,0
APP108111,62,42764.12,39.0,10576.96,,3264.36,14,8,1,MORTGAGE,credit_card,0
APP108112,30,77451.84,29.0,10322.59,632.0,6598.95,11,8,4,RENT,business,1
APP108113,35,39045.57,12.0,4918.54,648.0,2400.51,10,27,1,RENT,debt_consolidation,0
APP108114,36,64350.06,6.0,6239.01,603.0,4670.72,4,4,1,MORTGAGE,home_improvement,1
APP108115,67,49553.15,8.0,2611.76,609.0,35235.22,10,23,1,MORTGAGE,debt_consolidation,1
APP108116,26,62453.45,22.0,26125.92,633.0,4177.73,7,0,0,OWN,debt_consolidation,0
APP108117,40,26772.75,6.0,4227.52,715.0,6261.16,5,7,3,MORTGAGE,business,1
APP108118,41,32746.01,9.0,4424.26,642.0,4319.0,0,5,1,RENT,debt_consolidation,0
APP108119,60,32814.09,25.0,23107.3,,3541.6,7,12,0,MORTGAGE,credit_card,1
APP108120,44,47721.56,13.0,12488.19,554.0,7220.8,6,3,0,MORTGAGE,credit_card,1
APP108121,68,53971.23,27.0,10640.71,724.0,1778.05,8,18,0,MORTGAGE,debt_consolidation,0
APP108122,57,38658.74,39.0,12138.79,595.0,4302.93,7,13,0,MORTGAGE,business,0
APP108123,55,56294.57,3.0,17541.77,642.0,1659.12,11,18,3,RENT,debt_consolidation,1
APP108124,57,27400.99,25.0,10508.35,803.0,16908.63,13,21,1,MORTGAGE,credit_card,0
APP108125,28,56539.16,32.0,3920.13,700.0,10826.65,7,16,1,MORTGAGE,debt_consolidation,0
APP108126,43,60349.31,5.0,15366.02,478.0,2658.35,5,15,0,RENT,debt_consolidation,1
APP108127,49,50957.55,31.0,12751.53,765.0,1113.58,4,11,0,MORTGAGE,credit_card,0
APP108128,31,38835.3,20.0,19988.89,661.0,7275.7,13,19,2,RENT,car,0
APP108129,26,51878.6,25.0,4677.6,679.0,4745.85,7,28,1,RENT,business,0
APP108130,27,23225.31,2.0,6389.39,674.0,29584.8,14,4,0,MORTGAGE,debt_consolidation,0
APP108131,59,40101.99,17.0,12522.14,723.0,15083.97,10,2,1,OWN,other,0
APP108132,53,42203.37,14.0,5615.54,643.0,8169.14,8,23,0,MORTGAGE,home_improvement,0
APP108133,34,18680.62,,2412.2,531.0,3220.88,0,18,0,OWN,credit_card,1
APP108134,57,46041.21,30.0,11141.12,675.0,3986.72,11,17,0,RENT,credit_card,0
APP108135,55,19449.77,20.0,16932.74,,6258.45,7,1,1,RENT,credit_card,1
APP108136,61,29320.46,35.0,9160.36,795.0,6529.11,1,13,1,RENT,debt_consolidation,0
APP108137,65,37044.7,6.0,13751.2,621.0,2790.19,5,16,0,MORTGAGE,business,1
APP108138,64,25200.82,29.0,12607.16,645.0,1650.36,6,22,0,RENT,debt_consolidation,0
APP108139,29,37845.87,24.0,9959.65,595.0,22984.64,13,5,1,MORTGAGE,credit_card,1
APP108140,58,37544.36,26.0,10738.36,677.0,5049.71,9,17,0,OWN,business,0
APP108141,40,24098.6,12.0,22236.33,686.0,6900.52,5,2,0,OWN,credit_card,1
APP108142,40,48242.09,27.0,5549.43,595.0,2475.14,14,24,0,RENT,debt_consolidation,0
APP108143,52,24783.21,9.0,15737.9,686.0,14661.17,9,1,1,RENT,credit_card,0
APP108144,50,114003.81,30.0,4873.04,655.0,11294.42,14,17,1,MORTGAGE,business,0
APP108145,41,34381.04,17.0,6143.39,642.0,5158.4,6,28,1,OWN,home_improvement,1
APP108146,69,20218.49,19.0,20283.24,589.0,5814.38,12,10,0,RENT,debt_consolidation,1
APP108147,29,22199.59,23.0,4789.12,835.0,6173.29,12,3,3,RENT,car,0
APP108148,25,64459.36,3.0,8561.62,744.0,5316.38,10,19,2,RENT,debt_consolidation,0
APP108149,22,29596.88,14.0,40815.14,708.0,7679.61,13,10,1,RENT,debt_consolidation,1
APP108150,60,18363.46,8.0,18312.34,740.0,6642.67,8,19,1,OWN,home_improvement,0
APP108151,40,55651.06,38.0,6359.45,673.0,4269.61,1,14,1,RENT,debt_consolidation,0
APP108152,42,29501.99,16.0,7048.04,622.0,1929.73,5,10,1,RENT,debt_consolidation,0
APP108153,52,50347.78,0.0,8936.78,438.0,4816.14,0,0,3,RENT,home_improvement,1
APP108154,42,57975.92,1.0,21745.6,552.0,8957.15,3,11,1,RENT,other,1
APP108155,49,41657.29,36.0,5426.29,823.0,8414.63,10,27,2,OWN,debt_consolidation,0
APP108156,23,120325.24,6.0,5232.78,742.0,14043.73,1,29,0,OWN,other,0
APP108157,28,15330.95,0.0,15184.22,666.0,15284.39,9,0,1,RENT,credit_card,1
APP108158,66,24125.51,8.0,3609.48,523.0,8615.34,9,5,1,RENT,car,1
APP108159,43,31953.12,8.0,5729.33,700.0,5709.88,8,27,1,MORTGAGE,home_improvement,1
APP108160,29,112486.31,3.0,9404.53,627.0,6469.17,10,24,1,RENT,credit_card,1
APP108161,39,89232.56,39.0,9698.32,705.0,3104.17,6,0,2,OWN,debt_consolidation,0
APP108162,37,69171.58,2.0,4364.37,561.0,9315.38,9,12,2,MORTGAGE,home_improvement,1
APP108163,34,24414.64,29.0,12237.3,610.0,14170.81,11,12,1,OWN,other,1
APP108164,35,25880.44,33.0,13797.73,720.0,11308.41,8,29,1,RENT,credit_card,0
APP108165,56,23997.86,25.0,6650.89,804.0,7670.13,10,23,2,RENT,credit_card,0
APP108166,26,24545.57,5.0,26807.97,597.0,4054.07,11,23,3,OWN,credit_card,1
APP108167,36,76600.0,29.0,12133.96,570.0,3696.8,6,0,1,RENT,debt_consolidation,1
APP108168,43,32148.35,13.0,5415.85,731.0,4325.02,13,20,0,OWN,debt_consolidation,0
APP108169,47,34346.35,16.0,26172.6,549.0,2740.42,4,24,1,RENT,business,1
APP108170,64,53486.97,10.0,7230.08,554.0,6122.58,0,12,0,RENT,car,1
APP108171,66,15807.44,31.0,11018.42,671.0,524.68,14,14,1,RENT,other,0
APP108172,35,37284.12,23.0,7390.36,816.0,3193.81,12,7,1,OWN,business,0
APP108173,47,20985.02,6.0,14392.92,582.0,5190.14,6,14,0,MORTGAGE,business,1
APP108174,22,31344.45,16.0,7413.69,620.0,36363.67,3,10,1,MORTGAGE,debt_consolidation,1
APP108175,51,27086.47,31.0,7688.54,658.0,4932.2,3,5,2,MORTGAGE,credit_card,0
APP108176,28,26397.11,37.0,8991.31,612.0,5079.77,8,29,1,MORTGAGE,credit_card,1
APP108177,24,40651.5,37.0,7323.4,508.0,2522.93,14,7,1,RENT,home_improvement,1
APP108178,53,40562.8,5.0,18827.78,714.0,19450.52,4,5,1,OWN,car,1
APP108179,29,32535.59,34.0,4653.26,664.0,2563.91,10,23,0,MORTGAGE,other,0
APP108180,44,43710.44,22.0,9678.98,679.0,24990.19,5,4,2,OWN,debt_consolidation,1
APP108181,25,23522.03,29.0,10442.92,638.0,2719.07,8,0,2,MORTGAGE,car,1
APP108182,57,51061.85,15.0,9184.01,771.0,10439.01,9,17,0,MORTGAGE,car,0
APP108183,58,32757.93,26.0,17693.97,609.0,4696.82,11,9,0,RENT,car,0
APP108184,49,28514.51,10.0,4014.35,563.0,3134.1,10,20,3,OWN,debt_consolidation,1
APP108185,61,24406.89,20.0,13915.39,783.0,11022.26,3,9,2,MORTGAGE,debt_consolidation,1
APP108186,42,32186.46,9.0,4689.25,,14225.62,1,2,2,RENT,credit_card,1
APP108187,30,92532.91,15.0,7293.47,637.0,4236.85,8,8,0,MORTGAGE,credit_card,1
APP108188,28,35183.87,16.0,4408.92,643.0,4820.59,6,11,0,MORTGAGE,car,0
APP108189,31,20492.17,34.0,8109.13,640.0,3533.04,4,9,3,MORTGAGE,other,1
APP108190,30,57492.49,25.0,6995.86,525.0,5879.6,2,17,1,OWN,business,1
APP108191,36,28682.31,25.0,26448.72,555.0,2047.29,12,3,2,MORTGAGE,debt_consolidation,1
APP108192,31,41851.36,11.0,11439.41,726.0,569.8,1,19,1,RENT,credit_card,1
APP108193,49,,17.0,12885.68,760.0,1100.83,2,5,1,RENT,car,0
APP108194,28,68898.29,18.0,5092.37,616.0,4118.11,5,18,1,OWN,credit_card,1
APP108195,51,27027.77,31.0,15429.65,575.0,2088.28,3,16,2,RENT,debt_consolidation,0
APP108196,37,73052.16,7.0,26447.99,507.0,4473.51,1,4,2,OWN,credit_card,1
APP108197,54,,2.0,16679.66,,3261.74,3,16,0,RENT,car,0
APP108198,46,31368.1,20.0,4504.32,729.0,2793.09,5,29,0,RENT,car,0
APP108199,65,73130.29,32.0,7491.43,425.0,2924.63,6,27,2,RENT,car,1
APP108200,42,39501.23,29.0,10562.8,456.0,10654.77,7,22,2,OWN,debt_consolidation,1
APP108201,35,113066.68,32.0,7000.26,660.0,5932.64,1,15,0,OWN,credit_card,0
APP108202,49,,15.0,45242.61,671.0,17187.88,14,23,1,MORTGAGE,debt_consolidation,1
APP108203,53,41296.02,9.0,7410.36,611.0,5338.01,8,13,1,MORTGAGE,debt_consolidation,1
APP108204,42,94143.42,26.0,9643.02,647.0,1066.4,6,9,2,MORTGAGE,business,1
APP108205,48,17035.22,1.0,6904.05,630.0,2132.3,10,2,4,OWN,debt_consolidation,1
APP108206,44,16012.5,35.0,11373.15,652.0,5388.93,14,14,2,RENT,car,1
APP108207,35,24397.74,28.0,22683.88,577.0,5964.51,0,22,1,RENT,car,1
APP108208,36,54539.82,20.0,10603.22,649.0,3075.46,7,25,2,MORTGAGE,debt_consolidation,1
APP108209,65,16237.43,7.0,8678.4,596.0,2600.37,13,13,2,RENT,debt_consolidation,1
APP108210,54,48948.53,10.0,5196.05,589.0,3021.84,3,20,0,MORTGAGE,credit_card,0
APP108211,25,47256.87,39.0,20441.08,500.0,4378.38,12,22,0,MORTGAGE,credit_card,1
APP108212,68,99428.6,0.0,9079.58,635.0,4725.79,8,7,2,MORTGAGE,credit_card,1
APP108213,55,61251.43,0.0,8848.31,714.0,2042.03,0,5,1,MORTGAGE,credit_card,1
APP108214,23,43565.69,13.0,2432.41,623.0,5984.95,13,16,1,OWN,debt_consolidation,0
APP108215,56,71651.29,9.0,9169.79,621.0,5940.94,1,18,0,MORTGAGE,home_improvement,0
APP108216,49,47545.95,27.0,7780.2,750.0,4500.94,10,1,0,MORTGAGE,credit_card,0
APP108217,65,28852.88,1.0,3308.99,731.0,2827.67,8,21,1,MORTGAGE,business,0
APP108218,44,20490.1,31.0,17921.69,788.0,8410.68,11,14,0,RENT,debt_consolidation,0
APP108219,46,27318.44,31.0,7178.56,830.0,14170.21,4,10,0,OWN,credit_card,0
APP108220,36,35595.09,9.0,30863.86,654.0,3433.75,1,14,1,MORTGAGE,credit_card,1
APP108221,36,39636.64,23.0,23124.89,557.0,2972.63,7,14,1,RENT,credit_card,1
APP108222,51,12486.49,26.0,6425.68,608.0,7134.76,11,21,1,MORTGAGE,debt_consolidation,1
APP108223,61,32539.82,33.0,22507.15,695.0,1926.64,8,1,4,MORTGAGE,debt_consolidation,0
APP108224,64,36838.21,29.0,26012.31,765.0,1770.02,1,25,1,RENT,debt_consolidation,0
APP108225,58,47751.64,38.0,7076.81,566.0,2924.64,9,8,0,RENT,debt_consolidation,0
APP108226,50,81911.97,4.0,5326.26,670.0,6295.48,6,25,2,MORTGAGE,credit_card,1
APP108227,45,39847.97,24.0,2715.65,586.0,2430.0,10,4,0,RENT,car,1
APP108228,37,23045.33,30.0,12434.93,638.0,4841.59,13,10,0,RENT,credit_card,0
APP108229,58,14631.91,9.0,5519.29,637.0,984.89,12,11,2,MORTGAGE,credit_card,0
APP108230,36,51200.55,8.0,12661.18,,8050.05,14,5,1,MORTGAGE,credit_card,0
APP108231,34,23516.47,3.0,7039.48,812.0,15558.54,9,2,1,RENT,home_improvement,0
APP108232,63,56017.45,39.0,6199.11,688.0,2373.46,10,0,0,MORTGAGE,home_improvement,1
APP108233,49,73036.17,34.0,7066.39,615.0,7011.33,1,24,0,OWN,credit_card,1
APP108234,38,16780.33,4.0,4537.4,602.0,4161.18,2,3,2,RENT,debt_consolidation,1
APP108235,63,47903.62,9.0,7064.43,634.0,5350.44,2,22,1,MORTGAGE,credit_card,1
APP108236,68,69307.69,18.0,6361.58,580.0,4037.12,10,0,1,RENT,home_improvement,1
APP108237,36,60446.84,35.0,9813.42,661.0,3855.27,9,25,1,MORTGAGE,debt_consolidation,0
APP108238,46,12731.19,33.0,10536.02,457.0,2523.73,13,7,4,MORTGAGE,debt_consolidation,1
APP108239,44,23698.66,35.0,5204.58,633.0,2050.22,10,28,3,MORTGAGE,car,0
APP108240,55,19147.16,33.0,19158.14,,11843.22,13,14,0,OWN,business,0
APP108241,67,47180.52,25.0,8993.51,557.0,1282.74,11,16,2,MORTGAGE,car,1
APP108242,47,44652.4,11.0,24378.66,619.0,4841.85,9,14,1,OWN,car,1
APP108243,60,9424.37,24.0,11437.46,739.0,4669.02,7,22,0,MORTGAGE,other,0
APP108244,50,31244.05,19.0,10316.11,745.0,4733.69,2,6,3,RENT,debt_consolidation,0
APP108245,64,54195.87,38.0,7371.77,607.0,8365.68,9,14,0,RENT,debt_consolidation,1
APP108246,40,39104.31,17.0,14312.72,691.0,3653.38,7,7,1,RENT,home_improvement,0
APP108247,39,39070.91,30.0,10098.48,530.0,8286.65,14,23,1,MORTGAGE,other,0
APP108248,41,30257.61,6.0,16565.53,626.0,24069.53,13,25,0,OWN,home_improvement,0
APP108249,69,21386.81,27.0,25920.71,668.0,4351.3,5,16,2,OWN,business,0
APP108250,50,36007.12,18.0,6398.94,772.0,967.21,2,18,3,MORTGAGE,other,0
APP108251,28,37273.83,,14300.91,,4385.08,3,22,1,MORTGAGE,car,0
APP108252,23,49396.13,30.0,14059.73,666.0,4053.75,7,12,1,MORTGAGE,home_improvement,1
APP108253,46,51444.04,19.0,13028.14,577.0,6779.19,14,8,0,RENT,car,1
APP108254,60,37908.5,2.0,7631.81,758.0,996.99,12,28,3,OWN,home_improvement,0
APP108255,44,62783.91,15.0,7725.02,622.0,6371.55,13,20,2,OWN,credit_card,1
APP108256,48,30107.74,38.0,6972.09,685.0,3508.2,3,0,1,RENT,debt_consolidation,0
APP108257,60,17641.12,37.0,6889.61,,9341.19,0,17,2,MORTGAGE,debt_consolidation,1
APP108258,46,46098.09,24.0,5978.5,,3246.19,10,13,2,MORTGAGE,debt_consolidation,0
APP108259,65,38684.33,25.0,9295.65,601.0,9841.74,6,7,0,OWN,home_improvement,1
APP108260,52,46558.54,10.0,6281.15,723.0,1467.65,6,23,0,MORTGAGE,credit_card,0
APP108261,56,19298.34,31.0,12853.69,643.0,4985.19,11,20,0,RENT,debt_consolidation,0
APP108262,59,,23.0,10241.18,695.0,2258.68,14,13,0,RENT,car,0
APP108263,51,51805.48,1.0,10954.15,779.0,3325.95,2,11,2,MORTGAGE,home_improvement,0
APP108264,23,31445.2,37.0,8399.32,489.0,43306.99,9,6,2,RENT,credit_card,1
APP108265,41,22748.93,34.0,10314.84,644.0,2299.26,0,18,2,OWN,business,1
APP108266,27,62229.02,3.0,8532.23,578.0,3647.96,7,25,1,RENT,credit_card,1
APP108267,46,20933.69,16.0,15799.38,685.0,1968.46,0,19,1,RENT,credit_card,0
APP108268,28,112497.07,29.0,7589.84,705.0,3844.52,12,0,1,MORTGAGE,business,1
APP108269,45,26726.14,29.0,12398.3,612.0,4359.15,8,20,1,RENT,business,0
APP108270,37,85841.05,6.0,4519.59,608.0,2730.78,3,13,4,RENT,home_improvement,1
APP108271,21,33115.71,1.0,15172.58,666.0,17345.57,3,20,1,RENT,credit_card,1
APP108272,27,80047.33,39.0,7075.85,548.0,12383.69,9,11,2,MORTGAGE,debt_consolidation,1
APP108273,45,25148.81,35.0,5725.23,,2304.35,3,12,0,OWN,debt_consolidation,0
APP108274,24,36659.14,29.0,4997.64,584.0,9446.19,5,13,0,OWN,car,1
APP108275,62,54305.17,26.0,4765.93,708.0,3347.36,0,18,1,MORTGAGE,credit_card,0
APP108276,58,50566.2,27.0,7413.94,544.0,1838.22,5,25,2,OWN,business,1
APP108277,55,62967.94,18.0,24322.97,604.0,2767.55,10,27,2,OWN,credit_card,0
APP108278,29,,27.0,6727.82,589.0,1799.43,0,5,2,RENT,debt_consolidation,1
APP108279,59,37888.55,12.0,2629.36,626.0,10435.31,12,2,1,OWN,debt_consolidation,1
APP108280,52,67791.65,3.0,12323.7,760.0,2437.88,4,24,1,RENT,credit_card,0
APP108281,40,25523.94,12.0,5071.77,717.0,13773.56,11,23,1,RENT,other,0
APP108282,21,48352.37,11.0,16137.23,611.0,5501.07,2,8,5,MORTGAGE,car,1
APP108283,46,32546.33,12.0,7687.52,611.0,3558.66,2,3,3,MORTGAGE,credit_card,1
APP108284,59,40252.89,18.0,8396.71,720.0,3288.94,13,3,2,RENT,debt_consolidation,0
APP108285,22,37883.66,5.0,20300.21,556.0,19972.55,14,13,1,RENT,credit_card,1
APP108286,23,24486.04,16.0,14337.56,651.0,4955.46,4,8,1,OWN,debt_consolidation,1
APP108287,39,31877.43,18.0,4685.25,601.0,3283.06,14,4,3,MORTGAGE,credit_card,1
APP108288,46,39044.84,7.0,5117.62,636.0,9727.9,12,24,2,RENT,debt_consolidation,1
APP108289,44,34497.36,18.0,3394.4,714.0,7851.33,3,23,1,OWN,debt_consolidation,0
APP108290,41,79727.35,26.0,47189.78,596.0,2229.49,12,15,3,MORTGAGE,business,1
APP108291,33,60172.92,16.0,5898.04,727.0,4935.44,14,1,2,OWN,car,0
APP108292,23,41981.75,0.0,19968.03,825.0,1156.38,4,4,1,RENT,business,0
APP108293,22,24795.73,28.0,7191.36,698.0,4784.99,6,21,0,MORTGAGE,debt_consolidation,1
APP108294,25,24052.36,23.0,5177.55,643.0,6319.3,4,11,0,MORTGAGE,credit_card,0
APP108295,54,97431.57,16.0,10025.99,742.0,7032.46,0,12,2,MORTGAGE,credit_card,0
APP108296,59,21917.86,0.0,8135.57,561.0,2209.28,14,24,1,RENT,debt_consolidation,1
APP108297,42,,3.0,16012.5,771.0,2722.1,8,7,3,OWN,credit_card,1
APP108298,24,43498.18,3.0,16133.13,589.0,5990.41,2,29,2,MORTGAGE,other,1
APP108299,41,31080.57,34.0,6945.96,823.0,13364.89,7,28,1,RENT,credit_card,0
APP108300,69,22002.21,12.0,4171.48,,5290.41,11,17,0,MORTGAGE,debt_consolidation,1
APP108301,33,24527.54,17.0,4825.65,702.0,3144.83,12,8,1,RENT,debt_consolidation,0
APP108302,45,27632.49,27.0,2516.25,525.0,10680.54,11,29,0,OWN,debt_consolidation,1
APP108303,47,25469.92,26.0,8394.43,632.0,5449.46,5,6,0,MORTGAGE,credit_card,0
APP108304,37,70534.71,2.0,9827.3,563.0,5670.24,13,25,1,RENT,home_improvement,1
APP108305,42,36150.17,37.0,4985.57,534.0,9303.74,11,12,3,MORTGAGE,car,1
APP108306,44,27947.96,10.0,4636.94,746.0,4550.34,6,25,2,MORTGAGE,credit_card,0
APP108307,44,38310.49,30.0,9802.08,551.0,2329.15,11,9,2,OWN,home_improvement,1
APP108308,56,50715.05,33.0,6773.87,591.0,4343.05,14,21,1,RENT,debt_consolidation,1
APP108309,49,30567.42,21.0,8710.14,581.0,11964.63,0,21,3,OWN,debt_consolidation,1
APP108310,23,57010.49,6.0,7939.97,741.0,22340.11,9,11,1,OWN,car,1
APP108311,21,19233.84,21.0,11490.07,731.0,1853.83,10,0,4,MORTGAGE,debt_consolidation,0
APP108312,41,65228.5,9.0,7050.35,751.0,18211.35,13,8,0,RENT,car,1
APP108313,65,36153.31,33.0,7381.66,587.0,3664.61,7,20,2,MORTGAGE,car,0
APP108314,22,35454.09,30.0,3200.05,757.0,4995.87,5,23,2,MORTGAGE,other,0
APP108315,24,,32.0,9602.71,586.0,19146.89,3,12,0,RENT,debt_consolidation,0
APP108316,54,19654.76,33.0,10438.07,589.0,3541.26,6,26,1,MORTGAGE,car,1
APP108317,43,15782.61,7.0,8896.21,594.0,3946.1,6,23,1,OWN,debt_consolidation,0
APP108318,32,24800.32,1.0,31166.54,597.0,2938.84,12,3,2,MORTGAGE,debt_consolidation,1
APP108319,31,48719.6,25.0,10912.53,642.0,5065.96,12,10,2,MORTGAGE,home_improvement,1
APP108320,53,22457.07,24.0,9010.21,,6306.96,7,15,0,RENT,debt_consolidation,1
APP108321,46,16743.68,34.0,13352.87,668.0,2836.54,10,0,2,MORTGAGE,home_improvement,1
APP108322,52,23051.07,25.0,35161.89,441.0,15682.31,11,8,2,MORTGAGE,car,1
APP108323,34,29958.95,32.0,11517.63,668.0,2703.06,9,22,0,RENT,business,0
APP108324,46,30553.95,13.0,2606.88,562.0,7322.58,11,25,1,OWN,debt_consolidation,1
APP108325,63,34048.92,4.0,12826.07,596.0,5020.26,1,3,0,RENT,debt_consolidation,1
APP108326,36,60858.28,1.0,5839.84,598.0,13292.8,6,17,0,MORTGAGE,home_improvement,1
APP108327,40,67821.0,17.0,3122.89,725.0,2583.38,10,14,0,MORTGAGE,home_improvement,0
APP108328,29,98985.76,0.0,27406.53,690.0,7770.01,7,25,0,MORTGAGE,car,0
APP108329,52,16115.65,20.0,24073.52,636.0,34093.57,11,24,3,OWN,debt_consolidation,1
APP108330,22,23672.23,16.0,5749.65,592.0,1551.08,4,28,2,MORTGAGE,home_improvement,1
APP108331,33,51495.13,10.0,5772.27,712.0,2391.15,14,27,1,OWN,home_improvement,0
APP108332,55,28940.13,23.0,10895.45,793.0,26034.51,1,22,0,MORTGAGE,debt_consolidation,0
APP108333,21,55848.24,27.0,5819.05,647.0,4414.58,11,7,1,RENT,debt_consolidation,0
APP108334,69,40277.84,1.0,9126.67,522.0,5382.32,10,7,1,OWN,other,1
APP108335,40,79985.62,19.0,6451.65,593.0,3767.58,1,25,2,MORTGAGE,car,1
APP108336,40,61166.69,37.0,7783.48,694.0,18459.73,3,20,0,MORTGAGE,debt_consolidation,0
APP108337,47,61728.95,11.0,4261.54,614.0,1351.7,14,23,2,MORTGAGE,debt_consolidation,1
APP108338,52,29556.65,31.0,16254.73,581.0,13221.86,10,8,3,OWN,car,1
APP108339,43,34588.26,13.0,20379.27,577.0,1507.18,11,27,1,MORTGAGE,credit_card,0
APP108340,64,31175.05,10.0,9319.62,657.0,1403.1,12,5,1,OWN,debt_consolidation,1
APP108341,68,17103.77,34.0,9684.23,527.0,2059.92,0,24,0,RENT,home_improvement,0
APP108342,30,75802.35,14.0,14436.2,647.0,4436.99,12,10,1,RENT,credit_card,0
APP108343,55,52717.02,34.0,9908.43,657.0,2775.39,10,2,2,MORTGAGE,debt_consolidation,1
APP108344,35,30561.2,26.0,27937.87,614.0,2646.79,3,24,5,RENT,business,1
APP108345,69,69723.75,32.0,4492.58,566.0,2340.06,4,28,1,OWN,car,0
APP108346,33,26497.78,32.0,16590.16,731.0,2372.66,5,29,2,MORTGAGE,debt_consolidation,0
APP108347,35,14485.92,36.0,9241.68,543.0,2330.24,9,0,5,OWN,other,1
APP108348,55,60095.18,22.0,5050.65,663.0,5930.65,4,13,1,MORTGAGE,credit_card,0
APP108349,59,19162.68,38.0,38110.81,708.0,2955.06,4,10,2,OWN,debt_consolidation,0
APP108350,27,32929.11,2.0,41403.48,662.0,582.8,8,10,2,OWN,debt_consolidation,1
APP108351,48,40257.9,19.0,8736.61,748.0,4770.31,10,11,1,MORTGAGE,home_improvement,0
APP108352,37,44034.68,15.0,12923.92,559.0,8951.12,6,0,2,MORTGAGE,home_improvement,1
APP108353,50,55503.45,3.0,7459.83,586.0,3932.18,2,14,2,MORTGAGE,credit_card,1
APP108354,48,48553.7,34.0,8215.87,613.0,1792.5,1,2,2,RENT,credit_card,0
APP108355,69,47807.9,32.0,5016.56,850.0,8919.78,12,7,0,RENT,credit_card,0
APP108356,66,24455.83,29.0,4590.95,690.0,1639.2,7,21,1,OWN,debt_consolidation,1
APP108357,53,42071.33,25.0,29926.21,705.0,3801.15,1,3,1,OWN,credit_card,0
APP108358,54,17106.69,24.0,9669.57,,4829.57,5,20,2,RENT,business,1
APP108359,65,79305.98,15.0,10202.12,656.0,11653.08,0,25,2,MORTGAGE,car,1
APP108360,29,18010.63,27.0,6085.65,733.0,7802.41,3,29,1,RENT,home_improvement,1
APP108361,56,30539.62,39.0,11092.03,500.0,5947.63,1,19,1,OWN,business,1
APP108362,58,18780.28,10.0,4014.72,672.0,10347.25,13,26,1,RENT,other,0
APP108363,27,25208.0,,6221.44,,1946.13,5,14,1,RENT,car,0
APP108364,64,36560.15,4.0,4818.1,731.0,17395.68,2,27,4,MORTGAGE,debt_consolidation,1
APP108365,55,27878.78,36.0,21498.33,557.0,423.25,9,23,0,MORTGAGE,debt_consolidation,0
APP108366,38,64351.99,21.0,3673.36,563.0,15401.43,14,27,2,MORTGAGE,car,1
APP108367,44,40678.32,23.0,4877.9,568.0,2507.38,7,27,1,RENT,home_improvement,1
APP108368,44,28811.94,10.0,2897.04,691.0,6661.79,2,20,3,OWN,home_improvement,1
APP108369,66,33969.18,1.0,5802.2,692.0,15658.52,7,6,1,RENT,credit_card,1
APP108370,68,66826.18,32.0,7512.23,574.0,7698.31,9,1,2,RENT,debt_consolidation,1
APP108371,60,57207.22,34.0,17794.92,803.0,6620.56,12,9,1,MORTGAGE,debt_consolidation,0
APP108372,52,20549.97,13.0,8662.87,672.0,9828.7,2,8,1,MORTGAGE,debt_consolidation,1
APP108373,26,,30.0,7736.06,659.0,1504.25,8,28,0,RENT,home_improvement,0
APP108374,65,46045.94,22.0,11848.36,633.0,1696.03,0,1,0,MORTGAGE,home_improvement,1
APP108375,27,43333.59,25.0,7587.51,724.0,6106.36,7,16,2,MORTGAGE,debt_consolidation,1
APP108376,29,21478.53,6.0,42021.84,681.0,4196.11,0,29,0,MORTGAGE,credit_card,0
APP108377,24,52815.67,24.0,6942.37,801.0,3826.68,6,8,1,MORTGAGE,debt_consolidation,0
APP108378,67,23261.69,6.0,12685.65,552.0,13234.21,7,17,2,RENT,credit_card,1
APP108379,45,69697.06,8.0,16250.41,526.0,12347.2,14,4,3,MORTGAGE,credit_card,1
APP108380,32,47321.72,14.0,6823.8,590.0,2352.92,2,12,1,MORTGAGE,credit_card,1
APP108381,24,20620.43,,10929.53,694.0,7001.89,3,29,3,MORTGAGE,car,1
APP108382,41,27874.33,36.0,7328.26,615.0,1406.05,8,20,1,MORTGAGE,debt_consolidation,0
APP108383,56,27633.1,1.0,11665.75,751.0,1379.26,2,16,1,RENT,debt_consolidation,0
APP108384,69,39337.69,36.0,10514.96,618.0,2406.0,0,29,3,MORTGAGE,credit_card,1
APP108385,48,32794.35,6.0,9098.18,736.0,4710.85,7,25,2,MORTGAGE,car,0
APP108386,50,20481.05,34.0,4947.62,583.0,2914.79,3,8,0,MORTGAGE,business,1
APP108387,61,18085.58,13.0,30279.22,744.0,7051.33,10,19,1,MORTGAGE,credit_card,0
APP108388,65,47787.13,36.0,14070.55,759.0,4854.85,1,19,0,MORTGAGE,business,0
APP108389,34,41903.24,,3815.46,604.0,11983.32,0,13,1,OWN,home_improvement,1
APP108390,69,38283.29,19.0,7690.79,689.0,7604.62,3,5,1,MORTGAGE,car,0
APP108391,46,41579.64,5.0,3859.77,671.0,2141.32,12,25,0,RENT,credit_card,0
APP108392,66,26649.89,17.0,15634.71,691.0,10102.11,8,4,3,RENT,credit_card,1
APP108393,26,,22.0,9768.62,752.0,2466.21,4,10,3,RENT,car,1
APP108394,25,129217.56,39.0,9921.37,727.0,6830.65,8,7,1,MORTGAGE,credit_card,0
APP108395,64,65335.03,10.0,5970.46,691.0,3314.86,9,23,1,MORTGAGE,home_improvement,0
APP108396,53,31438.73,3.0,8189.94,703.0,14175.41,6,2,0,RENT,car,1
APP108397,29,27953.96,10.0,15871.98,548.0,8821.51,2,13,1,OWN,home_improvement,1
APP108398,64,8688.71,9.0,18648.1,646.0,2823.98,5,25,2,MORTGAGE,debt_consolidation,0
APP108399,26,61966.37,37.0,16446.25,561.0,3609.01,13,26,1,MORTGAGE,debt_consolidation,0
APP108400,54,53814.74,6.0,3899.88,648.0,67201.49,10,6,0,MORTGAGE,debt_consolidation,1
APP108401,31,27669.5,39.0,8851.4,739.0,1792.27,5,15,1,RENT,car,0
APP108402,24,17750.1,4.0,11521.71,649.0,2762.99,13,14,2,OWN,home_improvement,0
APP108403,60,20381.16,32.0,6368.6,449.0,2873.22,2,9,3,OWN,credit_card,1
APP108404,62,45351.52,16.0,3657.7,566.0,1944.68,2,24,3,OWN,debt_consolidation,1
APP108405,26,34728.98,2.0,4573.44,696.0,2115.23,0,21,0,MORTGAGE,debt_consolidation,0
APP108406,25,51317.96,24.0,24339.72,606.0,4505.56,1,2,1,MORTGAGE,home_improvement,1
APP108407,51,37919.53,29.0,4842.19,712.0,7195.61,4,25,0,OWN,debt_consolidation,0
APP108408,22,58887.22,33.0,10183.63,553.0,1374.0,0,10,0,MORTGAGE,credit_card,1
APP108409,57,43686.2,7.0,9010.98,680.0,3290.68,5,25,1,RENT,credit_card,0
APP108410,65,54962.02,24.0,9024.79,684.0,2583.27,1,22,1,OWN,home_improvement,0
APP108411,57,12773.89,22.0,8168.85,713.0,1926.79,0,14,0,OWN,car,0
APP108412,32,19591.03,17.0,15890.59,597.0,10901.22,8,20,1,OWN,business,1
APP108413,30,30267.33,35.0,10110.88,712.0,2665.08,8,13,1,RENT,business,0
APP108414,54,62304.22,16.0,6799.52,770.0,1642.68,11,23,1,RENT,credit_card,0
APP108415,24,92991.64,15.0,10206.77,468.0,9937.98,6,4,1,OWN,car,1
APP108416,47,33452.51,21.0,4598.45,654.0,13372.99,12,18,1,RENT,home_improvement,0
APP108417,42,26747.87,37.0,13168.29,505.0,5943.92,7,1,3,MORTGAGE,credit_card,1
APP108418,57,13663.94,34.0,6577.56,581.0,2315.36,4,21,1,RENT,home_improvement,1
APP108419,30,55925.84,28.0,6808.84,587.0,3935.8,2,27,0,RENT,car,0
APP108420,58,27581.62,3.0,13464.72,644.0,2910.18,7,22,2,MORTGAGE,business,1
APP108421,55,159399.25,12.0,7751.26,680.0,4724.36,5,21,0,OWN,debt_consolidation,0
APP108422,32,25091.84,0.0,8017.57,722.0,8714.36,7,24,0,OWN,debt_consolidation,0
APP108423,38,104051.12,3.0,19941.9,671.0,4816.57,14,17,0,OWN,debt_consolidation,0
APP108424,24,52795.63,33.0,5519.75,703.0,4900.92,0,18,1,MORTGAGE,car,0
APP108425,43,21717.37,32.0,13346.79,563.0,3260.16,5,17,1,RENT,home_improvement,0
APP108426,33,40785.09,4.0,17495.77,734.0,8365.67,2,14,3,RENT,home_improvement,1
APP108427,26,53406.63,18.0,19933.13,386.0,6598.71,11,0,2,MORTGAGE,car,1
APP108428,48,32447.35,11.0,36530.84,772.0,1129.41,8,2,4,OWN,debt_consolidation,0
APP108429,48,55215.08,2.0,6732.59,757.0,1181.82,1,13,1,OWN,home_improvement,0
APP108430,25,54610.34,15.0,5879.57,710.0,3769.45,11,8,2,RENT,debt_consolidation,0
APP108431,30,48931.14,4.0,16160.56,828.0,10684.38,1,27,1,RENT,home_improvement,0
APP108432,25,36017.61,29.0,17398.59,505.0,12497.93,11,29,2,RENT,debt_consolidation,1
APP108433,54,20181.67,38.0,6158.32,712.0,9048.54,14,13,1,MORTGAGE,debt_consolidation,0
APP108434,37,34947.68,16.0,13238.48,660.0,4356.68,7,20,1,OWN,home_improvement,1
APP108435,24,39657.38,9.0,50742.75,669.0,15865.81,9,17,0,RENT,other,0
APP108436,30,14213.88,19.0,10538.59,556.0,2757.29,0,7,0,RENT,credit_card,1
APP108437,68,39522.19,38.0,17224.69,681.0,3741.28,9,11,2,MORTGAGE,home_improvement,0
APP108438,33,34599.67,6.0,25490.02,677.0,1576.96,2,11,0,OWN,business,0
APP108439,54,18990.36,27.0,44455.67,594.0,3728.39,6,3,2,MORTGAGE,debt_consolidation,1
APP108440,43,30745.43,3.0,11469.19,644.0,2466.67,7,0,5,RENT,business,1
APP108441,29,31072.45,12.0,20990.39,544.0,16819.54,11,9,5,RENT,home_improvement,1
APP108442,36,95324.99,17.0,6166.6,618.0,14368.6,11,27,3,RENT,debt_consolidation,1
APP108443,21,40540.6,15.0,10045.99,726.0,5169.98,13,2,2,RENT,credit_card,1
APP108444,57,60963.01,7.0,7571.36,728.0,7140.63,11,15,2,MORTGAGE,car,0
APP108445,37,34238.03,31.0,3193.25,711.0,3030.96,1,17,2,RENT,credit_card,0
APP108446,45,14229.06,26.0,3782.65,726.0,645.92,10,19,2,RENT,car,0
APP108447,28,50826.39,17.0,12810.49,727.0,2670.52,2,29,2,MORTGAGE,debt_consolidation,0
APP108448,61,26131.76,16.0,12962.47,598.0,8940.71,14,11,1,RENT,debt_consolidation,0
APP108449,31,30705.59,2.0,5297.67,677.0,6978.06,12,10,2,OWN,car,1
APP108450,48,21450.74,26.0,25195.77,736.0,3591.56,4,15,3,RENT,credit_card,0
APP108451,63,37661.13,9.0,5084.8,539.0,8880.4,1,25,1,MORTGAGE,home_improvement,1
APP108452,55,61857.53,12.0,11549.08,539.0,3372.26,13,17,0,MORTGAGE,other,1
APP108453,50,57894.0,34.0,7714.5,534.0,1971.82,5,1,0,OWN,other,1
APP108454,64,80265.47,25.0,10553.04,507.0,8881.04,12,13,1,OWN,credit_card,1
APP108455,29,86161.59,27.0,16968.6,565.0,3012.55,1,15,3,OWN,home_improvement,1
APP108456,68,13056.78,10.0,15590.32,607.0,11173.38,3,26,4,RENT,credit_card,1
APP108457,48,19994.04,20.0,15134.09,770.0,994.13,6,19,0,MORTGAGE,home_improvement,0
APP108458,41,14704.43,0.0,14017.94,615.0,3116.19,1,20,0,RENT,car,0
APP108459,33,49809.71,9.0,4611.71,528.0,7924.71,6,9,0,RENT,debt_consolidation,1
APP108460,57,25679.78,32.0,19549.75,663.0,7296.08,13,21,0,OWN,debt_consolidation,0
APP108461,68,28435.96,18.0,5238.69,634.0,4117.85,2,2,1,MORTGAGE,credit_card,1
APP108462,54,32588.06,25.0,9287.08,587.0,6184.85,6,5,1,OWN,credit_card,0
APP108463,22,43970.99,31.0,8016.07,602.0,5497.93,1,6,1,MORTGAGE,debt_consolidation,1
APP108464,43,17280.6,37.0,12210.77,735.0,1493.34,9,14,0,RENT,credit_card,0
APP108465,56,19352.33,3.0,7399.52,537.0,3674.25,6,2,1,OWN,debt_consolidation,1
APP108466,40,36339.05,23.0,8999.22,516.0,5895.31,7,15,0,RENT,other,1
APP108467,58,66129.68,39.0,26142.58,687.0,7368.54,7,26,2,OWN,home_improvement,0
APP108468,55,35857.26,7.0,4549.84,600.0,4665.28,9,11,1,MORTGAGE,home_improvement,1
APP108469,24,24444.74,34.0,9882.49,774.0,3160.33,11,0,2,RENT,debt_consolidation,0
APP108470,48,12405.51,23.0,5072.17,637.0,1689.86,14,8,0,RENT,debt_consolidation,1
APP108471,29,,12.0,14833.0,641.0,8975.24,10,2,1,MORTGAGE,credit_card,1
APP108472,44,25135.44,31.0,6399.42,712.0,8219.61,12,19,2,OWN,debt_consolidation,0
APP108473,39,20461.12,34.0,10128.64,516.0,10826.88,1,23,0,MORTGAGE,debt_consolidation,0
APP108474,60,15403.31,5.0,4470.26,,2074.14,1,8,4,MORTGAGE,credit_card,1
APP108475,63,17684.6,27.0,21481.0,620.0,5418.69,6,8,2,MORTGAGE,business,1
APP108476,43,22457.79,37.0,10338.95,732.0,2824.78,2,9,1,MORTGAGE,business,0
APP108477,47,32227.51,26.0,10749.98,598.0,5100.83,12,10,0,OWN,home_improvement,1
APP108478,51,19843.45,21.0,16275.84,664.0,50278.35,12,20,1,OWN,credit_card,1
APP108479,53,39849.06,5.0,4671.12,621.0,10126.56,8,9,2,RENT,credit_card,1
APP108480,52,32105.29,18.0,6843.03,683.0,2685.14,7,11,1,MORTGAGE,other,0
APP108481,59,110304.07,36.0,10960.27,629.0,4015.42,12,26,1,MORTGAGE,debt_consolidation,0
APP108482,69,15487.34,31.0,3438.56,670.0,3678.77,8,22,1,OWN,credit_card,0
APP108483,61,39369.23,18.0,3667.35,790.0,5426.92,14,27,1,OWN,home_improvement,0
APP108484,27,39616.56,12.0,6046.55,627.0,1452.21,12,10,1,MORTGAGE,car,1
APP108485,44,21692.49,32.0,4991.05,682.0,6367.5,5,27,0,MORTGAGE,debt_consolidation,0
APP108486,43,38086.92,38.0,8052.05,832.0,903.17,9,8,0,OWN,debt_consolidation,0
APP108487,45,53358.96,11.0,13540.75,681.0,1289.28,1,9,1,RENT,debt_consolidation,0
APP108488,46,38110.52,32.0,15520.67,455.0,24375.64,0,28,0,RENT,debt_consolidation,1
APP108489,56,72564.52,12.0,29308.9,596.0,3682.66,1,6,1,MORTGAGE,car,0
APP108490,41,12224.0,33.0,9763.69,553.0,15382.67,14,24,0,RENT,home_improvement,1
APP108491,33,23834.35,38.0,10857.54,723.0,2570.54,1,24,0,OWN,home_improvement,0
APP108492,43,75927.03,26.0,9750.48,642.0,914.88,3,27,0,OWN,debt_consolidation,0
APP108493,62,57297.55,19.0,11993.99,735.0,2120.6,10,25,0,OWN,other,0
APP108494,36,47584.19,12.0,12569.4,698.0,42209.46,2,24,0,OWN,business,1
APP108495,22,67279.29,2.0,17210.43,698.0,1589.94,1,10,0,MORTGAGE,credit_card,0
APP108496,68,13928.9,2.0,17170.1,552.0,20357.18,10,16,1,OWN,debt_consolidation,1
APP108497,30,54057.6,33.0,13515.84,690.0,6478.03,14,17,3,MORTGAGE,debt_consolidation,0
APP108498,50,61832.54,26.0,24492.05,759.0,5409.26,1,8,3,OWN,credit_card,0
APP108499,60,26125.05,9.0,10057.3,534.0,2700.31,9,11,1,MORTGAGE,car,1
APP108500,34,135214.62,22.0,6857.23,624.0,2389.95,8,25,2,RENT,debt_consolidation,0
APP108501,37,40061.64,35.0,7564.13,678.0,7717.73,14,0,0,MORTGAGE,business,0
APP108502,34,12132.17,25.0,9288.19,657.0,14121.03,14,2,3,OWN,debt_consolidation,1
APP108503,28,43942.45,36.0,5165.82,764.0,5750.45,8,12,0,OWN,business,0
APP108504,28,25338.24,4.0,6849.83,708.0,8880.87,13,23,1,RENT,home_improvement,1
APP108505,30,65023.08,2.0,4994.52,682.0,3496.54,3,26,1,RENT,credit_card,0
APP108506,43,47761.35,,12165.7,715.0,27958.25,8,20,1,MORTGAGE,debt_consolidation,1
APP108507,47,26931.15,23.0,12237.9,711.0,5948.35,2,25,1,OWN,home_improvement,1
APP108508,21,76974.23,27.0,3424.3,653.0,24998.24,0,4,1,MORTGAGE,credit_card,1
APP108509,62,58088.65,39.0,6684.53,621.0,2270.69,11,3,1,OWN,home_improvement,0
APP108510,54,24005.54,4.0,29587.68,729.0,4740.94,8,15,0,OWN,business,0
APP108511,24,33657.04,37.0,14441.6,590.0,11581.87,0,9,2,MORTGAGE,debt_consolidation,1
APP108512,62,47026.12,2.0,12998.66,644.0,5506.1,12,26,0,RENT,car,0
APP108513,22,30268.67,21.0,6643.86,557.0,7436.75,13,2,2,RENT,home_improvement,1
APP108514,48,30724.03,33.0,11758.95,708.0,2247.96,5,10,2,MORTGAGE,other,0
APP108515,43,36988.51,,9811.34,748.0,3553.2,0,8,1,MORTGAGE,debt_consolidation,0
APP108516,45,21313.6,8.0,6136.15,575.0,2439.97,4,17,0,RENT,business,1
APP108517,67,11891.95,24.0,7359.35,637.0,4589.74,9,8,0,RENT,debt_consolidation,1
APP108518,66,40927.91,36.0,7459.53,611.0,4227.14,0,28,1,RENT,home_improvement,0
APP108519,34,13434.08,8.0,4051.31,736.0,3218.81,5,1,2,MORTGAGE,home_improvement,0
APP108520,49,22103.27,37.0,4473.2,763.0,8150.85,3,2,2,MORTGAGE,credit_card,1
APP108521,67,14976.07,26.0,8780.76,611.0,2096.16,9,26,2,RENT,credit_card,1
APP108522,56,15927.11,3.0,5950.33,402.0,880.64,3,15,2,MORTGAGE,other,1
APP108523,64,44944.23,13.0,8262.22,742.0,3111.13,11,25,3,OWN,car,0
APP108524,42,32495.14,34.0,3776.71,653.0,27499.48,4,13,2,RENT,car,0
APP108525,34,31913.99,13.0,16007.23,653.0,7390.26,1,27,0,MORTGAGE,car,0
APP108526,46,18808.22,37.0,34485.27,727.0,2497.4,4,14,1,RENT,debt_consolidation,0
APP108527,61,26162.32,16.0,18332.62,620.0,7016.56,14,22,0,RENT,debt_consolidation,0
APP108528,66,43836.74,13.0,19502.95,599.0,4414.64,11,29,0,MORTGAGE,debt_consolidation,0
APP108529,54,35381.92,34.0,14409.94,621.0,6701.6,8,22,1,MORTGAGE,home_improvement,1
APP108530,55,54794.06,31.0,11606.86,,9942.63,3,7,1,MORTGAGE,credit_card,1
APP108531,46,58838.17,9.0,10424.5,720.0,5737.68,5,23,4,MORTGAGE,credit_card,0
APP108532,36,32012.77,31.0,5717.48,780.0,5412.35,6,11,1,MORTGAGE,debt_consolidation,0
APP108533,41,14384.05,10.0,14973.44,682.0,16142.35,14,20,2,MORTGAGE,debt_consolidation,1
APP108534,45,24876.47,35.0,14449.64,638.0,7568.38,4,19,2,OWN,credit_card,1
APP108535,60,34584.31,0.0,7496.52,720.0,5743.77,12,5,2,RENT,home_improvement,1
APP108536,48,24630.89,,13569.81,572.0,5083.58,4,8,0,RENT,home_improvement,1
APP108537,59,21433.02,6.0,6526.54,,3125.29,2,5,1,OWN,car,0
APP108538,22,37604.39,27.0,6780.78,666.0,1814.51,11,2,2,OWN,car,1
APP108539,58,122412.47,39.0,15757.37,631.0,8402.79,1,15,2,RENT,car,0
APP108540,45,28450.07,26.0,12814.29,572.0,13646.93,11,6,0,RENT,debt_consolidation,1
APP108541,69,36264.59,17.0,8611.32,700.0,6920.67,13,20,4,OWN,home_improvement,1
APP108542,44,18844.61,32.0,8033.7,627.0,7729.1,2,7,0,RENT,business,1
APP108543,44,67622.8,7.0,10991.35,642.0,2417.1,8,0,0,RENT,other,0
APP108544,27,56239.32,21.0,3290.38,516.0,3050.45,2,4,3,RENT,debt_consolidation,1
APP108545,60,54331.91,38.0,6281.34,615.0,1762.6,6,16,2,MORTGAGE,credit_card,0
APP108546,55,71675.04,14.0,4632.88,604.0,4025.42,6,3,1,RENT,debt_consolidation,1
APP108547,63,29328.92,1.0,9967.77,683.0,10792.03,1,26,1,OWN,debt_consolidation,0
APP108548,25,31219.28,17.0,19018.57,628.0,2813.15,2,22,1,RENT,home_improvement,1
APP108549,31,85386.16,19.0,13177.88,438.0,4629.81,8,3,3,RENT,credit_card,1
APP108550,63,49829.58,32.0,7281.57,616.0,8621.05,12,25,0,MORTGAGE,car,0
APP108551,23,11972.76,32.0,6477.19,533.0,12919.58,4,9,0,RENT,home_improvement,1
APP108552,45,45588.49,13.0,6296.07,566.0,1316.03,12,26,1,RENT,credit_card,1
APP108553,40,27150.51,30.0,32852.08,730.0,3356.49,2,29,3,RENT,debt_consolidation,0
APP108554,67,56902.01,5.0,10309.67,514.0,2722.69,0,7,2,MORTGAGE,debt_consolidation,1
APP108555,62,44537.88,7.0,11157.31,673.0,2437.28,5,9,1,MORTGAGE,credit_card,1
APP108556,64,15210.31,24.0,2788.68,609.0,3617.84,0,4,3,MORTGAGE,credit_card,1
APP108557,35,41540.12,28.0,4872.86,593.0,1034.85,0,0,1,RENT,debt_consolidation,1
APP108558,49,40348.68,32.0,9638.24,571.0,3662.57,4,15,0,RENT,credit_card,0
APP108559,55,43552.89,24.0,7340.06,675.0,5054.37,8,20,1,MORTGAGE,car,0
APP108560,68,48424.66,5.0,10719.66,684.0,2133.44,14,16,1,RENT,debt_consolidation,1
APP108561,21,76725.01,27.0,10635.23,511.0,3343.03,9,29,3,OWN,debt_consolidation,1
APP108562,68,44664.96,17.0,14189.7,742.0,4992.27,10,3,2,MORTGAGE,business,0
APP108563,38,36733.68,10.0,3224.4,555.0,5409.19,10,6,0,MORTGAGE,credit_card,1
APP108564,27,64471.84,13.0,5099.32,681.0,1329.37,7,26,1,RENT,credit_card,0
APP108565,51,111454.35,32.0,9322.93,555.0,8605.91,0,6,1,MORTGAGE,debt_consolidation,1
APP108566,59,57384.84,7.0,6711.37,613.0,8773.09,5,10,2,MORTGAGE,home_improvement,1
APP108567,27,40259.57,22.0,8215.96,547.0,2713.65,2,12,3,MORTGAGE,car,1
APP108568,22,45083.21,3.0,10566.21,607.0,18814.04,8,6,4,MORTGAGE,debt_consolidation,1
APP108569,64,41275.4,29.0,6329.9,633.0,7077.41,11,16,1,MORTGAGE,credit_card,0
APP108570,66,36653.32,5.0,11107.35,558.0,6304.5,6,23,1,RENT,other,1
APP108571,28,107214.35,37.0,13716.99,675.0,8488.36,8,24,0,MORTGAGE,home_improvement,0
APP108572,65,24971.07,35.0,10291.23,685.0,2150.82,9,13,0,OWN,car,0
APP108573,65,64695.89,,15251.55,850.0,3704.3,0,29,2,OWN,credit_card,0
APP108574,69,34100.64,13.0,2687.15,724.0,8055.26,11,9,1,RENT,credit_card,0
APP108575,31,17323.0,31.0,6963.09,744.0,2596.12,10,24,4,OWN,debt_consolidation,0
APP108576,49,33052.12,5.0,16905.57,508.0,3707.26,14,26,1,MORTGAGE,debt_consolidation,0
APP108577,69,27628.75,11.0,5892.22,493.0,7949.13,6,8,0,OWN,credit_card,0
APP108578,65,48474.28,5.0,5431.47,626.0,6297.33,14,1,0,OWN,debt_consolidation,1
APP108579,50,38011.73,2.0,9175.01,792.0,4997.76,3,23,1,RENT,credit_card,0
APP108580,30,21785.21,14.0,9794.82,847.0,5167.06,6,2,0,OWN,home_improvement,0
APP108581,25,75773.5,22.0,7180.91,594.0,4273.08,11,18,5,OWN,car,1
APP108582,33,62634.22,34.0,29915.87,603.0,9722.72,7,14,1,OWN,other,1
APP108583,24,80260.09,1.0,11753.36,693.0,26161.67,5,14,1,RENT,debt_consolidation,1
APP108584,30,40883.52,16.0,5757.57,634.0,6211.37,8,22,1,RENT,credit_card,0
APP108585,24,35672.43,28.0,4172.6,636.0,13706.42,6,19,0,MORTGAGE,credit_card,1
APP108586,58,51625.98,8.0,12623.88,700.0,3465.58,1,18,2,RENT,debt_consolidation,0
APP108587,49,27207.9,29.0,5676.29,850.0,2849.06,12,13,0,RENT,debt_consolidation,0
APP108588,46,38755.57,22.0,36010.71,754.0,2616.12,11,20,1,MORTGAGE,debt_consolidation,0
APP108589,60,33261.67,22.0,12794.44,799.0,2357.42,2,18,2,MORTGAGE,debt_consolidation,0
APP108590,41,17491.72,4.0,13849.21,502.0,3886.14,3,17,1,OWN,credit_card,1
APP108591,40,38705.14,6.0,11489.77,735.0,9985.48,8,22,0,OWN,debt_consolidation,0
APP108592,31,29129.79,35.0,19398.32,574.0,10963.73,6,3,2,MORTGAGE,credit_card,1
APP108593,42,32167.89,35.0,2351.46,784.0,3269.13,1,0,2,MORTGAGE,business,0
APP108594,29,43559.91,18.0,4808.01,758.0,3792.8,5,1,0,OWN,car,0
APP108595,49,68615.01,23.0,18406.94,698.0,4906.74,14,18,2,OWN,home_improvement,0
APP108596,69,23756.58,21.0,24351.48,590.0,5927.01,4,22,0,RENT,credit_card,0
APP108597,47,30690.88,20.0,4716.54,611.0,7858.63,4,4,1,RENT,credit_card,1
APP108598,35,,28.0,3323.66,617.0,3571.29,12,1,0,RENT,debt_consolidation,1
APP108599,54,23978.42,22.0,10943.63,710.0,4186.67,13,10,0,RENT,home_improvement,1
APP108600,61,26976.34,5.0,13243.31,682.0,14526.78,2,23,2,OWN,credit_card,1
APP108601,44,32918.0,3.0,10812.19,763.0,3932.89,5,13,0,RENT,car,0
APP108602,33,48675.73,34.0,9549.29,778.0,3103.57,12,20,0,MORTGAGE,credit_card,0
APP108603,55,42626.14,29.0,3258.06,582.0,4589.71,12,29,0,OWN,debt_consolidation,0
APP108604,30,21409.1,7.0,7902.97,688.0,5231.84,6,15,1,OWN,car,1
APP108605,69,69361.01,2.0,8642.61,687.0,1432.67,11,9,3,OWN,credit_card,0
APP108606,36,58232.92,8.0,7122.8,642.0,3446.3,4,0,0,RENT,car,1
APP108607,38,23142.06,23.0,3129.9,725.0,6877.23,3,24,2,MORTGAGE,car,0
APP108608,56,66973.71,23.0,14056.52,689.0,24430.78,14,22,1,MORTGAGE,home_improvement,1
APP108609,21,42764.74,6.0,16638.22,,3219.21,9,10,1,RENT,credit_card,1
APP108610,30,33582.9,7.0,6143.89,638.0,9062.53,11,18,0,MORTGAGE,other,0
APP108611,27,43435.83,8.0,8852.16,622.0,5672.39,3,6,0,MORTGAGE,car,1
APP108612,40,35850.56,17.0,7345.57,591.0,12431.76,0,20,0,MORTGAGE,home_improvement,0
APP108613,48,47692.97,9.0,7388.53,643.0,2995.66,0,13,3,MORTGAGE,home_improvement,1
APP108614,29,39881.1,18.0,13305.06,546.0,11879.27,10,6,1,OWN,debt_consolidation,1
APP108615,37,30677.57,0.0,13499.28,687.0,15088.04,4,2,2,OWN,debt_consolidation,1
APP108616,58,13188.32,37.0,18861.21,762.0,15610.33,7,0,0,MORTGAGE,car,0
APP108617,67,47268.12,35.0,18626.81,654.0,15396.97,10,24,2,OWN,debt_consolidation,1
APP108618,21,30126.86,13.0,8927.72,725.0,5725.55,11,2,0,OWN,home_improvement,0
APP108619,51,53582.26,32.0,54462.23,662.0,7847.55,2,14,1,MORTGAGE,home_improvement,0
APP108620,22,46204.73,21.0,25083.64,568.0,3513.39,8,3,1,OWN,home_improvement,1
APP108621,46,30520.93,1.0,6668.27,810.0,830.19,9,20,1,OWN,credit_card,0
APP108622,64,60566.31,11.0,10678.2,456.0,6031.19,8,11,0,MORTGAGE,car,1
APP108623,60,40232.11,2.0,3006.44,650.0,4320.83,11,23,3,OWN,credit_card,0
APP108624,32,39411.83,28.0,10060.32,588.0,10619.54,5,2,2,MORTGAGE,debt_consolidation,0
APP108625,33,33892.35,31.0,27016.87,776.0,9794.55,4,12,1,MORTGAGE,business,0
APP108626,59,84269.72,24.0,52511.25,667.0,2101.21,4,12,1,MORTGAGE,debt_consolidation,0
APP108627,61,,0.0,9202.52,850.0,31930.76,1,13,1,OWN,home_improvement,0
APP108628,34,30904.67,9.0,12099.62,652.0,6704.32,0,8,3,OWN,debt_consolidation,1
APP108629,21,19561.77,18.0,14231.13,589.0,1759.29,8,7,2,RENT,home_improvement,1
APP108630,42,52227.56,,32461.89,513.0,1967.86,14,28,0,MORTGAGE,credit_card,1
APP108631,51,27144.39,4.0,5487.43,738.0,860.74,1,21,3,MORTGAGE,home_improvement,0
APP108632,42,28709.47,12.0,48693.84,583.0,9053.59,3,13,1,RENT,credit_card,1
APP108633,66,28044.05,23.0,8182.53,616.0,3224.42,0,24,0,RENT,business,1
APP108634,60,37472.44,3.0,4904.5,748.0,2509.13,3,2,2,RENT,debt_consolidation,1
APP108635,59,19430.91,39.0,8191.43,734.0,2936.07,1,17,1,OWN,debt_consolidation,0
APP108636,21,11829.8,18.0,6088.99,601.0,3864.2,14,20,1,RENT,credit_card,1
APP108637,62,45654.25,6.0,12727.92,613.0,7789.45,3,1,1,OWN,debt_consolidation,1
APP108638,58,12622.31,0.0,3672.26,509.0,1318.74,13,21,2,MORTGAGE,business,0
APP108639,40,55662.89,38.0,10775.0,485.0,2088.41,10,21,0,MORTGAGE,debt_consolidation,0
APP108640,49,79162.97,23.0,14740.9,711.0,7129.72,4,15,1,RENT,debt_consolidation,0
APP108641,61,33452.71,34.0,24093.57,719.0,3055.62,4,20,1,MORTGAGE,debt_consolidation,0
APP108642,65,69546.19,31.0,14888.79,678.0,7830.86,1,28,2,RENT,debt_consolidation,1
APP108643,47,35877.72,39.0,23219.89,664.0,3301.16,13,10,0,OWN,credit_card,0
APP108644,23,80790.98,35.0,6881.55,593.0,17324.04,12,6,1,OWN,debt_consolidation,1
APP108645,51,28908.5,30.0,12537.94,767.0,5807.68,11,12,0,RENT,business,0
APP108646,54,11131.78,34.0,2597.91,507.0,13108.46,0,28,0,RENT,business,1
APP108647,23,34893.09,34.0,9242.87,612.0,7436.9,14,14,2,OWN,debt_consolidation,0
APP108648,61,85304.42,10.0,12482.1,662.0,7805.82,3,27,1,OWN,debt_consolidation,0
APP108649,30,47452.48,23.0,13178.47,649.0,2692.06,9,23,4,RENT,credit_card,0
APP108650,64,28066.68,39.0,3848.94,649.0,12505.27,8,3,1,MORTGAGE,credit_card,0
APP108651,47,42806.73,34.0,7831.43,608.0,5840.71,0,20,0,MORTGAGE,credit_card,0
APP108652,36,59015.91,4.0,8514.65,693.0,2291.5,5,26,0,OWN,credit_card,0
APP108653,23,34793.71,4.0,7650.72,552.0,908.69,2,15,1,OWN,debt_consolidation,1
APP108654,21,135022.27,,15290.75,638.0,5496.97,2,9,2,RENT,business,0
APP108655,57,28037.3,29.0,8689.79,684.0,16420.71,4,24,2,MORTGAGE,credit_card,0
APP108656,39,59949.35,15.0,10504.89,623.0,2378.64,0,1,2,RENT,debt_consolidation,0
APP108657,62,53155.06,25.0,7377.78,650.0,2315.44,10,25,1,OWN,car,0
APP108658,32,25593.31,5.0,18748.98,667.0,3816.13,11,2,0,OWN,credit_card,1
APP108659,66,29371.49,2.0,19605.01,509.0,11860.75,9,1,3,MORTGAGE,car,1
APP108660,67,60418.42,30.0,8225.5,516.0,1130.67,6,15,0,MORTGAGE,car,1
APP108661,25,39042.03,11.0,54740.19,660.0,2921.51,3,2,1,RENT,debt_consolidation,0
APP108662,52,43003.46,1.0,6248.6,601.0,2198.19,9,21,1,OWN,credit_card,1
APP108663,67,16026.78,8.0,18111.79,606.0,7705.43,10,14,1,MORTGAGE,home_improvement,1
APP108664,36,50412.75,12.0,5593.72,695.0,4384.49,3,22,1,RENT,car,0
APP108665,24,41925.45,16.0,15737.7,570.0,3724.68,4,23,1,MORTGAGE,credit_card,0
APP108666,63,35173.39,35.0,15017.96,456.0,4255.36,12,23,5,RENT,home_improvement,1
APP108667,44,43496.94,7.0,5393.54,782.0,9208.29,10,3,1,RENT,debt_consolidation,1
APP108668,22,29595.9,24.0,9151.18,746.0,12055.57,7,25,3,MORTGAGE,debt_consolidation,0
APP108669,62,27012.33,10.0,30352.79,745.0,11155.68,4,25,0,RENT,debt_consolidation,1
APP108670,54,32178.61,19.0,6071.85,560.0,7787.89,3,15,3,RENT,credit_card,1
APP108671,24,28793.31,11.0,12595.81,643.0,14870.34,3,4,0,MORTGAGE,home_improvement,1
APP108672,33,108040.86,13.0,12103.99,548.0,2332.53,13,21,0,OWN,debt_consolidation,1
APP108673,21,57293.09,23.0,9649.2,,6701.89,7,20,1,RENT,business,1
APP108674,67,22376.48,23.0,3502.81,622.0,32172.61,8,4,0,OWN,debt_consolidation,1
APP108675,22,100523.62,5.0,16271.58,563.0,1130.72,14,24,1,OWN,business,0
APP108676,59,29248.15,6.0,9966.35,690.0,3205.47,10,20,0,MORTGAGE,business,0
APP108677,46,36854.3,9.0,19193.12,629.0,2145.92,9,1,2,RENT,credit_card,1
APP108678,49,56880.54,35.0,11373.65,787.0,6191.76,3,18,1,RENT,car,0
APP108679,60,13561.71,12.0,10287.47,656.0,15525.91,5,25,0,MORTGAGE,credit_card,0
APP108680,64,32256.89,23.0,12376.13,446.0,7555.31,0,28,1,RENT,debt_consolidation,1
APP108681,27,27264.29,17.0,5472.45,505.0,4130.47,7,25,1,MORTGAGE,debt_consolidation,1
APP108682,21,40236.91,14.0,25206.67,817.0,7604.86,4,25,1,RENT,credit_card,0
APP108683,27,43696.57,1.0,7901.05,621.0,3898.02,6,4,0,MORTGAGE,credit_card,1
APP108684,54,34939.4,17.0,7962.22,669.0,5741.49,6,0,2,RENT,car,1
APP108685,48,34138.34,39.0,21490.75,650.0,8061.78,0,6,1,MORTGAGE,debt_consolidation,0
APP108686,25,61856.08,37.0,11480.5,763.0,19975.42,7,26,2,RENT,debt_consolidation,0
APP108687,32,42223.95,12.0,8588.08,497.0,7041.29,10,25,3,MORTGAGE,car,1
APP108688,47,37075.53,21.0,12686.48,756.0,5849.76,12,2,1,MORTGAGE,home_improvement,0
APP108689,56,39102.25,11.0,14408.74,750.0,25042.29,3,28,0,MORTGAGE,home_improvement,0
APP108690,37,90939.02,36.0,9218.76,650.0,1027.85,5,6,1,OWN,credit_card,0
APP108691,67,39590.2,22.0,17212.62,683.0,4565.98,8,14,1,MORTGAGE,credit_card,0
APP108692,69,28078.96,36.0,4617.77,620.0,2716.16,12,18,0,MORTGAGE,debt_consolidation,0
APP108693,58,13981.64,34.0,11580.59,515.0,4061.36,1,3,0,MORTGAGE,car,1
APP108694,43,17730.32,13.0,15997.09,696.0,7967.93,7,11,2,OWN,debt_consolidation,1
APP108695,63,28752.7,18.0,14372.57,669.0,10770.11,11,8,0,RENT,car,0
APP108696,56,34399.99,22.0,2579.55,671.0,3241.14,0,10,0,MORTGAGE,credit_card,0
APP108697,46,27506.82,9.0,9173.23,688.0,8394.28,0,10,1,MORTGAGE,debt_consolidation,0
APP108698,42,43285.46,33.0,4777.05,601.0,2396.79,1,13,3,MORTGAGE,business,1
APP108699,61,27330.16,22.0,21406.78,769.0,1764.48,4,18,1,MORTGAGE,business,0
APP108700,48,22988.64,8.0,7829.04,650.0,5201.41,1,3,2,RENT,debt_consolidation,1
APP108701,29,49331.69,19.0,20026.71,693.0,4126.43,5,21,1,RENT,debt_consolidation,0
APP108702,69,72019.86,32.0,4768.44,628.0,16194.5,4,3,1,MORTGAGE,debt_consolidation,1
APP108703,24,20877.27,16.0,12511.28,734.0,26977.56,11,18,0,RENT,credit_card,0
APP108704,55,41021.76,28.0,9944.4,658.0,3020.45,5,5,0,MORTGAGE,home_improvement,0
APP108705,53,14009.59,39.0,51971.02,643.0,1153.76,14,26,0,OWN,home_improvement,0
APP108706,49,17374.01,13.0,20065.49,746.0,1646.26,2,9,1,MORTGAGE,other,1
APP108707,23,27054.73,39.0,19309.08,512.0,2518.56,2,0,0,MORTGAGE,home_improvement,1
APP108708,45,64052.3,,33412.48,627.0,5801.34,12,3,1,RENT,home_improvement,1
APP108709,64,24603.57,22.0,11734.17,600.0,3988.01,2,11,1,OWN,other,1
APP108710,32,24147.83,30.0,9323.53,679.0,1795.77,5,28,3,MORTGAGE,credit_card,1
APP108711,54,36976.71,2.0,8707.03,675.0,20514.98,9,8,1,OWN,business,1
APP108712,63,36995.14,28.0,12048.43,649.0,8352.26,13,14,5,RENT,credit_card,1
APP108713,67,,22.0,1877.93,592.0,20074.7,3,22,1,OWN,car,1
APP108714,46,98038.03,26.0,9910.95,648.0,1163.43,4,6,1,MORTGAGE,car,1
APP108715,36,31803.08,38.0,11339.81,675.0,13604.31,0,20,2,MORTGAGE,car,0
APP108716,55,38437.64,19.0,9013.6,635.0,4362.4,6,12,0,MORTGAGE,debt_consolidation,0
APP108717,44,29706.18,37.0,3949.94,738.0,3592.24,3,26,4,MORTGAGE,credit_card,0
APP108718,51,45251.26,22.0,9046.18,698.0,5011.37,4,20,1,OWN,debt_consolidation,0
APP108719,57,67337.92,8.0,3943.33,651.0,2808.49,3,9,2,RENT,business,1
APP108720,55,83435.72,26.0,28688.59,462.0,4383.51,14,13,3,MORTGAGE,debt_consolidation,1
APP108721,32,24806.65,7.0,8481.05,632.0,10479.1,8,25,0,MORTGAGE,business,1
APP108722,58,62968.99,35.0,2870.89,700.0,1022.08,7,11,1,MORTGAGE,credit_card,0
APP108723,47,47802.84,6.0,8743.74,627.0,16282.57,6,16,2,OWN,home_improvement,1
APP108724,66,59116.67,19.0,16936.72,674.0,6727.19,8,25,2,MORTGAGE,debt_consolidation,1
APP108725,53,34684.92,32.0,10999.96,632.0,4499.97,5,4,1,MORTGAGE,credit_card,1
APP108726,64,33073.23,0.0,5719.78,668.0,10388.88,2,25,1,MORTGAGE,car,1
APP108727,68,57980.23,19.0,6588.3,762.0,6575.14,4,24,1,MORTGAGE,home_improvement,0
APP108728,69,58533.02,20.0,8332.27,712.0,3347.84,4,16,0,RENT,home_improvement,0
APP108729,57,79448.18,13.0,7602.27,546.0,2648.41,4,7,2,MORTGAGE,home_improvement,1
APP108730,50,40105.7,26.0,4648.32,517.0,16311.73,2,4,1,MORTGAGE,debt_consolidation,1
APP108731,26,34425.15,12.0,9503.75,685.0,1505.35,12,22,1,RENT,debt_consolidation,1
APP108732,39,10615.53,14.0,4446.0,743.0,4198.47,6,11,3,MORTGAGE,business,0
APP108733,44,16225.99,11.0,17490.74,517.0,1590.28,6,16,0,MORTGAGE,home_improvement,1
APP108734,59,29818.2,24.0,18819.78,633.0,7260.69,13,2,3,OWN,car,1
APP108735,49,20941.13,35.0,5421.28,839.0,4547.64,12,15,1,MORTGAGE,car,0
APP108736,42,54560.49,7.0,6438.26,628.0,1808.74,3,2,0,OWN,business,0
APP108737,28,18863.6,16.0,7678.66,850.0,2452.35,14,16,3,OWN,car,0
APP108738,56,28264.1,9.0,9711.73,584.0,5092.51,6,25,0,MORTGAGE,debt_consolidation,0
APP108739,42,28824.67,9.0,11546.17,598.0,6173.74,7,29,2,MORTGAGE,home_improvement,1
APP108740,22,66328.27,38.0,13066.82,593.0,1043.42,14,25,0,RENT,credit_card,1
APP108741,34,26792.59,28.0,12885.18,547.0,2795.2,13,17,0,OWN,car,0
APP108742,64,45533.61,37.0,25142.61,514.0,5587.92,14,22,0,RENT,business,1
APP108743,26,40048.76,25.0,10262.16,632.0,12937.16,2,1,0,RENT,business,1
APP108744,40,57047.77,26.0,4530.15,661.0,9618.16,1,20,2,RENT,debt_consolidation,0
APP108745,46,55553.82,28.0,3768.72,592.0,3415.34,4,28,0,RENT,home_improvement,1
APP108746,25,35713.35,26.0,26409.32,611.0,10930.09,4,4,1,RENT,debt_consolidation,1
APP108747,29,15550.57,32.0,13437.35,765.0,3819.77,9,8,1,OWN,home_improvement,0
APP108748,67,32342.25,13.0,11202.27,727.0,404.27,2,29,2,MORTGAGE,debt_consolidation,1
APP108749,49,35954.95,4.0,12957.2,629.0,15563.76,3,14,3,RENT,debt_consolidation,1
APP108750,31,,19.0,10896.11,684.0,7087.76,11,21,2,RENT,debt_consolidation,0
APP108751,29,25115.05,0.0,12834.77,519.0,5712.68,8,24,0,RENT,credit_card,1
APP108752,41,64244.45,1.0,7914.46,,4947.21,11,28,1,MORTGAGE,credit_card,0
APP108753,56,36563.64,2.0,18640.99,645.0,6261.49,13,2,3,RENT,business,1
APP108754,56,22919.68,3.0,7223.4,620.0,4943.57,14,10,0,MORTGAGE,debt_consolidation,0
APP108755,30,28879.47,28.0,5756.17,652.0,3899.91,14,6,2,MORTGAGE,business,1
APP108756,56,95251.05,23.0,3588.51,639.0,2914.69,10,24,3,RENT,home_improvement,0
APP108757,64,50624.4,37.0,8581.51,544.0,5226.84,8,26,2,MORTGAGE,credit_card,0
APP108758,32,61342.51,11.0,21173.41,784.0,2428.38,9,26,4,RENT,debt_consolidation,0
APP108759,22,21573.19,13.0,7522.02,726.0,1970.46,11,3,2,MORTGAGE,debt_consolidation,0
APP108760,67,25734.43,19.0,4328.05,618.0,6098.76,13,20,1,RENT,credit_card,0
APP108761,46,25829.92,31.0,11741.64,509.0,10764.37,9,15,2,MORTGAGE,credit_card,1
APP108762,59,39822.88,37.0,6696.63,453.0,2599.42,8,21,2,MORTGAGE,debt_consolidation,1
APP108763,36,33289.56,29.0,25058.3,810.0,2987.53,6,5,3,RENT,car,0
APP108764,35,28431.5,20.0,18859.25,636.0,1265.62,12,3,0,RENT,home_improvement,0
APP108765,32,30271.6,39.0,4616.83,711.0,1714.81,5,10,0,RENT,credit_card,0
APP108766,31,,7.0,8916.54,574.0,1767.47,5,10,0,MORTGAGE,business,1
APP108767,44,33192.54,18.0,6290.76,625.0,10715.15,9,23,2,OWN,car,1
APP108768,26,63361.25,9.0,4932.97,629.0,1225.25,9,5,3,RENT,home_improvement,1
APP108769,62,17041.9,6.0,9570.49,669.0,7096.4,5,28,3,RENT,car,1
APP108770,46,43184.62,15.0,16170.43,657.0,3975.23,0,0,2,MORTGAGE,car,1
APP108771,65,72406.14,30.0,9423.63,576.0,7976.4,11,17,0,RENT,credit_card,1
APP108772,45,33137.02,12.0,7261.26,575.0,12493.3,1,15,1,MORTGAGE,other,1
APP108773,35,27877.13,32.0,2634.0,643.0,4798.45,1,10,0,MORTGAGE,home_improvement,0
APP108774,46,57648.28,24.0,6637.63,509.0,12173.13,1,3,0,OWN,debt_consolidation,1
APP108775,28,22200.92,28.0,13781.51,584.0,16981.57,10,2,3,RENT,credit_card,1
APP108776,61,35905.8,9.0,4424.16,637.0,14430.17,11,8,2,RENT,car,1
APP108777,56,,34.0,21365.6,681.0,2870.53,7,12,1,OWN,credit_card,0
APP108778,28,14256.23,8.0,6973.13,770.0,1016.83,1,5,3,OWN,business,0
APP108779,49,33658.06,14.0,11117.01,611.0,4447.62,1,24,0,MORTGAGE,car,0
APP108780,47,19308.53,31.0,7789.38,652.0,5668.68,8,29,1,RENT,credit_card,0
APP108781,30,36104.21,27.0,4886.39,500.0,1029.96,12,22,1,RENT,credit_card,1
APP108782,26,63418.75,11.0,12889.62,676.0,5160.91,10,24,0,MORTGAGE,debt_consolidation,0
APP108783,58,91777.98,10.0,6913.23,577.0,627.54,8,10,2,RENT,other,0
APP108784,33,38054.12,17.0,6004.0,625.0,16926.62,7,25,1,MORTGAGE,credit_card,1
APP108785,46,60452.18,,2378.7,688.0,7200.72,11,5,3,MORTGAGE,debt_consolidation,1
APP108786,33,44332.85,2.0,21625.15,691.0,2554.54,3,18,3,RENT,credit_card,1
APP108787,53,29984.72,9.0,9933.71,533.0,5439.05,1,16,0,OWN,credit_card,1
APP108788,23,13871.78,6.0,19224.52,714.0,6003.79,5,14,3,OWN,other,1
APP108789,38,81899.34,6.0,14358.76,646.0,7232.44,2,24,1,OWN,debt_consolidation,0
APP108790,47,21492.28,14.0,19222.94,751.0,5195.34,4,10,1,RENT,business,0
APP108791,42,72503.16,1.0,7055.15,766.0,10467.05,13,16,1,MORTGAGE,debt_consolidation,0
APP108792,51,47496.14,27.0,4343.89,778.0,1782.4,7,13,1,MORTGAGE,credit_card,0
APP108793,29,22292.23,26.0,15640.45,536.0,4432.26,7,16,0,MORTGAGE,business,1
APP108794,42,42446.48,8.0,10701.29,682.0,20523.53,11,10,3,RENT,car,1
APP108795,58,105498.87,35.0,7481.44,523.0,3709.33,4,21,3,OWN,other,1
APP108796,37,78262.69,23.0,15454.08,754.0,5961.69,10,17,1,RENT,home_improvement,0
APP108797,28,28103.33,12.0,11906.96,765.0,2216.76,7,3,1,MORTGAGE,car,0
APP108798,62,25438.26,7.0,14521.17,728.0,27597.76,8,13,2,MORTGAGE,other,1
APP108799,59,38181.41,17.0,5359.16,616.0,6174.77,5,18,1,MORTGAGE,credit_card,1
APP108800,54,33431.14,38.0,17793.17,693.0,1795.48,13,2,2,OWN,credit_card,0
APP108801,60,66162.47,0.0,9869.67,605.0,11758.05,14,2,4,RENT,home_improvement,1
APP108802,59,52564.41,0.0,18975.84,651.0,2082.7,1,16,0,MORTGAGE,car,1
APP108803,57,15582.12,16.0,17693.49,642.0,8493.35,2,4,4,OWN,debt_consolidation,1
APP108804,45,45676.43,36.0,14939.72,490.0,11203.48,11,17,2,RENT,car,1
APP108805,21,33204.96,11.0,9258.75,585.0,24868.14,7,1,2,MORTGAGE,car,1
APP108806,50,36995.59,29.0,15149.78,831.0,5878.6,11,25,0,MORTGAGE,home_improvement,0
APP108807,34,41129.11,22.0,19273.21,643.0,5110.62,4,18,0,OWN,debt_consolidation,0
APP108808,58,66129.12,7.0,14243.27,662.0,971.14,9,19,1,RENT,car,1
APP108809,43,59213.01,36.0,11176.39,649.0,3410.67,2,28,3,MORTGAGE,business,0
APP108810,65,24962.47,6.0,15170.52,617.0,2775.51,14,18,3,RENT,credit_card,1
APP108811,50,35266.68,20.0,7219.76,652.0,4253.07,10,4,1,OWN,debt_consolidation,1
APP108812,47,29019.96,26.0,24548.2,617.0,3241.95,9,26,1,RENT,business,0
APP108813,66,15663.32,27.0,3607.98,467.0,9218.49,2,14,1,MORTGAGE,debt_consolidation,1
APP108814,44,34382.9,34.0,10103.55,712.0,3141.17,13,20,2,OWN,business,0
APP108815,39,91343.03,28.0,7757.58,779.0,7189.85,4,26,0,RENT,credit_card,0
APP108816,39,15428.6,26.0,6737.64,556.0,4480.89,1,14,0,MORTGAGE,home_improvement,1
APP108817,63,35881.21,6.0,11886.01,616.0,2986.35,7,25,1,OWN,credit_card,0
APP108818,58,35310.33,12.0,5037.75,769.0,2777.0,14,28,0,OWN,credit_card,0
APP108819,29,41934.65,13.0,35995.86,588.0,5921.77,6,12,1,RENT,debt_consolidation,0
APP108820,45,22440.83,14.0,4397.26,681.0,14714.44,0,0,2,RENT,home_improvement,1
APP108821,39,17808.74,4.0,5592.82,850.0,2738.95,13,22,0,RENT,car,0
APP108822,52,18227.76,3.0,5284.8,700.0,5105.28,9,24,0,RENT,debt_consolidation,0
APP108823,23,70648.13,17.0,11148.93,655.0,7237.79,9,1,0,MORTGAGE,car,1
APP108824,55,22217.98,28.0,18191.8,720.0,4837.48,8,28,3,OWN,debt_consolidation,0
APP108825,57,28288.73,35.0,13569.83,712.0,1202.12,1,22,0,MORTGAGE,credit_card,0
APP108826,32,104017.69,37.0,23942.41,597.0,7209.98,10,5,1,OWN,debt_consolidation,1
APP108827,28,25156.51,19.0,6024.8,511.0,1472.73,2,21,0,OWN,car,1
APP108828,51,43096.62,35.0,14694.56,697.0,1489.11,3,20,1,MORTGAGE,debt_consolidation,0
APP108829,33,61815.28,18.0,8249.25,709.0,1730.63,8,17,0,MORTGAGE,debt_consolidation,0
APP108830,67,60346.61,18.0,11348.54,626.0,4318.07,7,17,2,RENT,debt_consolidation,1
APP108831,58,18661.39,8.0,19248.89,781.0,2273.58,3,3,0,OWN,business,0
APP108832,67,25420.82,25.0,3585.44,765.0,1558.76,0,28,0,OWN,home_improvement,0
APP108833,47,42242.5,12.0,32682.83,711.0,6660.74,2,8,0,MORTGAGE,home_improvement,1
APP108834,66,95273.67,19.0,9071.14,627.0,4809.92,0,8,1,OWN,other,1
APP108835,21,24816.02,37.0,3774.5,482.0,9010.32,14,5,0,MORTGAGE,credit_card,1
APP108836,35,28373.01,21.0,6530.84,636.0,2741.86,1,6,0,RENT,credit_card,0
APP108837,21,44792.11,12.0,10523.68,503.0,4671.06,10,1,1,OWN,debt_consolidation,1
APP108838,54,49505.01,26.0,6529.95,461.0,9323.2,5,24,1,OWN,credit_card,1
APP108839,46,51027.86,29.0,2896.52,701.0,1718.68,4,26,0,RENT,home_improvement,0
APP108840,35,23785.28,24.0,10488.97,743.0,2894.97,0,1,2,RENT,debt_consolidation,0
APP108841,35,27832.95,1.0,6418.57,493.0,10875.12,0,5,0,OWN,debt_consolidation,1
APP108842,52,40447.12,9.0,14627.87,629.0,4992.28,14,13,2,MORTGAGE,debt_consolidation,1
APP108843,29,68265.22,5.0,5213.3,648.0,4357.05,11,6,1,OWN,debt_consolidation,1
APP108844,46,32233.38,38.0,38442.46,626.0,4765.36,4,5,1,RENT,car,1
APP108845,51,35912.8,12.0,13469.42,539.0,13074.5,8,21,0,OWN,business,1
APP108846,32,21742.75,18.0,11137.54,756.0,4821.03,13,26,1,RENT,debt_consolidation,0
APP108847,32,92190.6,36.0,14384.03,541.0,5097.22,4,9,4,OWN,debt_consolidation,1
APP108848,38,39227.43,39.0,3317.92,494.0,4849.37,14,15,3,OWN,home_improvement,1
APP108849,50,62247.73,8.0,7345.37,540.0,1349.18,7,12,0,OWN,car,0
APP108850,33,36862.45,34.0,28848.48,,7347.32,6,11,1,MORTGAGE,home_improvement,1
APP108851,39,37897.24,29.0,8167.52,628.0,2548.04,13,1,1,RENT,home_improvement,1
APP108852,47,17151.58,24.0,9531.0,588.0,1790.47,6,21,0,OWN,credit_card,1
APP108853,30,12389.68,6.0,7480.84,692.0,1215.41,0,27,0,OWN,home_improvement,1
APP108854,48,67910.95,27.0,23830.1,,1435.09,2,22,1,MORTGAGE,home_improvement,1
APP108855,27,37760.89,24.0,8546.01,465.0,799.94,10,29,1,OWN,debt_consolidation,1
APP108856,27,40264.04,17.0,4669.93,691.0,2164.5,9,24,1,MORTGAGE,debt_consolidation,0
APP108857,32,19447.49,23.0,46503.79,,3471.29,12,11,2,MORTGAGE,home_improvement,0
APP108858,35,23120.34,8.0,4337.21,640.0,11487.39,2,24,1,MORTGAGE,credit_card,0
APP108859,22,61768.64,24.0,9335.43,631.0,5159.4,7,6,2,RENT,debt_consolidation,1
APP108860,68,86688.1,6.0,5972.52,801.0,6019.73,5,11,1,OWN,debt_consolidation,0
APP108861,36,26618.53,11.0,6496.63,593.0,13677.51,14,21,0,MORTGAGE,debt_consolidation,1
APP108862,60,50804.57,19.0,5240.12,636.0,502.21,11,8,1,MORTGAGE,debt_consolidation,0
APP108863,65,39935.16,6.0,7158.13,676.0,6723.29,3,22,0,MORTGAGE,car,0
APP108864,60,34191.61,36.0,17861.81,653.0,6322.82,11,5,1,RENT,business,0
APP108865,61,91672.66,35.0,3161.52,628.0,9498.78,10,4,0,OWN,debt_consolidation,0
APP108866,25,28952.13,18.0,21088.53,657.0,1167.9,5,22,2,OWN,home_improvement,0
APP108867,39,67531.96,22.0,19016.05,775.0,3105.06,6,14,0,OWN,credit_card,0
APP108868,57,43945.77,11.0,13432.54,714.0,2333.71,3,28,1,MORTGAGE,car,0
APP108869,49,36010.12,8.0,10675.45,644.0,1754.06,5,5,1,OWN,debt_consolidation,1
APP108870,21,72114.37,38.0,11684.09,580.0,31260.74,1,21,1,OWN,debt_consolidation,1
APP108871,48,41984.98,16.0,23249.7,591.0,3124.9,9,7,0,RENT,car,1
APP108872,60,34606.13,38.0,3472.15,726.0,10319.45,7,14,0,RENT,car,0
APP108873,61,72382.59,2.0,15311.72,522.0,8643.45,9,14,1,OWN,business,1
APP108874,39,67821.27,4.0,6325.2,842.0,1552.84,14,25,1,OWN,debt_consolidation,0
APP108875,32,66236.15,19.0,16243.51,647.0,3228.88,5,11,0,MORTGAGE,credit_card,0
APP108876,36,5198.36,31.0,6848.88,539.0,5157.55,1,10,1,RENT,credit_card,1
APP108877,35,45255.9,16.0,15125.27,664.0,6743.76,5,14,4,MORTGAGE,business,1
APP108878,37,40378.74,33.0,3908.5,585.0,6403.26,5,29,0,MORTGAGE,credit_card,0
APP108879,35,35687.95,5.0,3584.79,616.0,19980.52,7,11,3,RENT,debt_consolidation,1
APP108880,43,49261.09,34.0,9248.0,529.0,10181.45,12,16,1,RENT,debt_consolidation,1
APP108881,23,41368.64,17.0,23419.35,630.0,8312.76,14,2,0,RENT,home_improvement,1
APP108882,34,50965.47,11.0,13653.77,480.0,10664.04,9,18,3,OWN,home_improvement,1
APP108883,36,31761.78,25.0,13595.15,602.0,14504.7,11,2,0,RENT,car,1
APP108884,28,76810.02,31.0,16582.72,583.0,2985.69,4,0,0,OWN,other,1
APP108885,64,53608.99,37.0,7799.49,609.0,1389.05,5,7,0,MORTGAGE,credit_card,0
APP108886,54,47632.15,3.0,14277.63,588.0,3025.07,13,5,0,RENT,credit_card,1
APP108887,65,46483.5,28.0,6989.72,652.0,1637.77,5,15,0,RENT,home_improvement,0
APP108888,48,64772.77,12.0,8197.55,721.0,2238.63,5,6,0,MORTGAGE,home_improvement,0
APP108889,26,60526.94,20.0,8831.59,678.0,5323.3,13,6,1,RENT,debt_consolidation,0
APP108890,65,34324.48,18.0,7134.4,753.0,3156.57,12,26,0,OWN,home_improvement,0
APP108891,43,59584.76,30.0,9512.57,610.0,8254.04,11,18,2,RENT,debt_consolidation,1
APP108892,54,39617.5,15.0,8495.27,675.0,6265.95,10,0,2,RENT,credit_card,1
APP108893,39,94699.44,11.0,6473.04,679.0,6580.04,9,22,1,RENT,credit_card,0
APP108894,45,62872.48,19.0,9096.45,742.0,1786.53,8,21,2,OWN,credit_card,1
APP108895,44,26560.9,26.0,10863.45,591.0,2435.55,10,26,0,OWN,home_improvement,0
APP108896,34,116466.08,33.0,5115.76,713.0,1066.38,0,16,3,OWN,credit_card,0
APP108897,48,12695.21,0.0,12714.19,581.0,7742.12,0,28,2,RENT,other,1
APP108898,56,49944.98,22.0,7359.83,604.0,22873.23,13,28,1,MORTGAGE,home_improvement,1
APP108899,21,25639.16,2.0,11146.96,621.0,5670.56,1,10,2,OWN,debt_consolidation,1
APP108900,27,93068.41,24.0,6639.7,686.0,6088.49,9,2,1,MORTGAGE,car,0
APP108901,62,41208.63,24.0,18588.48,563.0,3212.24,4,28,1,MORTGAGE,credit_card,1
APP108902,48,24418.65,34.0,17565.1,574.0,4132.96,11,19,2,MORTGAGE,credit_card,1
APP108903,68,31785.09,7.0,5273.06,598.0,13625.86,7,26,1,RENT,car,1
APP108904,50,25413.46,31.0,13561.63,653.0,5284.86,4,2,0,OWN,credit_card,0
APP108905,53,31166.89,27.0,23570.78,575.0,8196.32,10,9,2,RENT,debt_consolidation,1
APP108906,65,30812.51,26.0,5603.2,671.0,13914.01,14,0,0,RENT,home_improvement,0
APP108907,53,24944.83,25.0,5875.98,621.0,11853.27,11,11,2,RENT,debt_consolidation,1
APP108908,37,41565.75,21.0,15383.27,702.0,5043.55,3,22,2,MORTGAGE,home_improvement,0
APP108909,46,44161.65,2.0,4517.4,655.0,5348.98,13,5,3,MORTGAGE,home_improvement,1
APP108910,32,22067.18,32.0,6207.37,790.0,3608.12,14,11,3,RENT,credit_card,0
APP108911,37,15849.06,15.0,5384.08,659.0,7325.68,4,26,1,OWN,business,1
APP108912,54,42424.37,4.0,15498.38,552.0,3531.02,9,9,3,MORTGAGE,debt_consolidation,1
APP108913,28,47380.23,24.0,6532.48,632.0,6503.45,11,15,1,OWN,debt_consolidation,0
APP108914,53,52318.66,37.0,8343.5,651.0,11278.26,9,13,0,RENT,debt_consolidation,0
APP108915,49,47838.56,28.0,6317.04,577.0,1275.52,14,6,1,RENT,credit_card,0
APP108916,36,79726.59,9.0,19714.47,771.0,1112.11,3,27,3,RENT,credit_card,0
APP108917,23,59786.43,32.0,5909.8,625.0,4742.28,3,24,0,RENT,credit_card,0
APP108918,55,138678.57,33.0,4253.26,598.0,8392.35,13,11,2,MORTGAGE,car,1
APP108919,61,171154.78,13.0,4154.41,664.0,6182.67,1,25,1,MORTGAGE,other,0
APP108920,56,15077.35,20.0,15005.86,577.0,1865.47,0,14,3,MORTGAGE,credit_card,1
APP108921,41,12105.69,33.0,15670.25,727.0,10094.71,13,19,2,MORTGAGE,home_improvement,0
APP108922,53,36181.54,6.0,20934.06,711.0,22620.96,12,8,1,OWN,car,1
APP108923,41,46728.81,14.0,4644.39,660.0,2452.97,2,11,3,MORTGAGE,home_improvement,1
APP108924,38,34963.41,18.0,8615.11,697.0,2751.72,12,27,2,RENT,car,1
APP108925,37,51626.49,0.0,42462.63,610.0,5016.55,10,6,2,MORTGAGE,car,0
APP108926,31,31725.59,6.0,8255.29,529.0,4444.38,13,12,1,RENT,other,1
APP108927,68,25668.62,24.0,7058.27,623.0,12867.53,5,22,2,MORTGAGE,business,1
APP108928,53,27682.47,10.0,9773.15,609.0,6166.41,4,9,0,MORTGAGE,home_improvement,1
APP108929,29,32856.86,9.0,13601.98,487.0,3892.16,5,23,2,OWN,credit_card,1
APP108930,63,55367.95,11.0,13466.22,565.0,3066.36,9,11,2,MORTGAGE,other,1
APP108931,28,28470.67,4.0,6845.46,551.0,1448.0,14,15,0,MORTGAGE,credit_card,1
APP108932,50,31429.92,25.0,6967.27,565.0,14700.03,14,29,3,RENT,credit_card,1
APP108933,29,48296.21,10.0,8284.35,756.0,8120.25,5,22,1,OWN,debt_consolidation,1
APP108934,38,32879.41,26.0,6386.54,690.0,4571.57,1,27,1,OWN,other,1
APP108935,53,63472.07,,4718.01,727.0,5361.45,6,5,0,RENT,business,0
APP108936,69,22931.04,19.0,29283.25,690.0,4509.18,6,25,0,MORTGAGE,debt_consolidation,0
APP108937,69,20574.71,36.0,7753.08,736.0,1196.99,0,15,0,MORTGAGE,credit_card,0
APP108938,64,42290.36,7.0,8021.29,652.0,1576.59,14,22,1,OWN,debt_consolidation,0
APP108939,32,44451.07,38.0,8172.65,771.0,4173.88,2,9,1,MORTGAGE,other,0
APP108940,25,23565.06,12.0,9430.4,551.0,4117.69,8,21,3,RENT,debt_consolidation,1
APP108941,65,71096.81,12.0,12846.87,644.0,4867.33,5,29,0,MORTGAGE,debt_consolidation,0
APP108942,66,95079.48,39.0,7486.71,568.0,19111.31,10,14,2,OWN,car,1
APP108943,34,26531.1,18.0,19606.42,749.0,3908.58,9,12,1,MORTGAGE,debt_consolidation,0
APP108944,21,76393.3,29.0,14167.27,683.0,2669.9,13,15,0,MORTGAGE,debt_consolidation,0
APP108945,52,11036.18,32.0,8826.03,744.0,5127.67,0,6,1,OWN,home_improvement,0
APP108946,24,62196.63,17.0,6635.96,537.0,1607.63,4,16,1,MORTGAGE,credit_card,0
APP108947,22,23650.01,12.0,18976.49,601.0,5566.12,5,5,1,OWN,credit_card,0
APP108948,66,59162.1,19.0,8980.18,507.0,2752.16,13,20,1,RENT,debt_consolidation,1
APP108949,45,22457.1,15.0,4695.45,678.0,5884.3,5,29,0,OWN,debt_consolidation,0
APP108950,26,35092.97,16.0,18263.11,615.0,4254.78,7,22,1,MORTGAGE,car,0
APP108951,53,24220.2,9.0,6400.96,710.0,4388.77,11,29,1,OWN,business,1
APP108952,39,32632.36,36.0,16665.57,652.0,8112.87,13,13,1,RENT,credit_card,0
APP108953,47,90668.2,22.0,2189.52,479.0,8844.14,4,23,0,RENT,car,1
APP108954,65,34407.54,31.0,7933.13,517.0,24996.94,9,16,2,OWN,business,1
APP108955,32,104312.95,26.0,19850.43,656.0,8565.06,13,14,0,MORTGAGE,car,0
APP108956,52,29944.28,14.0,9927.64,687.0,4040.09,4,18,1,RENT,business,1
APP108957,61,76564.01,12.0,14169.98,472.0,2962.83,14,19,0,RENT,other,1
APP108958,41,16109.33,39.0,5760.86,643.0,6486.56,5,1,0,OWN,debt_consolidation,1
APP108959,68,31468.6,0.0,12193.07,568.0,15821.88,3,21,2,MORTGAGE,debt_consolidation,1
APP108960,42,27776.48,11.0,9919.44,561.0,9750.08,11,15,1,MORTGAGE,credit_card,1
APP108961,43,78343.07,29.0,11452.93,597.0,2779.88,5,3,1,MORTGAGE,car,0
APP108962,64,39839.91,21.0,33643.26,659.0,7059.09,6,5,4,RENT,credit_card,1
APP108963,52,12784.11,24.0,21649.85,593.0,5870.01,11,4,0,OWN,credit_card,1
APP108964,63,,0.0,15917.84,491.0,11376.31,3,24,2,RENT,credit_card,1
APP108965,59,21887.45,8.0,16038.89,659.0,6254.94,4,11,2,OWN,credit_card,1
APP108966,55,57932.0,23.0,5735.94,621.0,6070.62,10,12,0,OWN,credit_card,0
APP108967,32,54312.18,12.0,7459.64,574.0,1910.26,12,11,0,MORTGAGE,business,1
APP108968,40,31250.8,18.0,3945.97,625.0,9261.73,2,21,4,RENT,car,1
APP108969,63,27604.8,38.0,4620.46,622.0,1615.7,14,14,3,MORTGAGE,other,0
APP108970,51,51958.16,25.0,5814.32,653.0,5279.98,0,29,0,RENT,debt_consolidation,0
APP108971,34,20645.21,25.0,9725.68,630.0,3163.34,9,9,1,MORTGAGE,credit_card,1
APP108972,37,45653.45,7.0,4745.7,663.0,3017.51,6,28,3,MORTGAGE,home_improvement,1
APP108973,59,43750.53,23.0,9667.24,646.0,7832.8,2,18,0,OWN,credit_card,0
APP108974,29,31656.7,38.0,9023.45,715.0,4902.11,11,19,0,OWN,credit_card,0
APP108975,26,44304.39,25.0,5011.36,776.0,724.34,0,22,0,MORTGAGE,debt_consolidation,0
APP108976,58,,31.0,24719.61,648.0,4195.31,4,26,0,OWN,home_improvement,0
APP108977,35,,38.0,4470.63,600.0,3602.35,6,26,3,RENT,business,0
APP108978,58,18637.83,36.0,19348.98,535.0,13439.39,10,26,2,MORTGAGE,car,1
APP108979,47,49377.54,13.0,2559.16,701.0,1819.07,3,12,1,MORTGAGE,credit_card,0
APP108980,69,60675.83,11.0,9087.54,577.0,22777.81,0,23,0,OWN,home_improvement,1
APP108981,46,42636.92,11.0,4824.32,837.0,9753.45,11,8,2,MORTGAGE,debt_consolidation,1
APP108982,63,49050.61,30.0,6683.03,850.0,3934.65,1,14,1,OWN,home_improvement,0
APP108983,62,34373.47,15.0,29321.98,632.0,3515.39,7,4,1,RENT,home_improvement,0
APP108984,31,56707.76,32.0,8037.07,516.0,2949.48,10,12,1,OWN,debt_consolidation,1
APP108985,69,37519.78,32.0,5101.4,702.0,6345.44,9,16,0,MORTGAGE,other,0
APP108986,57,20455.96,26.0,13260.98,817.0,2616.82,1,25,3,RENT,debt_consolidation,0
APP108987,26,54726.76,4.0,7994.84,545.0,4474.41,9,1,0,RENT,credit_card,1
APP108988,21,16041.38,28.0,10833.82,801.0,2060.53,0,17,0,RENT,credit_card,0
APP108989,34,41830.87,8.0,5717.73,502.0,8692.49,0,25,2,OWN,business,1
APP108990,21,29968.09,22.0,5889.17,533.0,5628.39,3,23,1,OWN,credit_card,1
APP108991,38,29025.71,9.0,6169.61,674.0,3379.96,10,14,0,OWN,home_improvement,0
APP108992,69,39576.64,2.0,15979.47,731.0,4050.52,3,12,2,RENT,credit_card,0
APP108993,44,25472.53,25.0,8637.79,644.0,2823.39,12,18,4,RENT,debt_consolidation,1
APP108994,22,46915.48,18.0,5276.63,685.0,6314.7,2,21,1,MORTGAGE,credit_card,0
APP108995,45,37361.58,25.0,10906.25,738.0,1800.73,7,12,2,RENT,car,0
APP108996,31,,19.0,10380.54,747.0,10112.86,7,16,1,MORTGAGE,credit_card,0
APP108997,62,70904.54,14.0,13962.94,600.0,5645.63,8,0,0,RENT,home_improvement,1
APP108998,25,40230.93,,7412.47,580.0,3432.63,5,9,0,OWN,car,1
APP108999,58,49781.59,,9447.04,734.0,7864.82,2,23,2,RENT,credit_card,0
APP109000,42,73739.53,35.0,12746.44,686.0,6706.91,10,12,2,MORTGAGE,debt_consolidation,0
APP109001,21,73136.97,30.0,5401.26,697.0,2129.19,9,14,0,MORTGAGE,other,0
APP109002,53,48527.83,18.0,16843.73,597.0,13987.19,9,28,3,MORTGAGE,debt_consolidation,1
APP109003,43,31215.53,1.0,9995.26,701.0,666.98,14,12,1,MORTGAGE,debt_consolidation,0
APP109004,58,17767.89,39.0,5112.24,562.0,11750.29,13,13,1,RENT,car,1
APP109005,51,40269.33,29.0,5089.56,669.0,4313.41,10,22,2,OWN,debt_consolidation,0
APP109006,59,62773.74,0.0,9324.13,658.0,10855.63,6,25,1,OWN,credit_card,1
APP109007,43,43354.14,8.0,7114.32,659.0,15558.08,0,10,0,MORTGAGE,credit_card,1
APP109008,21,6487.99,6.0,15564.75,712.0,3491.3,3,5,0,RENT,debt_consolidation,0
APP109009,27,56107.85,36.0,8332.75,568.0,3625.07,4,19,0,MORTGAGE,credit_card,1
APP109010,43,57858.15,38.0,11870.69,704.0,6321.45,4,3,1,RENT,credit_card,0
APP109011,40,31237.95,16.0,5948.1,651.0,1984.43,14,21,1,MORTGAGE,credit_card,1
APP109012,59,59526.74,7.0,9761.51,586.0,3769.35,0,14,0,RENT,business,1
APP109013,41,49711.06,25.0,21792.51,544.0,3521.82,10,29,1,RENT,other,1
APP109014,63,25777.22,10.0,9055.46,,1902.79,7,9,0,RENT,debt_consolidation,0
APP109015,30,68572.75,4.0,7102.64,644.0,3376.8,4,23,1,MORTGAGE,business,0
APP109016,39,19269.17,10.0,5894.16,621.0,8977.14,11,0,1,RENT,home_improvement,1
APP109017,58,35290.8,10.0,9786.29,558.0,8473.5,9,0,0,MORTGAGE,credit_card,1
APP109018,27,33573.72,2.0,23053.87,737.0,4265.16,12,13,3,MORTGAGE,car,0
APP109019,36,24035.35,28.0,4367.05,730.0,5166.24,2,18,1,OWN,car,1
APP109020,57,42272.71,14.0,9605.1,715.0,3853.14,4,5,3,MORTGAGE,car,0
APP109021,49,69925.41,22.0,3539.27,645.0,1201.0,13,18,1,OWN,debt_consolidation,0
APP109022,59,,22.0,7736.82,710.0,2179.04,13,19,2,RENT,debt_consolidation,1
APP109023,46,52147.53,30.0,11587.26,584.0,10584.99,5,3,1,RENT,home_improvement,1
APP109024,63,15553.47,30.0,3834.43,667.0,12807.49,6,25,1,MORTGAGE,home_improvement,0
APP109025,63,18620.6,22.0,7578.83,645.0,2473.37,2,22,1,OWN,car,0
APP109026,68,39461.65,33.0,11781.81,671.0,12031.34,1,9,2,MORTGAGE,car,0
APP109027,26,35699.16,22.0,10707.32,504.0,1880.79,1,11,2,RENT,credit_card,1
APP109028,49,28309.71,1.0,12129.25,799.0,3249.6,0,8,1,OWN,credit_card,0
APP109029,26,94151.61,34.0,5515.08,779.0,4469.16,0,18,0,RENT,credit_card,0
APP109030,32,38289.47,30.0,11778.89,557.0,3949.96,5,20,2,OWN,debt_consolidation,1
APP109031,35,47629.44,16.0,6904.96,696.0,2825.0,9,8,2,MORTGAGE,debt_consolidation,0
APP109032,52,59512.81,15.0,15190.38,531.0,5439.22,9,16,0,RENT,car,0
APP109033,42,37327.26,35.0,2474.04,656.0,9146.84,10,5,1,MORTGAGE,debt_consolidation,0
APP109034,63,132658.19,17.0,8318.48,474.0,1536.09,9,12,4,OWN,debt_consolidation,1
APP109035,35,22693.05,14.0,10502.06,626.0,5436.96,9,11,0,RENT,debt_consolidation,1
APP109036,51,26821.64,29.0,22240.26,610.0,10635.28,5,11,0,RENT,debt_consolidation,0
APP109037,58,22665.23,13.0,10426.21,742.0,3532.68,4,6,2,OWN,debt_consolidation,1
APP109038,69,79326.63,16.0,11080.83,783.0,3173.21,6,0,0,MORTGAGE,debt_consolidation,0
APP109039,33,54232.9,31.0,12398.05,785.0,2488.27,11,29,0,MORTGAGE,credit_card,0
APP109040,56,27665.02,8.0,20991.07,742.0,24349.91,8,12,3,MORTGAGE,business,1
APP109041,25,23577.82,0.0,7870.39,656.0,16229.01,12,21,3,MORTGAGE,other,1
APP109042,47,72580.04,13.0,4264.75,681.0,3881.95,4,25,0,RENT,debt_consolidation,0
APP109043,41,43514.25,6.0,3801.96,680.0,12634.99,9,1,1,MORTGAGE,credit_card,1
APP109044,67,73512.37,14.0,14742.9,555.0,3226.39,9,11,1,MORTGAGE,debt_consolidation,1
APP109045,58,35239.59,2.0,11315.45,741.0,4339.49,9,11,0,MORTGAGE,credit_card,0
APP109046,66,46899.75,23.0,8486.18,705.0,2104.93,1,19,0,OWN,home_improvement,0
APP109047,62,42197.4,20.0,6962.84,708.0,1124.97,2,27,1,OWN,car,0
APP109048,41,26580.8,10.0,11031.38,467.0,3089.79,9,20,1,RENT,debt_consolidation,1
APP109049,56,33790.26,25.0,11224.27,686.0,3498.14,12,17,0,MORTGAGE,business,1
APP109050,22,20087.41,5.0,13199.02,730.0,6913.73,7,6,0,MORTGAGE,home_improvement,0
APP109051,48,46492.83,0.0,5088.81,648.0,8299.51,1,14,0,RENT,business,0
APP109052,23,,19.0,3433.78,609.0,4455.26,13,22,2,RENT,debt_consolidation,0
APP109053,56,59580.32,6.0,5720.91,541.0,2224.06,12,16,1,RENT,credit_card,1
APP109054,68,50679.28,34.0,4399.84,535.0,2903.42,12,18,1,MORTGAGE,debt_consolidation,1
APP109055,54,34060.54,12.0,4265.2,662.0,17551.27,6,9,1,OWN,credit_card,1
APP109056,62,78903.85,17.0,25383.17,631.0,8130.01,9,14,3,OWN,credit_card,1
APP109057,32,56735.43,11.0,2539.69,630.0,15340.84,1,11,0,OWN,business,1
APP109058,69,72712.83,17.0,13119.08,772.0,20364.99,0,14,1,MORTGAGE,car,0
APP109059,47,75030.0,3.0,17055.0,549.0,2904.53,0,5,1,MORTGAGE,business,1
APP109060,54,34105.03,37.0,17898.62,622.0,9472.43,6,19,2,RENT,car,1
APP109061,58,44087.86,6.0,11688.25,,2388.09,14,21,0,RENT,credit_card,0
APP109062,52,53491.74,15.0,21849.77,625.0,11233.35,0,22,0,MORTGAGE,home_improvement,1
APP109063,36,20443.68,33.0,28855.04,655.0,9530.61,8,7,1,RENT,home_improvement,0
APP109064,50,20671.55,17.0,8255.72,635.0,905.73,11,12,2,MORTGAGE,car,0
APP109065,53,18964.88,28.0,12945.23,706.0,6783.3,6,12,3,OWN,home_improvement,1
APP109066,63,34404.75,2.0,21279.01,485.0,2476.85,0,26,3,RENT,debt_consolidation,1
APP109067,44,30740.66,11.0,5900.69,633.0,3743.12,13,27,2,OWN,credit_card,1
APP109068,45,17714.96,30.0,8544.6,,2899.36,13,14,0,RENT,debt_consolidation,0
APP109069,45,39131.35,10.0,6798.84,570.0,10161.44,6,12,1,OWN,credit_card,1
APP109070,26,34620.13,16.0,13050.57,677.0,2844.65,12,0,4,RENT,car,1
APP109071,25,65586.17,3.0,3168.9,712.0,1766.53,12,10,2,RENT,credit_card,1
APP109072,22,99358.47,20.0,23434.77,686.0,2575.89,9,2,1,OWN,debt_consolidation,0
APP109073,53,45625.64,13.0,13633.4,792.0,4139.72,12,12,0,RENT,other,0
APP109074,41,25634.25,34.0,14100.49,615.0,6823.92,10,11,1,RENT,debt_consolidation,0
APP109075,63,50179.52,15.0,2397.09,689.0,12793.52,11,7,1,MORTGAGE,credit_card,1
APP109076,55,36484.82,33.0,5302.41,688.0,7412.18,1,29,1,MORTGAGE,debt_consolidation,0
APP109077,27,32206.94,36.0,24204.2,631.0,7840.32,1,21,1,OWN,business,0
APP109078,25,23604.66,33.0,8897.77,740.0,8873.21,2,19,2,MORTGAGE,credit_card,0
APP109079,38,28793.07,29.0,3517.7,673.0,9451.02,14,20,1,RENT,debt_consolidation,0
APP109080,66,,23.0,11304.69,553.0,11234.13,6,10,0,OWN,car,0
APP109081,23,54287.44,19.0,14875.86,710.0,36463.52,9,7,2,MORTGAGE,home_improvement,1
APP109082,30,46887.8,3.0,13614.56,610.0,9327.23,8,25,2,MORTGAGE,business,1
APP109083,22,90471.31,5.0,9043.1,624.0,6180.82,6,12,1,RENT,car,1
APP109084,41,,15.0,19561.88,630.0,3387.44,10,21,0,MORTGAGE,debt_consolidation,0
APP109085,69,44897.95,26.0,6495.03,708.0,6297.79,11,15,2,RENT,debt_consolidation,0
APP109086,54,31159.82,0.0,13684.97,736.0,12370.89,14,0,1,RENT,credit_card,1
APP109087,45,21617.72,37.0,10732.27,637.0,1854.53,1,26,1,MORTGAGE,home_improvement,0
APP109088,28,27311.23,39.0,9137.56,632.0,13451.79,5,0,0,RENT,credit_card,1
APP109089,38,25593.17,3.0,7884.09,486.0,3493.32,2,10,2,MORTGAGE,credit_card,1
APP109090,46,10092.49,3.0,8053.36,593.0,4082.47,8,22,1,MORTGAGE,other,1
APP109091,34,21931.61,,10090.52,574.0,7460.89,10,17,0,MORTGAGE,credit_card,1
APP109092,55,80910.99,7.0,8302.96,674.0,3224.83,2,24,2,MORTGAGE,credit_card,0
APP109093,69,43664.91,7.0,15364.92,641.0,7094.32,9,28,2,RENT,car,0
APP109094,31,30083.68,7.0,7175.36,577.0,1955.25,0,21,1,MORTGAGE,business,1
APP109095,33,44322.15,28.0,25361.17,662.0,9904.74,7,7,1,MORTGAGE,debt_consolidation,1
APP109096,27,13674.63,5.0,6985.55,644.0,5748.99,14,0,0,MORTGAGE,business,1
APP109097,56,41816.61,7.0,17189.4,446.0,4900.34,10,21,0,RENT,car,0
APP109098,43,68785.35,15.0,17640.1,738.0,6122.69,11,9,2,MORTGAGE,debt_consolidation,0
APP109099,34,34181.57,24.0,10932.74,730.0,4836.19,14,19,0,OWN,debt_consolidation,0
APP109100,31,14973.02,39.0,10363.61,630.0,6997.06,7,15,2,OWN,home_improvement,0
APP109101,24,29526.1,9.0,6390.83,678.0,4163.81,1,4,0,RENT,car,0
APP109102,44,68846.25,10.0,7257.26,623.0,3894.48,8,10,1,MORTGAGE,car,0
APP109103,54,41328.8,21.0,11292.23,521.0,1194.67,5,29,3,MORTGAGE,debt_consolidation,1
APP109104,32,17869.4,16.0,9632.7,823.0,14645.61,14,9,1,RENT,home_improvement,0
APP109105,21,118635.92,24.0,20127.66,709.0,1938.33,4,23,3,MORTGAGE,business,0
APP109106,44,19401.31,9.0,7534.49,725.0,17896.58,7,20,1,MORTGAGE,credit_card,1
APP109107,54,32161.9,24.0,7813.13,627.0,4048.63,14,12,1,MORTGAGE,debt_consolidation,1
APP109108,37,21618.55,37.0,3645.18,740.0,13017.09,11,22,4,OWN,home_improvement,1
APP109109,33,21633.51,27.0,14561.21,540.0,11313.83,2,16,1,MORTGAGE,debt_consolidation,1
APP109110,28,28967.35,29.0,13793.2,630.0,10612.45,13,18,0,OWN,debt_consolidation,0
APP109111,57,49914.91,2.0,17787.46,709.0,5100.78,5,10,1,OWN,debt_consolidation,0
APP109112,63,69235.27,36.0,18399.19,599.0,1889.9,10,28,0,RENT,debt_consolidation,0
APP109113,58,29938.96,28.0,15888.77,722.0,4248.75,13,7,0,MORTGAGE,home_improvement,0
APP109114,46,21915.04,25.0,16295.91,,3821.57,14,16,1,OWN,debt_consolidation,1
APP109115,56,46134.65,6.0,14271.81,666.0,4529.04,10,26,1,RENT,credit_card,1
APP109116,40,46816.07,22.0,15653.6,592.0,1840.59,11,21,1,RENT,car,0
APP109117,22,40953.32,27.0,3277.46,682.0,3908.74,0,17,5,MORTGAGE,credit_card,1
APP109118,39,41683.89,24.0,5115.99,804.0,474.32,14,2,0,MORTGAGE,business,0
APP109119,55,34328.01,4.0,4638.21,664.0,3865.15,14,11,1,RENT,debt_consolidation,1
APP109120,52,38142.16,1.0,21207.37,694.0,5435.13,3,13,2,OWN,other,1
APP109121,69,33162.48,,6187.12,706.0,2629.29,0,25,0,MORTGAGE,debt_consolidation,0
APP109122,69,62014.4,28.0,6810.92,558.0,3959.54,14,25,0,OWN,home_improvement,1
APP109123,32,110661.33,15.0,9936.74,639.0,5597.41,7,13,2,RENT,credit_card,1
APP109124,21,39728.6,27.0,4692.84,636.0,11050.68,2,10,1,RENT,debt_consolidation,0
APP109125,34,36196.36,38.0,12435.7,480.0,11426.67,3,5,2,RENT,debt_consolidation,1
APP109126,63,41271.63,35.0,2756.63,713.0,6274.87,9,14,3,RENT,debt_consolidation,0
APP109127,60,26135.22,25.0,4882.96,575.0,4800.57,9,4,1,RENT,car,1
APP109128,25,53235.95,29.0,11151.06,704.0,6529.85,9,4,2,MORTGAGE,debt_consolidation,0
APP109129,28,,3.0,4698.59,589.0,20742.95,4,28,0,MORTGAGE,home_improvement,1
APP109130,48,29429.85,3.0,21578.83,813.0,7340.68,11,16,2,RENT,debt_consolidation,0
APP109131,53,57012.93,28.0,10175.8,627.0,6054.16,12,11,2,OWN,home_improvement,0
APP109132,69,36661.96,,19520.92,803.0,11594.78,0,12,3,OWN,debt_consolidation,1
APP109133,57,22358.72,7.0,12268.01,636.0,5107.35,8,11,1,RENT,credit_card,1
APP109134,31,43295.42,23.0,9826.54,645.0,2483.2,10,25,2,MORTGAGE,home_improvement,1
APP109135,22,40884.09,11.0,5442.88,775.0,7096.3,4,16,1,MORTGAGE,car,0
APP109136,52,58700.83,4.0,17283.16,576.0,5632.3,10,19,3,OWN,business,1
APP109137,48,55037.69,15.0,12897.04,653.0,4126.24,12,17,1,RENT,business,1
APP109138,66,34385.38,17.0,34571.63,693.0,7593.05,13,16,1,MORTGAGE,debt_consolidation,0
APP109139,49,28680.04,31.0,16269.38,682.0,1152.81,11,12,1,RENT,debt_consolidation,0
APP109140,45,36347.18,34.0,7797.5,653.0,3189.04,10,23,0,MORTGAGE,debt_consolidation,0
APP109141,35,43549.54,,11774.05,642.0,2433.41,7,28,1,RENT,other,0
APP109142,25,46252.8,4.0,12749.95,717.0,2644.18,1,10,0,OWN,other,1
APP109143,63,42222.4,36.0,19886.07,664.0,4345.15,7,9,2,RENT,other,0
APP109144,61,34704.31,20.0,21875.49,727.0,2373.18,11,22,0,RENT,home_improvement,0
APP109145,28,59778.93,6.0,8980.54,681.0,18799.25,7,3,2,OWN,credit_card,1
APP109146,55,25922.05,25.0,4772.79,,7053.88,13,13,0,RENT,car,0
APP109147,38,125454.91,2.0,3254.18,740.0,2603.22,8,29,0,MORTGAGE,business,0
APP109148,42,53185.19,18.0,4995.39,625.0,1221.28,0,20,0,OWN,debt_consolidation,0
APP109149,62,20666.25,33.0,6939.15,738.0,3081.73,12,6,1,RENT,debt_consolidation,0
APP109150,62,39839.52,38.0,24406.41,637.0,3775.29,6,12,1,MORTGAGE,other,0
APP109151,30,53441.44,11.0,24629.58,537.0,2957.32,1,28,0,MORTGAGE,home_improvement,1
APP109152,36,30494.92,6.0,17607.78,623.0,37571.04,10,15,3,RENT,other,1
APP109153,61,17195.93,23.0,20707.25,592.0,1308.51,5,25,1,OWN,home_improvement,1
APP109154,65,21600.42,6.0,6474.1,680.0,5119.58,11,24,1,MORTGAGE,other,0
APP109155,24,47621.83,39.0,3987.06,627.0,4429.55,11,23,1,OWN,credit_card,1
APP109156,61,15103.65,13.0,5410.42,660.0,4026.67,14,19,0,RENT,car,1
APP109157,44,17594.26,7.0,2919.33,731.0,1041.57,14,3,1,RENT,credit_card,0
APP109158,49,47496.79,9.0,5072.69,,4749.44,11,8,3,MORTGAGE,business,1
APP109159,24,32491.23,14.0,7305.86,673.0,5677.83,2,1,2,MORTGAGE,credit_card,1
APP109160,54,25645.15,29.0,10938.26,736.0,8671.13,12,13,0,RENT,credit_card,0
APP109161,54,,34.0,10735.1,635.0,7234.15,0,5,0,RENT,debt_consolidation,1
APP109162,53,17406.4,29.0,6543.44,524.0,13024.67,6,18,0,MORTGAGE,car,1
APP109163,59,46268.97,25.0,13923.99,555.0,956.26,12,12,0,OWN,credit_card,0
APP109164,67,24263.49,10.0,6619.24,634.0,4072.54,13,28,2,RENT,debt_consolidation,0
APP109165,62,27781.45,37.0,9956.96,713.0,36446.65,14,23,1,RENT,debt_consolidation,1
APP109166,57,43191.22,39.0,5084.8,,11476.7,1,6,1,MORTGAGE,business,1
APP109167,69,31942.29,25.0,19019.13,744.0,1536.49,10,11,0,MORTGAGE,credit_card,0
APP109168,54,25531.63,31.0,10021.63,796.0,5273.82,1,12,0,RENT,debt_consolidation,0
APP109169,53,13430.46,12.0,14872.88,578.0,2126.16,8,0,2,MORTGAGE,home_improvement,1
APP109170,47,43639.28,17.0,4770.87,819.0,3479.94,5,21,1,RENT,business,0
APP109171,58,37778.54,,10989.05,519.0,24336.39,3,2,1,OWN,car,1
APP109172,24,28037.73,16.0,13952.31,797.0,10580.79,11,24,1,MORTGAGE,home_improvement,0
APP109173,45,21618.41,30.0,2903.52,647.0,1456.87,14,13,0,MORTGAGE,home_improvement,1
APP109174,41,36547.98,34.0,19947.48,631.0,2664.64,5,13,1,MORTGAGE,credit_card,1
APP109175,65,46176.94,37.0,4676.69,649.0,4917.97,10,0,0,RENT,credit_card,0
APP109176,24,38134.68,11.0,11232.2,586.0,3978.0,11,18,2,MORTGAGE,debt_consolidation,1
APP109177,52,82374.63,19.0,28929.63,770.0,6314.37,10,22,0,MORTGAGE,credit_card,0
APP109178,30,51657.32,15.0,17552.33,594.0,2645.22,4,12,1,MORTGAGE,debt_consolidation,0
APP109179,64,34418.81,20.0,4048.24,604.0,3666.61,13,7,1,RENT,debt_consolidation,1
APP109180,62,52529.98,29.0,8894.42,539.0,2620.7,10,29,2,MORTGAGE,home_improvement,1
APP109181,32,37209.94,12.0,20744.94,591.0,3662.5,13,14,2,MORTGAGE,credit_card,1
APP109182,63,37145.44,9.0,6062.85,593.0,8631.06,3,19,1,RENT,car,1
APP109183,45,69437.47,10.0,7975.04,588.0,6231.64,1,23,3,MORTGAGE,car,1
APP109184,68,23178.28,30.0,7842.17,635.0,2804.44,10,17,0,RENT,business,0
APP109185,56,36741.23,39.0,13933.11,560.0,12159.19,0,16,1,MORTGAGE,credit_card,1
APP109186,22,65831.58,,3935.55,777.0,11510.2,2,20,1,RENT,business,0
APP109187,30,42382.69,39.0,14409.83,637.0,4910.38,3,26,3,MORTGAGE,home_improvement,1
APP109188,40,30196.26,1.0,6811.18,679.0,3997.99,2,20,1,OWN,business,1
APP109189,31,15474.06,21.0,9830.04,718.0,20131.31,13,25,0,RENT,credit_card,0
APP109190,27,11670.58,5.0,8647.95,811.0,17774.77,13,8,0,MORTGAGE,home_improvement,0
APP109191,68,102548.44,38.0,14183.86,722.0,1462.69,8,5,0,RENT,debt_consolidation,0
APP109192,63,42372.55,30.0,9772.97,630.0,12777.42,10,3,3,MORTGAGE,car,1
APP109193,42,27118.28,14.0,23488.37,564.0,19516.8,9,0,1,OWN,car,1
APP109194,31,43248.96,27.0,17919.73,677.0,8310.81,13,13,2,RENT,home_improvement,1
APP109195,29,22610.35,33.0,6141.39,734.0,3382.81,5,25,2,MORTGAGE,debt_consolidation,0
APP109196,65,30773.2,8.0,22452.98,661.0,3727.35,10,1,0,MORTGAGE,credit_card,1
APP109197,37,22686.6,25.0,11987.79,655.0,19312.22,6,19,2,MORTGAGE,other,1
APP109198,21,17914.45,11.0,10959.15,667.0,9588.7,7,24,0,MORTGAGE,other,1
APP109199,40,12676.53,28.0,16463.9,500.0,7614.44,4,27,0,MORTGAGE,other,1
APP109200,43,16336.73,22.0,5299.2,661.0,31768.33,11,24,0,MORTGAGE,other,1
APP109201,51,60514.84,28.0,4325.73,708.0,2194.77,14,2,1,RENT,home_improvement,0
APP109202,37,22171.41,25.0,10046.35,646.0,4570.61,14,4,0,MORTGAGE,home_improvement,1
APP109203,66,47450.68,25.0,6878.93,739.0,5721.57,6,29,1,MORTGAGE,business,0
APP109204,52,58590.26,3.0,34345.67,742.0,4149.45,1,2,1,RENT,credit_card,0
APP109205,69,36617.8,34.0,6256.69,609.0,1127.44,12,29,0,OWN,credit_card,0
APP109206,38,31279.44,6.0,10139.04,685.0,10971.94,0,28,2,RENT,business,0
APP109207,52,38813.04,15.0,11105.31,653.0,2694.67,2,8,1,MORTGAGE,debt_consolidation,0
APP109208,38,29486.56,20.0,20718.13,487.0,2656.31,13,24,2,RENT,credit_card,1
APP109209,55,66300.63,33.0,5449.41,635.0,3687.71,4,1,1,MORTGAGE,business,0
APP109210,57,92806.03,25.0,3762.21,567.0,4088.02,8,3,2,RENT,car,1
APP109211,36,74974.69,7.0,22848.96,660.0,4459.52,2,11,0,MORTGAGE,credit_card,1
APP109212,66,12384.72,11.0,10387.01,704.0,10625.04,4,6,1,RENT,credit_card,0
APP109213,63,29187.23,7.0,16088.27,632.0,12519.93,4,13,3,RENT,credit_card,1
APP109214,64,36391.1,23.0,16547.96,577.0,3993.91,3,8,3,MORTGAGE,car,1
APP109215,31,45776.63,28.0,18361.39,668.0,3045.7,10,8,3,MORTGAGE,debt_consolidation,1
APP109216,56,15311.24,28.0,7889.45,845.0,4434.95,10,10,0,OWN,credit_card,0
APP109217,26,15188.26,30.0,6705.2,476.0,2404.43,2,1,2,RENT,debt_consolidation,1
APP109218,26,69800.39,28.0,2987.66,668.0,4804.51,14,20,0,RENT,car,0
APP109219,68,27458.76,36.0,5448.3,606.0,2305.61,8,26,0,MORTGAGE,other,0
APP109220,28,17262.59,36.0,10273.17,615.0,26951.05,10,12,0,RENT,debt_consolidation,0
APP109221,63,20914.12,10.0,6497.43,641.0,5444.35,0,6,1,RENT,credit_card,1
APP109222,42,44145.1,12.0,4991.34,622.0,3196.26,5,27,1,RENT,home_improvement,0
APP109223,35,24070.11,2.0,10201.12,698.0,8644.59,14,26,0,MORTGAGE,credit_card,1
APP109224,24,40978.91,10.0,22153.82,630.0,1834.18,12,13,1,RENT,debt_consolidation,1
APP109225,54,22262.0,20.0,9570.02,477.0,2781.52,0,7,3,RENT,debt_consolidation,1
APP109226,56,15182.52,26.0,5015.6,752.0,6898.32,10,22,0,RENT,credit_card,0
APP109227,43,74027.36,35.0,21236.04,740.0,5476.95,11,25,2,MORTGAGE,credit_card,0
APP109228,60,44315.73,23.0,6220.03,601.0,11373.11,2,0,1,RENT,debt_consolidation,1
APP109229,36,30733.99,38.0,24043.57,653.0,553.54,13,8,1,RENT,credit_card,1
APP109230,48,27982.07,22.0,8451.67,747.0,9456.91,2,25,1,OWN,home_improvement,0
APP109231,35,75542.46,34.0,10528.89,732.0,3182.14,14,3,3,MORTGAGE,other,1
APP109232,49,48813.64,32.0,25248.85,758.0,1927.15,0,7,2,OWN,credit_card,0
APP109233,27,64434.63,19.0,4398.86,679.0,1238.29,9,24,0,RENT,credit_card,0
APP109234,44,27123.44,34.0,5270.8,711.0,3150.96,3,24,0,MORTGAGE,debt_consolidation,0
APP109235,47,37247.25,34.0,8136.14,762.0,17535.5,9,8,2,MORTGAGE,car,0
APP109236,48,44404.65,12.0,9099.91,622.0,10671.03,11,26,3,MORTGAGE,debt_consolidation,1
APP109237,42,27583.29,8.0,48302.66,685.0,18169.4,8,9,1,MORTGAGE,business,1
APP109238,52,34621.63,4.0,5809.0,478.0,4486.99,11,6,1,RENT,debt_consolidation,1
APP109239,46,27124.56,36.0,4525.36,523.0,5353.08,11,12,4,MORTGAGE,debt_consolidation,1
APP109240,34,44334.99,17.0,5644.85,689.0,1389.33,4,17,1,RENT,home_improvement,1
APP109241,31,18756.64,22.0,11376.21,702.0,1389.13,13,18,0,RENT,home_improvement,1
APP109242,52,48338.57,10.0,13296.04,619.0,4371.05,1,7,3,RENT,home_improvement,1
APP109243,66,42419.21,15.0,6475.28,601.0,1634.44,7,19,1,OWN,debt_consolidation,0
APP109244,57,32805.31,16.0,10022.84,621.0,2475.58,11,0,3,OWN,car,1
APP109245,52,45467.75,23.0,31796.81,665.0,5087.87,10,2,1,RENT,debt_consolidation,0
APP109246,66,30258.42,7.0,10108.19,464.0,13600.65,4,7,1,OWN,other,1
APP109247,65,25976.16,31.0,11999.19,687.0,4953.63,14,28,0,MORTGAGE,credit_card,0
APP109248,45,47660.73,15.0,30742.24,652.0,1655.31,14,21,2,MORTGAGE,debt_consolidation,1
APP109249,26,48703.54,9.0,6510.58,669.0,1144.31,1,1,1,RENT,home_improvement,0
APP109250,52,28179.92,0.0,6260.12,640.0,5409.58,1,2,0,MORTGAGE,credit_card,1
APP109251,51,26996.81,4.0,7466.57,539.0,2971.24,8,25,0,OWN,debt_consolidation,1
APP109252,34,33140.56,10.0,7210.21,562.0,5393.37,2,15,0,RENT,debt_consolidation,1
APP109253,62,27556.6,29.0,3318.91,771.0,4174.13,1,21,0,RENT,car,0
APP109254,63,77851.59,34.0,10751.46,598.0,4645.46,12,9,0,OWN,car,0
APP109255,37,42541.61,38.0,11272.99,714.0,12852.1,6,8,1,MORTGAGE,credit_card,0
APP109256,44,36581.58,11.0,8852.76,563.0,11417.53,12,4,2,OWN,credit_card,1
APP109257,30,22779.98,25.0,11481.39,648.0,6601.66,10,17,3,OWN,credit_card,1
APP109258,29,52548.65,10.0,11554.91,614.0,2401.5,9,17,1,OWN,debt_consolidation,1
APP109259,33,26747.53,5.0,4493.15,627.0,3162.13,5,16,1,RENT,credit_card,1
APP109260,38,26202.93,21.0,11768.53,622.0,9050.71,11,27,0,MORTGAGE,credit_card,0
APP109261,34,53439.6,25.0,13837.08,765.0,13920.53,1,20,1,MORTGAGE,car,0
APP109262,28,44075.59,30.0,3796.14,804.0,1774.05,4,27,0,OWN,debt_consolidation,0
APP109263,42,10386.65,4.0,23810.21,,16680.94,12,22,3,OWN,debt_consolidation,1
APP109264,51,33560.82,29.0,4715.08,616.0,2633.85,10,3,1,OWN,home_improvement,1
APP109265,36,38667.7,12.0,4999.32,543.0,8391.97,3,15,0,MORTGAGE,debt_consolidation,1
APP109266,47,30644.3,11.0,11172.08,538.0,46205.17,12,29,0,RENT,credit_card,1
APP109267,34,39347.27,1.0,13640.78,765.0,1377.79,7,21,2,OWN,credit_card,0
APP109268,55,,8.0,15781.64,532.0,7362.56,11,3,0,OWN,debt_consolidation,1
APP109269,52,8817.47,19.0,13857.69,614.0,3823.19,2,5,2,OWN,credit_card,1
APP109270,68,22298.3,7.0,7245.81,662.0,7028.96,2,2,0,RENT,home_improvement,1
APP109271,23,41819.73,12.0,10563.26,441.0,2995.37,14,20,2,OWN,car,1
APP109272,62,7241.05,21.0,8184.5,549.0,676.16,13,13,2,OWN,credit_card,1
APP109273,37,23818.72,3.0,10987.96,542.0,2689.06,5,12,1,MORTGAGE,debt_consolidation,1
APP109274,24,13885.77,35.0,10312.11,596.0,6487.31,13,29,1,MORTGAGE,home_improvement,0
APP109275,54,32166.73,,7310.41,670.0,14463.34,12,28,0,MORTGAGE,credit_card,1
APP109276,29,96659.49,30.0,8035.86,732.0,6798.32,4,2,1,RENT,credit_card,0
APP109277,29,32578.64,25.0,3257.38,596.0,15965.83,5,25,1,MORTGAGE,business,1
APP109278,69,34415.03,30.0,16286.28,613.0,3311.81,7,28,3,OWN,credit_card,1
APP109279,31,55249.55,11.0,11831.66,,3103.15,5,0,1,MORTGAGE,business,0
APP109280,47,36704.45,6.0,2479.95,585.0,6466.96,4,27,3,RENT,debt_consolidation,1
APP109281,30,32614.23,5.0,15928.99,683.0,3640.93,3,22,2,OWN,home_improvement,0
APP109282,27,57717.92,9.0,9587.19,685.0,12064.27,9,8,1,RENT,credit_card,1
APP109283,21,45979.16,21.0,5641.51,432.0,1596.44,6,18,0,MORTGAGE,business,1
APP109284,21,41953.32,24.0,5349.43,701.0,9800.21,14,1,1,MORTGAGE,car,1
APP109285,44,33881.01,30.0,6548.99,660.0,12918.58,13,21,1,OWN,debt_consolidation,1
APP109286,42,30545.35,38.0,5659.47,670.0,6581.85,1,10,1,MORTGAGE,credit_card,1
APP109287,22,57445.13,33.0,6134.52,744.0,10200.37,9,7,1,OWN,business,0
APP109288,38,30692.35,14.0,27457.11,507.0,2923.82,9,23,3,MORTGAGE,home_improvement,1
APP109289,34,67213.3,18.0,12365.62,549.0,2527.2,0,23,4,MORTGAGE,business,1
APP109290,48,21513.3,38.0,33577.32,644.0,6514.33,11,10,1,RENT,credit_card,0
APP109291,69,74376.25,28.0,11332.65,464.0,2757.89,8,4,0,OWN,car,1
APP109292,54,45982.68,16.0,14010.46,633.0,6250.45,12,22,2,MORTGAGE,debt_consolidation,1
APP109293,66,22375.74,33.0,5834.69,717.0,6255.89,7,26,1,RENT,business,0
APP109294,30,46839.84,5.0,8947.98,681.0,4656.76,6,26,2,RENT,credit_card,0
APP109295,31,26234.97,26.0,9423.78,656.0,6160.04,10,13,1,OWN,debt_consolidation,0
APP109296,57,36927.58,37.0,14357.9,631.0,8166.17,11,15,4,RENT,debt_consolidation,1
APP109297,36,28472.28,21.0,9607.6,615.0,4536.81,11,3,1,RENT,credit_card,0
APP109298,62,33980.56,24.0,12219.6,611.0,3356.0,7,9,1,MORTGAGE,credit_card,1
APP109299,43,58146.18,2.0,11959.92,668.0,9491.28,8,21,0,MORTGAGE,car,0
APP109300,30,47063.63,24.0,8252.61,525.0,6115.73,14,22,1,MORTGAGE,home_improvement,0
APP109301,62,20688.17,11.0,7758.82,767.0,7050.55,13,11,4,MORTGAGE,car,1
APP109302,47,21289.13,39.0,6624.99,590.0,7832.7,5,27,3,RENT,car,1
APP109303,60,41580.55,12.0,18946.65,694.0,5534.96,9,7,0,MORTGAGE,home_improvement,0
APP109304,43,43113.59,12.0,8254.72,656.0,3731.78,2,21,1,RENT,debt_consolidation,0
APP109305,27,25920.19,15.0,12056.25,557.0,3000.48,5,20,2,MORTGAGE,home_improvement,1
APP109306,54,80471.45,27.0,9009.79,753.0,4579.02,8,17,0,RENT,credit_card,0
APP109307,27,54543.15,38.0,18724.17,736.0,7225.72,5,10,0,RENT,debt_consolidation,0
APP109308,53,26561.33,13.0,3002.34,,7500.53,13,21,0,MORTGAGE,credit_card,1
APP109309,41,25307.91,8.0,11870.15,644.0,5514.42,12,6,0,RENT,car,1
APP109310,59,32405.82,30.0,4661.32,666.0,6514.29,0,24,0,MORTGAGE,credit_card,0
APP109311,63,30763.15,21.0,12511.72,484.0,2031.01,3,18,1,MORTGAGE,credit_card,1
APP109312,40,68055.49,18.0,9064.06,480.0,3389.61,2,12,1,OWN,debt_consolidation,1
APP109313,64,59412.59,39.0,4076.46,583.0,8406.19,2,10,0,RENT,home_improvement,0
APP109314,26,36957.9,19.0,12119.66,544.0,2523.09,8,3,3,MORTGAGE,debt_consolidation,1
APP109315,26,50967.98,24.0,11322.07,566.0,5502.85,11,1,0,OWN,home_improvement,1
APP109316,69,54802.31,39.0,8615.06,,5121.76,10,9,0,MORTGAGE,debt_consolidation,1
APP109317,49,37388.95,8.0,9295.27,640.0,4486.85,6,6,0,MORTGAGE,credit_card,1
APP109318,43,44413.97,36.0,10904.24,578.0,8459.41,6,20,1,RENT,car,1
APP109319,28,48878.54,38.0,20069.01,739.0,5894.36,3,13,1,RENT,debt_consolidation,0
APP109320,35,46341.95,18.0,8196.02,664.0,1885.65,12,4,1,MORTGAGE,debt_consolidation,1
APP109321,54,24602.37,13.0,18175.31,713.0,7427.36,12,17,4,RENT,other,1
APP109322,61,25877.91,6.0,9677.22,514.0,3275.78,5,19,4,MORTGAGE,debt_consolidation,1
APP109323,65,31435.8,1.0,21535.13,599.0,1650.6,2,14,1,OWN,car,1
APP109324,40,25505.97,39.0,8594.82,660.0,8899.98,7,19,0,OWN,credit_card,0
APP109325,43,17386.51,17.0,6635.61,686.0,1903.27,10,27,1,MORTGAGE,debt_consolidation,0
APP109326,29,50918.21,26.0,5122.48,598.0,3700.62,4,17,1,OWN,car,1
APP109327,25,43183.08,9.0,9698.35,609.0,6215.5,5,10,0,RENT,car,1
APP109328,42,18588.84,12.0,6149.32,618.0,4634.84,2,18,1,OWN,credit_card,1
APP109329,49,32194.2,32.0,22987.2,626.0,2982.66,10,26,1,OWN,debt_consolidation,1
APP109330,26,33118.82,26.0,5868.02,823.0,2219.47,13,19,2,RENT,business,0
APP109331,41,39774.14,8.0,6541.92,675.0,2675.61,11,14,3,OWN,business,0
APP109332,52,21142.46,0.0,14025.75,653.0,2075.69,12,3,0,OWN,home_improvement,1
APP109333,60,18453.38,32.0,20160.39,549.0,4441.78,2,20,1,RENT,debt_consolidation,1
APP109334,66,47092.18,3.0,15346.26,551.0,3177.04,13,23,2,OWN,other,1
APP109335,37,16865.39,1.0,18680.04,632.0,1631.07,12,16,1,MORTGAGE,credit_card,0
APP109336,40,32327.33,12.0,9432.07,740.0,3899.59,4,18,1,MORTGAGE,business,0
APP109337,63,30852.14,37.0,9512.15,634.0,2937.83,9,3,2,RENT,debt_consolidation,1
APP109338,54,34144.54,25.0,33092.26,,6090.5,1,29,3,OWN,business,1
APP109339,34,41206.81,1.0,27286.88,590.0,6566.2,12,12,0,OWN,car,0
APP109340,54,80763.9,36.0,15191.96,510.0,14379.71,0,26,2,RENT,credit_card,1
APP109341,28,16321.75,37.0,19224.94,684.0,8252.12,0,20,3,MORTGAGE,debt_consolidation,0
APP109342,43,56291.05,27.0,16566.2,629.0,2057.82,9,21,1,MORTGAGE,credit_card,0
APP109343,36,10341.51,2.0,4800.21,685.0,863.98,11,8,1,OWN,business,1
APP109344,69,72900.85,0.0,9664.44,662.0,1458.27,12,7,1,RENT,home_improvement,0
APP109345,22,13076.41,34.0,24295.94,572.0,3287.8,14,9,0,RENT,debt_consolidation,1
APP109346,62,122785.88,32.0,15248.0,668.0,1357.81,0,8,2,RENT,home_improvement,0
APP109347,34,29885.12,33.0,9526.63,546.0,3002.21,10,21,1,RENT,business,1
APP109348,22,69230.14,19.0,24471.26,667.0,5043.25,4,4,0,MORTGAGE,credit_card,0
APP109349,53,62447.28,23.0,12352.1,644.0,3132.1,13,22,0,MORTGAGE,debt_consolidation,0
APP109350,54,29195.08,6.0,15573.84,773.0,6142.57,4,4,0,MORTGAGE,car,0
APP109351,27,30337.06,1.0,12390.92,580.0,3020.56,6,16,1,RENT,credit_card,0
APP109352,22,23894.9,8.0,13693.78,543.0,2671.6,4,8,0,OWN,home_improvement,1
APP109353,26,53835.32,24.0,14294.09,616.0,19271.95,10,22,2,MORTGAGE,business,1
APP109354,41,29385.77,,21586.09,698.0,4786.59,13,8,0,RENT,credit_card,0
APP109355,27,24113.04,24.0,23341.17,426.0,5375.54,8,25,3,OWN,car,1
APP109356,55,47507.27,17.0,7550.32,720.0,9656.58,5,26,0,RENT,business,0
APP109357,24,23188.5,22.0,12250.31,633.0,9913.38,5,15,0,MORTGAGE,home_improvement,0
APP109358,59,30807.36,38.0,21218.0,558.0,3667.04,10,0,1,OWN,home_improvement,1
APP109359,63,38313.32,25.0,9145.93,620.0,11347.67,9,20,0,OWN,credit_card,1
APP109360,56,26338.45,38.0,4512.75,590.0,3432.02,3,20,3,OWN,debt_consolidation,1
APP109361,67,28402.31,38.0,5737.68,551.0,11081.1,5,0,0,OWN,debt_consolidation,0
APP109362,67,78236.5,24.0,5980.46,494.0,1831.61,14,16,3,MORTGAGE,credit_card,1
APP109363,23,32790.12,39.0,7518.28,708.0,3845.3,14,0,0,RENT,debt_consolidation,0
APP109364,37,30338.92,9.0,6324.99,605.0,5872.76,5,7,1,OWN,debt_consolidation,1
APP109365,58,33270.87,20.0,18351.45,,6559.27,11,18,3,OWN,business,1
APP109366,37,45580.15,2.0,8382.53,717.0,2502.68,1,13,1,OWN,home_improvement,0
APP109367,57,21656.66,3.0,21092.25,,1314.21,13,19,1,OWN,business,0
APP109368,58,44963.56,5.0,5023.21,525.0,7102.81,4,12,1,OWN,credit_card,1
APP109369,69,41270.78,5.0,8006.48,703.0,4165.71,9,8,0,MORTGAGE,home_improvement,0
APP109370,37,14848.77,16.0,10536.14,768.0,3595.36,9,2,0,RENT,home_improvement,0
APP109371,38,89065.54,28.0,16097.14,690.0,18462.96,12,18,0,OWN,business,0
APP109372,22,75388.26,39.0,19656.75,580.0,3887.77,14,16,0,MORTGAGE,debt_consolidation,0
APP109373,34,24336.16,39.0,7165.33,532.0,3250.15,5,3,2,OWN,credit_card,1
APP109374,34,20718.59,7.0,17962.67,577.0,1164.32,8,3,0,RENT,car,1
APP109375,43,40701.72,17.0,3607.84,658.0,2066.8,9,23,0,RENT,car,0
APP109376,41,17802.04,17.0,16693.9,764.0,9903.62,8,24,3,OWN,debt_consolidation,1
APP109377,62,71836.03,3.0,4426.48,589.0,2750.84,5,10,1,OWN,home_improvement,1
APP109378,58,28732.18,1.0,12938.81,598.0,8125.86,5,29,3,MORTGAGE,debt_consolidation,1
APP109379,56,81707.7,14.0,19487.18,731.0,1747.6,8,17,0,RENT,car,0
APP109380,21,24047.79,34.0,16853.91,615.0,2451.96,14,16,1,RENT,car,0
APP109381,44,34334.26,15.0,3701.5,787.0,2402.42,1,29,1,MORTGAGE,home_improvement,0
APP109382,56,,15.0,7567.82,638.0,7196.94,3,18,2,RENT,home_improvement,0
APP109383,32,30895.95,39.0,15216.87,743.0,4148.38,11,15,1,RENT,business,0
APP109384,41,41607.92,,14957.63,680.0,2021.29,8,3,2,RENT,debt_consolidation,0
APP109385,56,62713.33,27.0,11679.13,706.0,8704.42,6,15,2,MORTGAGE,home_improvement,0
APP109386,59,27500.96,39.0,2641.32,635.0,7298.61,5,9,1,RENT,debt_consolidation,1
APP109387,62,19324.53,4.0,20309.2,641.0,6453.29,14,3,0,RENT,other,1
APP109388,42,17512.05,20.0,22601.15,683.0,6224.17,13,15,0,MORTGAGE,credit_card,0
APP109389,40,48616.41,13.0,10918.83,713.0,2482.02,12,1,0,MORTGAGE,debt_consolidation,0
APP109390,39,44107.68,4.0,11351.97,692.0,13451.74,4,27,4,RENT,debt_consolidation,1
APP109391,53,61748.91,1.0,13384.28,508.0,4533.14,9,27,3,OWN,debt_consolidation,1
APP109392,41,31665.33,25.0,23772.05,670.0,6090.02,14,21,3,RENT,other,1
APP109393,40,17758.71,26.0,11502.65,597.0,6676.41,3,25,2,RENT,car,1
APP109394,29,11199.49,22.0,8824.57,606.0,2307.87,3,24,1,MORTGAGE,business,1
APP109395,44,152356.93,26.0,12442.98,686.0,22406.65,9,24,1,OWN,credit_card,0
APP109396,32,47261.98,28.0,9831.37,785.0,4809.49,2,3,2,RENT,credit_card,0
APP109397,46,38886.25,2.0,9898.61,631.0,5047.85,11,29,1,RENT,car,1
APP109398,64,41744.37,1.0,3430.58,807.0,3533.29,12,7,1,MORTGAGE,home_improvement,0
APP109399,59,17753.37,13.0,13544.0,562.0,12332.31,7,2,2,RENT,other,1
APP109400,44,24405.51,22.0,19987.71,748.0,12755.74,14,26,0,RENT,debt_consolidation,0
APP109401,68,86826.32,36.0,18255.54,684.0,5578.27,8,22,0,MORTGAGE,home_improvement,0
APP109402,69,50471.98,39.0,17511.18,666.0,1521.33,6,17,3,OWN,home_improvement,0
APP109403,42,24790.14,33.0,9587.34,760.0,4308.86,13,3,2,RENT,car,0
APP109404,58,19664.93,11.0,10801.13,599.0,4665.77,9,9,0,MORTGAGE,other,1
APP109405,37,28061.48,,20228.38,752.0,3424.41,2,19,1,MORTGAGE,business,0
APP109406,64,31016.81,4.0,16654.11,633.0,2237.99,12,21,1,RENT,car,1
APP109407,39,101171.56,19.0,24144.54,598.0,1417.44,7,21,2,MORTGAGE,credit_card,0
APP109408,33,33052.96,3.0,6610.21,543.0,15945.22,5,7,1,MORTGAGE,credit_card,1
APP109409,27,20034.76,39.0,6585.51,776.0,8895.29,12,20,1,OWN,home_improvement,0
APP109410,62,35266.85,18.0,8106.8,741.0,5052.11,11,3,2,OWN,credit_card,0
APP109411,35,41446.94,28.0,5620.53,611.0,2922.46,5,7,1,RENT,car,1
APP109412,60,19143.66,4.0,4478.87,693.0,6555.69,14,0,0,RENT,business,0
APP109413,25,44403.91,38.0,13110.68,660.0,5786.62,13,26,0,OWN,home_improvement,0
APP109414,45,66466.81,20.0,12585.87,621.0,3565.57,2,11,2,RENT,home_improvement,1
APP109415,41,38922.81,2.0,11472.81,727.0,6712.66,8,16,1,OWN,home_improvement,0
APP109416,42,24378.76,14.0,12237.34,599.0,7404.98,9,0,1,RENT,home_improvement,1
APP109417,29,27877.21,8.0,4112.44,474.0,8517.56,6,27,0,RENT,credit_card,1
APP109418,24,15844.57,2.0,7420.25,670.0,2415.09,7,11,1,OWN,car,1
APP109419,37,33964.88,1.0,8299.24,655.0,6939.65,14,13,1,MORTGAGE,debt_consolidation,1
APP109420,44,42420.63,,10189.4,602.0,12607.61,8,10,1,OWN,car,1
APP109421,59,23194.81,34.0,4122.2,578.0,6229.77,2,10,2,RENT,debt_consolidation,1
APP109422,43,95783.92,26.0,5672.16,525.0,28755.03,12,9,0,MORTGAGE,car,1
APP109423,33,53967.63,27.0,7616.81,620.0,4254.3,5,26,1,MORTGAGE,home_improvement,1
APP109424,33,14818.2,1.0,18675.56,579.0,1243.67,2,2,1,MORTGAGE,credit_card,1
APP109425,50,14970.98,7.0,11581.01,727.0,2492.11,3,24,1,MORTGAGE,credit_card,0
APP109426,42,22203.12,1.0,18268.61,691.0,2877.16,12,7,1,RENT,debt_consolidation,0
APP109427,65,79745.27,38.0,9196.16,611.0,7683.76,14,2,0,MORTGAGE,credit_card,0
APP109428,42,56696.11,29.0,9903.0,691.0,9561.17,2,26,0,RENT,debt_consolidation,0
APP109429,48,81785.57,38.0,13352.32,641.0,5480.13,2,13,2,OWN,credit_card,0
APP109430,24,36501.35,36.0,8898.82,628.0,6210.99,14,27,2,RENT,credit_card,0
APP109431,30,32704.09,8.0,6803.31,645.0,22744.08,1,2,3,MORTGAGE,debt_consolidation,1
APP109432,62,19462.51,20.0,4048.61,791.0,2527.86,8,2,0,RENT,debt_consolidation,0
APP109433,37,43253.87,25.0,6913.63,701.0,4636.43,3,26,0,RENT,car,0
APP109434,41,32922.64,29.0,16345.57,626.0,3422.28,2,7,1,RENT,car,0
APP109435,49,32294.88,26.0,21086.84,721.0,1921.58,9,14,2,MORTGAGE,business,0
APP109436,23,81554.39,,6223.61,718.0,972.69,2,4,1,OWN,debt_consolidation,0
APP109437,45,34092.31,0.0,3497.34,670.0,13866.21,3,7,2,RENT,debt_consolidation,1
APP109438,37,70649.81,37.0,17256.89,623.0,2666.82,9,17,1,OWN,debt_consolidation,1
APP109439,28,16415.19,27.0,10317.32,618.0,4022.61,4,2,1,OWN,debt_consolidation,1
APP109440,41,139254.17,33.0,4410.63,563.0,6935.95,14,23,0,RENT,home_improvement,0
APP109441,42,30132.66,8.0,1530.77,664.0,1896.95,8,8,0,RENT,home_improvement,0
APP109442,30,51719.6,4.0,5552.22,601.0,2521.15,1,27,1,RENT,debt_consolidation,0
APP109443,47,56001.65,36.0,7496.81,615.0,4830.01,9,10,1,RENT,car,1
APP109444,57,28319.95,32.0,4959.25,699.0,3461.22,9,21,2,RENT,debt_consolidation,0
APP109445,34,54694.31,33.0,14990.08,784.0,1770.97,8,29,2,OWN,car,0
APP109446,68,56134.26,17.0,6078.17,679.0,7988.43,14,19,2,MORTGAGE,credit_card,0
APP109447,51,25423.46,36.0,9971.05,641.0,3390.09,9,29,1,RENT,credit_card,0
APP109448,58,25574.47,8.0,41113.57,648.0,5482.96,11,21,1,RENT,business,1
APP109449,24,37147.56,30.0,10619.81,741.0,5143.79,10,13,1,RENT,car,1
APP109450,58,34277.79,19.0,9234.38,681.0,10675.33,3,29,1,RENT,debt_consolidation,0
APP109451,37,72879.67,6.0,9360.4,665.0,6518.86,13,27,1,MORTGAGE,credit_card,0
APP109452,55,51602.95,28.0,14785.6,671.0,2464.94,10,27,3,OWN,debt_consolidation,0
APP109453,60,35059.02,14.0,13726.05,535.0,12453.6,10,23,2,OWN,credit_card,1
APP109454,33,49170.0,6.0,5420.09,681.0,3365.65,1,2,1,OWN,debt_consolidation,0
APP109455,33,13051.7,28.0,7733.43,579.0,2562.95,10,23,0,OWN,debt_consolidation,0
APP109456,23,26698.02,30.0,6631.61,681.0,2276.47,1,6,0,MORTGAGE,business,0
APP109457,50,41936.44,12.0,8353.32,591.0,753.85,5,8,2,OWN,business,1
APP109458,58,63429.4,38.0,29613.11,697.0,3020.62,8,23,2,OWN,credit_card,0
APP109459,41,40130.21,28.0,14335.13,637.0,6750.19,14,22,1,MORTGAGE,credit_card,1
APP109460,28,75291.27,0.0,9434.63,558.0,1653.26,2,2,2,MORTGAGE,home_improvement,1
APP109461,36,56048.35,13.0,20883.6,626.0,19281.11,12,29,0,RENT,debt_consolidation,0
APP109462,40,28448.06,38.0,11082.06,826.0,818.49,8,20,1,MORTGAGE,car,0
APP109463,65,33859.83,7.0,3704.0,468.0,2626.6,8,25,0,MORTGAGE,debt_consolidation,1
APP109464,27,44543.02,38.0,26859.61,663.0,1495.13,13,27,2,MORTGAGE,credit_card,0
APP109465,37,29018.31,20.0,9010.63,,10244.11,6,16,0,MORTGAGE,debt_consolidation,0
APP109466,52,78092.17,27.0,2556.47,760.0,8283.3,2,9,3,MORTGAGE,debt_consolidation,1
APP109467,32,20861.01,27.0,3790.39,715.0,3972.57,0,0,2,MORTGAGE,home_improvement,1
APP109468,64,42533.75,20.0,19469.63,664.0,1575.9,5,21,1,MORTGAGE,other,0
APP109469,65,52455.65,20.0,3827.47,723.0,1884.14,14,11,3,OWN,debt_consolidation,0
APP109470,39,31047.59,22.0,22237.49,669.0,6002.85,3,12,1,RENT,debt_consolidation,0
APP109471,57,27739.16,25.0,10390.31,650.0,2861.46,2,19,2,OWN,credit_card,1
APP109472,58,34959.98,29.0,15189.15,602.0,3134.94,0,12,0,RENT,home_improvement,0
APP109473,54,54502.36,17.0,8483.82,621.0,4633.17,7,4,0,MORTGAGE,credit_card,0
APP109474,30,28284.69,17.0,13548.33,612.0,3533.13,5,26,0,RENT,debt_consolidation,0
APP109475,23,21280.35,31.0,11967.39,650.0,1212.3,5,12,1,OWN,business,0
APP109476,38,64556.26,30.0,9670.95,498.0,1694.74,8,21,3,OWN,home_improvement,1
APP109477,27,44340.26,25.0,5222.53,732.0,1727.89,4,21,2,MORTGAGE,business,0
APP109478,35,60109.83,18.0,12272.51,805.0,2746.18,0,7,1,RENT,home_improvement,0
APP109479,52,53085.86,22.0,3326.86,615.0,5282.08,6,26,0,OWN,credit_card,0
APP109480,49,108006.28,22.0,17307.6,743.0,5110.87,11,29,4,MORTGAGE,credit_card,0
APP109481,31,63416.92,17.0,11138.88,639.0,12698.98,8,21,2,RENT,home_improvement,0
APP109482,21,25284.84,7.0,13075.79,601.0,1594.6,14,25,2,OWN,debt_consolidation,1
APP109483,32,45941.95,21.0,2058.75,619.0,6280.05,0,18,1,OWN,debt_consolidation,1
APP109484,43,27481.15,17.0,5036.97,656.0,2619.44,0,9,1,MORTGAGE,business,0
APP109485,59,28938.75,2.0,7306.65,592.0,23870.9,2,6,1,OWN,other,1
APP109486,38,17921.38,38.0,14827.03,698.0,4515.53,0,28,0,OWN,credit_card,0
APP109487,35,31474.83,26.0,5621.27,608.0,3136.05,9,20,2,OWN,home_improvement,0
APP109488,48,47691.91,4.0,45651.98,564.0,6120.76,9,14,2,MORTGAGE,car,1
APP109489,24,35136.27,8.0,8450.77,648.0,5754.0,11,25,2,MORTGAGE,business,0
APP109490,32,20958.84,22.0,5379.78,594.0,3626.58,3,16,2,RENT,debt_consolidation,1
APP109491,22,16957.92,34.0,8847.5,623.0,7904.18,10,13,0,MORTGAGE,home_improvement,0
APP109492,46,104393.53,19.0,5593.9,645.0,16453.69,2,1,0,MORTGAGE,home_improvement,0
APP109493,42,42726.75,32.0,4862.92,542.0,10244.92,14,26,0,MORTGAGE,debt_consolidation,1
APP109494,49,24051.81,5.0,18152.94,766.0,4362.86,3,2,1,OWN,business,0
APP109495,51,45747.47,21.0,13466.28,715.0,20360.07,0,10,3,MORTGAGE,home_improvement,0
APP109496,40,108509.5,33.0,13489.77,599.0,7227.77,2,18,1,MORTGAGE,credit_card,0
APP109497,63,49524.92,33.0,21291.26,648.0,2042.28,7,18,0,RENT,debt_consolidation,0
APP109498,65,9013.39,9.0,13253.32,700.0,5135.48,10,19,2,RENT,credit_card,0
APP109499,26,136782.29,26.0,5216.36,666.0,4132.33,6,25,2,OWN,car,0
APP109500,66,14405.66,1.0,15141.37,800.0,3187.16,4,15,3,MORTGAGE,business,0
APP109501,30,32761.0,5.0,5034.29,630.0,6320.14,2,26,0,MORTGAGE,other,1
APP109502,33,20605.18,36.0,7429.22,745.0,1093.12,1,17,1,RENT,debt_consolidation,0
APP109503,46,25084.34,29.0,9629.33,543.0,17720.85,13,14,1,MORTGAGE,car,1
APP109504,22,41864.98,8.0,9060.61,555.0,8018.85,11,11,2,RENT,car,1
APP109505,38,12893.62,39.0,3378.85,784.0,1126.52,2,13,1,RENT,car,0
APP109506,30,34713.27,39.0,5538.27,615.0,7943.17,2,14,0,RENT,credit_card,0
APP109507,44,64451.69,1.0,9764.36,556.0,7006.64,7,28,0,MORTGAGE,credit_card,1
APP109508,60,23822.36,1.0,6860.86,646.0,15870.85,5,4,1,OWN,car,1
APP109509,66,18121.56,9.0,19452.96,751.0,19520.75,2,13,1,OWN,debt_consolidation,1
APP109510,31,33872.12,31.0,21557.77,588.0,22337.61,6,3,2,MORTGAGE,home_improvement,1
APP109511,47,30663.53,23.0,5053.16,646.0,3935.4,6,0,0,MORTGAGE,home_improvement,0
APP109512,44,26967.46,20.0,10258.41,501.0,7575.33,8,13,3,OWN,credit_card,1
APP109513,41,,16.0,25581.65,612.0,3346.58,11,14,0,RENT,business,0
APP109514,52,47079.47,19.0,9131.35,729.0,10750.88,4,8,1,OWN,car,0
APP109515,69,48904.85,25.0,7752.82,587.0,872.05,10,18,0,MORTGAGE,business,1
APP109516,40,21315.22,2.0,16582.99,548.0,1771.67,10,0,0,MORTGAGE,car,1
APP109517,24,22842.39,23.0,8395.73,587.0,3473.44,10,22,1,MORTGAGE,home_improvement,1
APP109518,65,38880.42,8.0,21216.24,601.0,4683.64,13,12,1,RENT,other,1
APP109519,66,22415.64,31.0,6926.79,711.0,5601.45,3,2,3,MORTGAGE,credit_card,1
APP109520,36,39708.91,7.0,7444.62,680.0,13622.56,11,27,5,RENT,other,1
APP109521,45,75661.39,2.0,15900.31,695.0,2921.76,0,17,0,MORTGAGE,debt_consolidation,1
APP109522,63,35245.34,17.0,10512.56,652.0,1748.09,5,14,2,RENT,debt_consolidation,1
APP109523,45,19795.14,17.0,10562.27,600.0,3604.59,10,18,1,OWN,business,0
APP109524,44,44181.07,20.0,3147.62,587.0,3026.47,13,16,1,MORTGAGE,business,1
APP109525,66,33228.81,34.0,8006.04,684.0,7650.82,1,20,3,MORTGAGE,debt_consolidation,0
APP109526,61,33688.83,27.0,16621.0,777.0,16647.27,10,21,0,MORTGAGE,credit_card,0
APP109527,45,46058.22,14.0,6184.33,574.0,15490.87,5,8,3,MORTGAGE,debt_consolidation,0
APP109528,28,51303.73,29.0,15069.09,568.0,11749.36,8,19,1,OWN,debt_consolidation,1
APP109529,42,36965.9,20.0,11623.61,559.0,3116.16,12,22,2,MORTGAGE,credit_card,1
APP109530,54,35230.23,8.0,8779.47,716.0,4318.25,12,4,3,OWN,debt_consolidation,1
APP109531,34,101902.4,0.0,22351.59,646.0,6902.84,6,23,0,MORTGAGE,debt_consolidation,0
APP109532,47,66189.49,0.0,8071.49,694.0,2653.14,13,10,3,OWN,credit_card,1
APP109533,53,55092.73,8.0,8416.18,609.0,2858.43,6,4,2,MORTGAGE,car,1
APP109534,25,38777.79,32.0,8719.51,699.0,6631.45,3,21,1,RENT,business,0
APP109535,48,21963.3,18.0,10387.05,626.0,1649.87,14,23,2,MORTGAGE,debt_consolidation,0
APP109536,57,63811.79,18.0,15680.52,526.0,11779.12,5,16,0,MORTGAGE,business,1
APP109537,31,39032.39,15.0,4090.68,723.0,3564.51,13,18,1,MORTGAGE,debt_consolidation,0
APP109538,47,27212.06,10.0,16661.02,647.0,7573.74,13,13,1,OWN,debt_consolidation,1
APP109539,55,32158.43,28.0,10309.89,625.0,5799.06,1,13,1,OWN,home_improvement,1
APP109540,23,22402.07,0.0,13799.96,672.0,13404.58,10,9,0,MORTGAGE,business,1
APP109541,52,61615.24,24.0,41569.01,534.0,895.56,13,23,2,MORTGAGE,business,1
APP109542,33,51098.91,37.0,7280.86,684.0,13471.79,3,14,1,RENT,car,0
APP109543,40,39767.94,35.0,4746.67,602.0,13233.23,7,3,4,MORTGAGE,credit_card,1
APP109544,52,35546.86,14.0,11117.54,637.0,6154.76,14,7,0,MORTGAGE,business,1
APP109545,21,25839.65,34.0,12225.76,741.0,7458.03,11,10,3,MORTGAGE,debt_consolidation,1
APP109546,21,12518.51,9.0,16696.69,701.0,7919.64,5,22,1,MORTGAGE,debt_consolidation,0
APP109547,42,17917.56,9.0,7165.08,635.0,2390.19,5,26,0,RENT,home_improvement,0
APP109548,67,25051.21,13.0,6014.54,641.0,5132.32,1,4,1,RENT,debt_consolidation,0
APP109549,21,23237.36,0.0,3945.05,445.0,10016.74,14,4,2,MORTGAGE,other,1
APP109550,59,41968.74,10.0,4356.85,584.0,1176.04,13,15,2,OWN,credit_card,1
APP109551,24,54488.6,34.0,7711.15,663.0,7164.01,11,27,0,RENT,debt_consolidation,0
APP109552,44,34056.64,30.0,9228.47,588.0,5269.3,6,8,2,MORTGAGE,other,1
APP109553,42,73457.22,13.0,34169.22,543.0,8118.33,6,18,6,RENT,credit_card,1
APP109554,43,24552.06,12.0,3584.77,688.0,1776.62,5,21,0,RENT,debt_consolidation,0
APP109555,25,33935.99,13.0,12103.39,754.0,2711.01,5,0,1,MORTGAGE,debt_consolidation,0
APP109556,57,35401.39,4.0,6402.47,592.0,1608.55,0,10,2,MORTGAGE,business,1
APP109557,34,62698.52,6.0,11313.14,720.0,1594.78,3,4,0,MORTGAGE,car,1
APP109558,58,38289.98,39.0,7101.48,707.0,9554.09,9,29,1,MORTGAGE,car,0
APP109559,53,38823.63,27.0,18420.71,571.0,3068.35,4,1,1,MORTGAGE,credit_card,1
APP109560,48,15876.23,27.0,18352.37,591.0,2893.15,2,3,2,MORTGAGE,home_improvement,1
APP109561,36,23156.87,11.0,9247.79,794.0,11760.42,6,23,0,OWN,home_improvement,0
APP109562,52,62816.69,34.0,23469.74,560.0,3733.9,12,4,0,MORTGAGE,other,0
APP109563,69,12865.81,7.0,15616.22,601.0,10625.17,5,7,3,MORTGAGE,home_improvement,1
APP109564,66,71075.38,38.0,22823.26,807.0,2122.81,11,16,1,OWN,debt_consolidation,0
APP109565,65,46622.21,20.0,9644.25,604.0,3725.62,9,17,0,RENT,debt_consolidation,0
APP109566,31,24990.21,13.0,17519.67,758.0,2381.44,4,29,0,MORTGAGE,debt_consolidation,0
APP109567,49,23956.03,30.0,6241.91,568.0,7618.34,9,25,2,MORTGAGE,debt_consolidation,1
APP109568,40,93711.64,16.0,5873.49,661.0,4164.97,7,25,0,MORTGAGE,debt_consolidation,0
APP109569,68,73548.69,10.0,36603.36,736.0,8821.07,2,27,1,MORTGAGE,credit_card,0
APP109570,67,34210.22,27.0,5158.89,612.0,5554.06,6,16,0,OWN,debt_consolidation,0
APP109571,63,38843.49,28.0,7618.51,657.0,1036.11,3,25,2,MORTGAGE,debt_consolidation,1
APP109572,28,26289.09,24.0,3169.08,709.0,3978.82,8,21,0,RENT,debt_consolidation,0
APP109573,36,38847.23,18.0,5957.95,577.0,1438.93,0,15,2,RENT,credit_card,1
APP109574,55,25927.21,13.0,5450.48,829.0,6484.71,1,28,3,OWN,debt_consolidation,0
APP109575,57,34916.98,16.0,6619.83,733.0,7662.9,5,4,0,RENT,credit_card,0
APP109576,38,89784.24,34.0,11848.19,621.0,8325.9,7,11,0,OWN,home_improvement,0
APP109577,27,34620.21,14.0,13692.74,631.0,4454.69,7,10,0,RENT,debt_consolidation,0
APP109578,27,21503.89,38.0,5409.51,802.0,1331.84,1,16,2,MORTGAGE,business,0
APP109579,54,18339.53,5.0,6162.27,621.0,5811.92,1,10,0,MORTGAGE,other,1
APP109580,43,38698.61,6.0,18960.37,612.0,6807.06,1,12,2,MORTGAGE,business,1
APP109581,45,24823.66,13.0,27533.97,741.0,4246.98,1,29,0,RENT,business,0
APP109582,60,41081.02,0.0,21026.74,537.0,5262.65,12,22,0,RENT,debt_consolidation,1
APP109583,21,16159.26,35.0,3685.65,643.0,1085.35,4,24,1,MORTGAGE,credit_card,0
APP109584,57,51283.54,13.0,20204.17,656.0,5182.2,11,10,2,RENT,debt_consolidation,1
APP109585,34,21373.72,4.0,30097.98,593.0,4506.57,7,9,1,MORTGAGE,debt_consolidation,1
APP109586,66,,24.0,3577.54,524.0,1862.76,14,15,3,MORTGAGE,home_improvement,1
APP109587,67,30664.12,38.0,18951.16,655.0,7499.69,14,12,0,MORTGAGE,car,1
APP109588,45,85750.27,39.0,11329.1,705.0,3309.61,9,19,3,MORTGAGE,business,0
APP109589,36,39566.76,4.0,8133.26,595.0,5903.47,13,8,1,OWN,debt_consolidation,1
APP109590,32,96060.74,31.0,10548.19,555.0,7262.16,6,4,0,RENT,credit_card,0
APP109591,29,48067.96,14.0,12912.57,750.0,6393.52,5,12,0,RENT,car,0
APP109592,69,74065.34,33.0,19822.07,692.0,1681.38,1,24,0,RENT,car,0
APP109593,30,32715.39,24.0,19218.12,621.0,3614.53,8,2,2,RENT,business,1
APP109594,42,43163.54,29.0,4007.18,723.0,26999.37,9,2,0,RENT,debt_consolidation,1
APP109595,44,66790.88,33.0,6706.26,669.0,15009.34,8,25,1,OWN,debt_consolidation,1
APP109596,54,57095.47,35.0,10468.64,793.0,9581.75,3,11,1,MORTGAGE,car,0
APP109597,62,47358.27,5.0,25421.01,703.0,6120.87,5,15,1,OWN,car,0
APP109598,48,30823.5,28.0,1926.59,538.0,2229.55,3,22,2,RENT,car,1
APP109599,58,33543.95,,6860.25,597.0,4316.38,12,18,0,MORTGAGE,business,1
APP109600,48,64140.48,37.0,3957.1,601.0,3505.36,2,29,1,OWN,other,0
APP109601,42,71179.18,25.0,4351.92,674.0,4592.8,4,5,0,MORTGAGE,credit_card,0
APP109602,28,26999.37,7.0,17880.05,625.0,1545.06,4,24,1,MORTGAGE,car,1
APP109603,31,25037.26,11.0,7193.04,559.0,10547.02,6,13,2,RENT,credit_card,1
APP109604,42,23107.98,35.0,2440.07,697.0,572.96,4,3,0,RENT,business,0
APP109605,23,54986.9,25.0,8999.61,730.0,9756.49,13,13,3,RENT,car,1
APP109606,36,22817.03,9.0,33574.28,641.0,9906.86,7,15,0,RENT,credit_card,0
APP109607,43,54655.31,32.0,3347.55,,31617.63,5,2,0,RENT,credit_card,1
APP109608,44,47707.56,28.0,13626.37,572.0,4024.55,5,14,0,OWN,car,0
APP109609,60,27652.02,3.0,25352.24,608.0,3242.21,7,0,0,MORTGAGE,car,1
APP109610,68,79374.28,11.0,9607.95,611.0,5411.48,5,19,0,RENT,home_improvement,1
APP109611,56,17481.01,33.0,31470.32,694.0,7691.38,13,18,2,RENT,home_improvement,1
APP109612,24,83263.56,14.0,6661.59,670.0,4572.5,1,3,1,OWN,debt_consolidation,1
APP109613,41,42592.9,1.0,23566.09,623.0,1907.52,4,17,0,OWN,credit_card,0
APP109614,56,12877.89,24.0,20454.58,620.0,7683.46,6,7,3,RENT,debt_consolidation,1
APP109615,50,80494.15,35.0,9705.81,492.0,4912.19,14,19,0,OWN,debt_consolidation,1
APP109616,43,59048.02,22.0,4054.88,778.0,2193.94,4,7,1,MORTGAGE,credit_card,0
APP109617,42,29316.16,39.0,5426.02,483.0,1339.6,3,26,1,RENT,business,1
APP109618,40,22418.45,4.0,2424.76,683.0,35423.59,5,15,2,RENT,home_improvement,1
APP109619,49,16571.95,26.0,14136.14,653.0,9562.79,10,29,0,OWN,home_improvement,1
APP109620,29,121506.51,25.0,13155.3,628.0,7688.7,14,2,3,RENT,credit_card,1
APP109621,46,22886.65,39.0,10378.9,649.0,4482.87,0,25,2,OWN,credit_card,0
APP109622,31,19306.67,20.0,9194.6,596.0,8535.51,9,1,1,RENT,debt_consolidation,1
APP109623,54,41521.21,32.0,22349.41,702.0,2117.88,8,0,1,OWN,other,0
APP109624,63,16011.35,5.0,11833.37,544.0,5764.76,5,5,0,OWN,credit_card,1
APP109625,45,22230.62,1.0,7095.48,676.0,5969.37,2,9,0,OWN,credit_card,1
APP109626,39,59723.72,28.0,10811.19,595.0,2160.23,9,26,1,MORTGAGE,credit_card,0
APP109627,67,45803.02,0.0,33809.7,615.0,4520.8,9,23,1,MORTGAGE,credit_card,1
APP109628,53,29935.94,34.0,14375.78,618.0,3532.6,1,2,0,RENT,business,1
APP109629,41,36649.44,0.0,7832.59,636.0,2667.34,9,27,0,MORTGAGE,car,0
APP109630,22,29107.9,27.0,9636.53,690.0,3193.65,7,7,4,RENT,car,1
APP109631,21,35207.03,18.0,13069.38,647.0,1254.53,6,27,4,OWN,business,1
APP109632,31,24812.29,25.0,7687.48,724.0,11501.64,7,6,0,MORTGAGE,business,0
APP109633,32,27170.32,24.0,7290.11,733.0,17151.79,13,20,3,OWN,car,0
APP109634,56,26759.93,17.0,9830.12,674.0,2342.42,6,18,4,MORTGAGE,car,1
APP109635,45,25262.33,,24623.44,704.0,11944.11,13,25,4,RENT,other,1
APP109636,69,61203.25,20.0,15908.14,811.0,4790.5,0,18,0,MORTGAGE,debt_consolidation,0
APP109637,47,53372.92,27.0,7740.97,536.0,4874.83,11,4,0,MORTGAGE,home_improvement,1
APP109638,65,22784.1,28.0,16670.7,736.0,1743.7,11,29,1,MORTGAGE,debt_consolidation,0
APP109639,48,19986.32,17.0,9948.17,773.0,3145.76,10,11,3,RENT,debt_consolidation,1
APP109640,38,33569.11,14.0,12170.29,684.0,7526.97,5,28,2,MORTGAGE,debt_consolidation,1
APP109641,56,106685.85,1.0,11523.85,802.0,2252.35,1,2,2,MORTGAGE,credit_card,0
APP109642,43,21723.45,31.0,2790.14,791.0,2715.27,0,27,1,MORTGAGE,home_improvement,0
APP109643,34,33502.92,9.0,1590.08,,3273.16,4,8,1,RENT,credit_card,1
APP109644,44,37962.73,17.0,11338.65,629.0,321.88,1,28,0,RENT,debt_consolidation,0
APP109645,53,34395.43,39.0,5932.99,692.0,6390.84,3,23,1,MORTGAGE,credit_card,0
APP109646,39,28879.72,31.0,3701.31,600.0,8181.04,0,29,0,OWN,credit_card,0
APP109647,55,64701.52,13.0,6043.84,850.0,6579.22,5,5,0,MORTGAGE,debt_consolidation,0
APP109648,69,45580.23,18.0,17236.52,713.0,10449.06,13,22,0,OWN,debt_consolidation,0
APP109649,41,55431.46,12.0,12267.34,653.0,3445.33,1,22,1,RENT,credit_card,0
APP109650,35,48761.19,25.0,15725.78,537.0,20930.23,5,27,1,OWN,credit_card,0
APP109651,40,56781.97,6.0,12988.99,670.0,2500.31,4,23,0,MORTGAGE,debt_consolidation,0
APP109652,62,80193.91,38.0,5702.73,555.0,4106.89,6,2,0,OWN,credit_card,1
APP109653,29,70652.02,39.0,15770.98,710.0,3794.93,8,26,0,OWN,credit_card,0
APP109654,68,116122.62,11.0,14064.99,449.0,5704.64,13,8,0,MORTGAGE,debt_consolidation,1
APP109655,41,66747.4,9.0,9223.5,760.0,4057.58,2,29,0,RENT,credit_card,0
APP109656,62,25985.05,21.0,10252.78,616.0,4526.27,4,23,0,RENT,debt_consolidation,1
APP109657,59,55473.24,25.0,15922.36,514.0,2856.13,1,22,0,RENT,home_improvement,0
APP109658,59,51803.74,25.0,6312.77,648.0,3460.63,0,19,1,MORTGAGE,business,0
APP109659,65,94859.06,1.0,19010.18,651.0,822.69,10,20,1,OWN,credit_card,1
APP109660,30,22391.14,28.0,13891.83,644.0,9338.93,4,16,1,OWN,business,1
APP109661,50,48000.92,2.0,9910.55,760.0,2169.85,3,23,0,OWN,business,0
APP109662,25,25834.47,13.0,24803.54,680.0,3319.18,6,27,1,MORTGAGE,credit_card,0
APP109663,35,46923.44,28.0,4552.36,713.0,2105.26,7,5,2,MORTGAGE,debt_consolidation,0
APP109664,22,32618.23,35.0,7509.24,630.0,7752.3,6,24,2,RENT,credit_card,1
APP109665,54,46153.79,25.0,6572.5,684.0,3182.12,12,22,0,RENT,debt_consolidation,0
APP109666,50,17940.77,6.0,12269.29,545.0,696.05,10,17,4,MORTGAGE,debt_consolidation,1
APP109667,57,53993.19,27.0,20119.56,670.0,6152.43,5,27,1,RENT,debt_consolidation,0
APP109668,29,40256.62,1.0,5487.27,589.0,2703.24,2,28,1,MORTGAGE,home_improvement,0
APP109669,37,39186.85,9.0,71919.22,755.0,4823.74,1,13,2,OWN,car,0
APP109670,54,96289.46,4.0,6649.83,656.0,9563.87,10,2,2,RENT,home_improvement,1
APP109671,61,29994.17,39.0,12288.39,703.0,2230.45,11,0,2,RENT,credit_card,0
APP109672,64,43093.73,14.0,9913.09,670.0,4718.74,10,18,2,MORTGAGE,debt_consolidation,1
APP109673,24,38182.61,22.0,10175.05,794.0,2650.94,11,10,1,OWN,credit_card,0
APP109674,40,40095.51,31.0,6152.13,525.0,10822.02,9,6,1,MORTGAGE,debt_consolidation,0
APP109675,21,110293.69,38.0,18779.63,640.0,5235.23,9,2,3,MORTGAGE,business,0
APP109676,61,37492.78,39.0,5929.22,573.0,4824.82,14,7,2,RENT,car,1
APP109677,27,27346.94,6.0,3424.27,486.0,1821.24,8,18,1,MORTGAGE,debt_consolidation,1
APP109678,61,92545.1,15.0,5048.27,567.0,8956.7,13,23,0,RENT,home_improvement,1
APP109679,28,31137.11,16.0,23557.26,743.0,9913.68,11,25,0,MORTGAGE,credit_card,0
APP109680,21,16275.41,31.0,20958.13,647.0,2662.67,6,19,0,RENT,home_improvement,1
APP109681,64,25073.78,13.0,2968.04,632.0,5558.63,5,2,1,MORTGAGE,credit_card,1
APP109682,42,19471.48,9.0,16126.8,711.0,7866.75,2,21,1,MORTGAGE,debt_consolidation,0
APP109683,41,14765.04,30.0,3013.45,659.0,28980.49,4,12,2,MORTGAGE,credit_card,1
APP109684,52,30287.56,19.0,9736.76,699.0,6720.4,7,3,2,RENT,other,0
APP109685,34,35062.66,29.0,4795.1,675.0,4913.16,9,20,1,OWN,car,0
APP109686,54,65530.04,15.0,16889.86,693.0,4339.33,12,28,1,MORTGAGE,debt_consolidation,0
APP109687,42,49746.77,19.0,13805.14,614.0,4550.74,2,27,0,MORTGAGE,home_improvement,0
APP109688,34,48626.17,0.0,17814.14,733.0,9080.08,2,23,4,OWN,debt_consolidation,0
APP109689,40,23234.53,0.0,8290.42,553.0,2426.91,9,6,1,RENT,car,1
APP109690,21,56526.6,0.0,8823.75,643.0,10364.56,0,14,4,RENT,credit_card,1
APP109691,35,72810.57,,4025.69,737.0,1432.25,13,15,0,OWN,business,0
APP109692,49,44235.61,13.0,5333.21,637.0,8375.53,3,12,0,RENT,debt_consolidation,1
APP109693,27,44858.07,2.0,17485.37,615.0,10465.55,7,0,1,MORTGAGE,car,1
APP109694,26,19296.01,6.0,12337.01,833.0,9366.93,1,17,1,MORTGAGE,debt_consolidation,0
APP109695,53,61526.17,33.0,10536.5,763.0,6101.62,1,11,0,MORTGAGE,credit_card,0
APP109696,41,88469.69,34.0,21105.06,661.0,6740.66,13,10,1,MORTGAGE,home_improvement,1
APP109697,27,42679.59,11.0,4536.52,572.0,3568.28,9,10,0,MORTGAGE,credit_card,0
APP109698,57,26979.2,37.0,15246.25,487.0,1998.27,14,22,2,OWN,debt_consolidation,1
APP109699,58,33490.01,4.0,4878.08,706.0,6001.55,13,5,0,RENT,debt_consolidation,0
APP109700,22,,1.0,24021.98,751.0,5193.62,14,16,0,RENT,other,0
APP109701,30,30326.44,14.0,13721.02,681.0,10290.21,2,4,2,OWN,credit_card,1
APP109702,39,50211.11,10.0,17653.7,513.0,4389.53,10,28,1,MORTGAGE,credit_card,1
APP109703,56,41761.58,3.0,6496.46,662.0,5581.21,9,11,2,MORTGAGE,business,1
APP109704,24,59992.11,33.0,36653.31,611.0,6185.35,3,27,1,MORTGAGE,debt_consolidation,1
APP109705,60,43715.21,39.0,32831.21,662.0,7769.14,2,1,4,MORTGAGE,credit_card,1
APP109706,36,23575.33,10.0,12813.15,805.0,10497.34,5,21,1,OWN,car,0
APP109707,27,28272.76,12.0,20033.42,713.0,2291.61,12,27,1,RENT,home_improvement,0
APP109708,63,27407.71,,8257.42,696.0,8615.89,6,4,1,MORTGAGE,credit_card,0
APP109709,25,33082.67,37.0,4623.52,646.0,4253.7,3,28,2,MORTGAGE,business,0
APP109710,27,89085.94,11.0,15954.15,683.0,8218.08,8,28,2,MORTGAGE,car,0
APP109711,67,96514.62,27.0,5701.1,592.0,16038.99,9,25,1,OWN,credit_card,0
APP109712,46,55176.95,0.0,21723.11,694.0,909.87,9,21,1,MORTGAGE,debt_consolidation,1
APP109713,43,38537.3,22.0,18559.09,634.0,12985.14,8,0,1,RENT,home_improvement,1
APP109714,54,18382.86,,11397.32,584.0,4470.67,5,3,2,MORTGAGE,other,1
APP109715,51,40538.37,19.0,11021.22,715.0,2479.06,5,10,0,MORTGAGE,other,0
APP109716,51,24464.94,25.0,17918.22,471.0,3463.33,5,23,3,OWN,business,1
APP109717,22,82064.51,27.0,11669.55,606.0,2153.52,13,13,0,OWN,credit_card,1
APP109718,48,16267.87,25.0,7764.54,699.0,7376.08,6,1,1,RENT,home_improvement,1
APP109719,34,44013.08,27.0,3989.0,747.0,2147.7,13,9,2,MORTGAGE,home_improvement,0
APP109720,60,23455.97,35.0,17594.47,687.0,12880.38,4,25,1,MORTGAGE,debt_consolidation,0
APP109721,45,36143.14,0.0,12330.9,596.0,8548.69,5,24,0,RENT,credit_card,0
APP109722,27,50667.2,35.0,51709.46,645.0,5894.2,5,24,1,OWN,debt_consolidation,0
APP109723,64,60535.45,36.0,9343.66,673.0,963.99,5,20,2,RENT,business,1
APP109724,34,35230.06,36.0,11863.5,774.0,1706.09,4,5,3,MORTGAGE,car,1
APP109725,34,53135.91,14.0,12031.72,723.0,4609.52,9,5,1,RENT,debt_consolidation,0
APP109726,66,26075.85,23.0,14624.5,724.0,4814.85,14,29,0,RENT,debt_consolidation,0
APP109727,58,41059.16,14.0,5540.68,655.0,10423.8,4,2,1,MORTGAGE,home_improvement,1
APP109728,63,59940.26,33.0,9449.06,564.0,478.17,4,23,1,OWN,business,1
APP109729,53,42875.24,16.0,16262.15,537.0,2677.57,4,17,2,RENT,home_improvement,1
APP109730,65,27870.61,12.0,8105.86,625.0,9601.43,3,1,1,RENT,business,0
APP109731,26,31586.3,27.0,15900.62,705.0,3752.67,0,25,1,OWN,credit_card,0
APP109732,50,60344.68,1.0,10488.45,609.0,3381.74,0,27,0,MORTGAGE,debt_consolidation,0
APP109733,35,21037.83,15.0,12595.85,695.0,1353.18,1,19,1,MORTGAGE,business,1
APP109734,40,22648.35,8.0,19745.52,586.0,11462.3,2,29,1,RENT,debt_consolidation,1
APP109735,32,,14.0,8635.07,598.0,3334.33,9,7,2,RENT,credit_card,1
APP109736,31,29156.36,17.0,4141.81,762.0,11789.41,1,28,0,MORTGAGE,credit_card,0
APP109737,42,17561.62,2.0,8435.43,711.0,15876.65,4,16,3,RENT,credit_card,1
APP109738,65,71354.05,34.0,6030.99,625.0,14096.83,6,19,2,OWN,credit_card,1
APP109739,52,20956.41,16.0,2764.34,583.0,4788.95,1,15,2,MORTGAGE,debt_consolidation,1
APP109740,38,32868.99,14.0,9283.47,725.0,3336.44,7,26,1,MORTGAGE,debt_consolidation,0
APP109741,42,26641.88,5.0,11152.49,720.0,3159.49,13,23,2,MORTGAGE,credit_card,0
APP109742,46,31293.27,39.0,18259.79,701.0,23734.23,0,24,1,MORTGAGE,business,0
APP109743,32,23334.55,34.0,4996.1,635.0,4148.41,4,12,1,OWN,other,0
APP109744,46,51903.4,19.0,10437.03,562.0,11413.24,1,28,1,MORTGAGE,credit_card,1
APP109745,55,38384.61,13.0,19474.38,648.0,7229.46,3,21,1,MORTGAGE,debt_consolidation,0
APP109746,32,59386.77,18.0,7010.83,762.0,3536.09,12,10,1,MORTGAGE,car,0
APP109747,49,26780.14,38.0,13653.25,577.0,4014.09,7,7,0,MORTGAGE,credit_card,1
APP109748,55,105504.71,8.0,25812.93,653.0,12666.54,5,23,1,OWN,debt_consolidation,0
APP109749,46,14012.09,27.0,3237.48,780.0,5039.24,12,0,0,MORTGAGE,business,1
APP109750,35,16439.34,36.0,11656.19,625.0,3418.47,13,26,1,MORTGAGE,debt_consolidation,0
APP109751,48,87250.84,30.0,19885.26,639.0,2577.31,13,23,1,RENT,debt_consolidation,0
APP109752,59,46028.72,34.0,8019.03,541.0,6349.01,7,17,0,MORTGAGE,credit_card,1
APP109753,31,43074.78,37.0,22743.98,699.0,3251.37,4,29,2,RENT,debt_consolidation,0
APP109754,49,45054.93,2.0,14480.14,590.0,7903.89,7,8,2,RENT,car,1
APP109755,54,48320.14,9.0,28612.94,525.0,37621.08,11,29,1,RENT,other,1
APP109756,36,42187.69,5.0,14037.38,573.0,7438.88,6,4,1,OWN,credit_card,1
APP109757,39,22405.19,22.0,30077.22,666.0,20811.96,7,22,2,MORTGAGE,business,1
APP109758,64,54671.37,16.0,11849.01,523.0,2774.25,11,6,2,MORTGAGE,home_improvement,1
APP109759,38,50530.84,1.0,4356.06,539.0,8494.57,8,20,0,OWN,debt_consolidation,1
APP109760,50,74177.46,22.0,6777.75,694.0,13420.08,11,10,0,MORTGAGE,business,0
APP109761,28,87738.89,4.0,18233.54,644.0,14821.86,6,11,1,RENT,car,1
APP109762,66,42840.45,16.0,18019.57,576.0,13676.29,12,7,2,MORTGAGE,credit_card,0
APP109763,50,19657.72,14.0,8214.36,624.0,4980.4,2,27,1,OWN,credit_card,1
APP109764,58,88102.96,35.0,29219.18,789.0,10015.95,10,16,0,RENT,debt_consolidation,0
APP109765,50,21827.48,27.0,8003.38,752.0,2177.51,12,14,2,MORTGAGE,debt_consolidation,0
APP109766,38,43001.15,24.0,13058.39,641.0,17777.67,6,8,2,MORTGAGE,debt_consolidation,1
APP109767,37,31940.59,33.0,12843.2,715.0,2294.52,8,21,1,OWN,car,0
APP109768,55,29280.8,7.0,4454.71,659.0,13404.03,9,7,1,RENT,debt_consolidation,1
APP109769,63,53217.9,10.0,9262.27,508.0,11325.83,6,17,2,OWN,credit_card,1
APP109770,27,41037.02,30.0,41282.66,493.0,11268.4,7,10,2,MORTGAGE,home_improvement,1
APP109771,62,46939.78,29.0,5690.99,577.0,25654.28,10,26,0,RENT,credit_card,1
APP109772,61,24152.83,0.0,14401.6,523.0,11406.31,11,9,1,OWN,car,1
APP109773,26,33288.34,8.0,4951.13,671.0,1700.59,6,20,0,MORTGAGE,debt_consolidation,0
APP109774,26,24716.65,9.0,5655.52,606.0,7878.43,13,5,0,RENT,other,1
APP109775,55,32874.88,0.0,4236.22,684.0,1084.11,12,9,1,MORTGAGE,credit_card,0
APP109776,62,34221.83,26.0,17407.26,685.0,4569.21,10,15,0,MORTGAGE,car,0
APP109777,40,91322.46,2.0,5867.4,705.0,3505.44,2,27,2,RENT,business,0
APP109778,52,31898.23,33.0,21173.31,575.0,8186.76,5,12,1,RENT,debt_consolidation,1
APP109779,69,12546.55,23.0,7195.48,691.0,2544.25,0,5,3,MORTGAGE,other,1
APP109780,36,72951.18,30.0,10687.17,573.0,2606.09,13,26,1,RENT,home_improvement,0
APP109781,32,45461.89,19.0,12667.93,706.0,7338.98,8,6,1,MORTGAGE,debt_consolidation,0
APP109782,69,34012.89,38.0,3751.36,747.0,12579.35,4,6,3,RENT,credit_card,0
APP109783,34,29184.48,10.0,11183.44,707.0,4925.1,3,10,1,RENT,debt_consolidation,0
APP109784,44,22618.81,22.0,12209.12,635.0,31521.96,10,24,1,MORTGAGE,car,1
APP109785,42,95704.83,0.0,19614.22,695.0,3734.56,1,11,1,MORTGAGE,car,0
APP109786,46,37269.2,33.0,5565.25,527.0,8465.79,5,28,1,MORTGAGE,credit_card,1
APP109787,34,15231.55,22.0,6061.95,509.0,6457.53,0,24,1,OWN,home_improvement,1
APP109788,54,42781.88,7.0,14701.85,687.0,3736.1,11,24,0,MORTGAGE,debt_consolidation,0
APP109789,54,66375.67,32.0,23096.47,754.0,14032.27,11,13,4,OWN,credit_card,1
APP109790,30,39270.05,39.0,6936.12,551.0,2410.87,11,24,1,OWN,home_improvement,1
APP109791,44,23137.35,2.0,4716.76,651.0,933.86,14,26,4,MORTGAGE,debt_consolidation,1
APP109792,23,22124.99,33.0,8184.22,685.0,4443.06,7,11,2,MORTGAGE,home_improvement,0
APP109793,31,22956.14,29.0,5388.41,600.0,4001.81,9,9,1,MORTGAGE,debt_consolidation,1
APP109794,69,77716.98,14.0,12564.98,622.0,11501.93,12,3,1,MORTGAGE,home_improvement,1
APP109795,45,35037.28,25.0,5177.61,699.0,1808.4,11,11,2,MORTGAGE,debt_consolidation,0
APP109796,51,15687.79,31.0,17742.94,658.0,7472.35,6,14,3,MORTGAGE,credit_card,1
APP109797,64,44005.37,19.0,11243.78,659.0,6782.63,12,22,2,RENT,home_improvement,1
APP109798,55,38968.87,26.0,18078.16,571.0,6362.9,11,16,2,RENT,debt_consolidation,0
APP109799,59,29014.54,1.0,2312.34,647.0,11330.6,12,7,1,RENT,home_improvement,1
APP109800,55,21802.86,37.0,3446.48,618.0,4823.42,7,8,1,MORTGAGE,car,1
APP109801,45,21333.9,36.0,21495.6,622.0,5124.29,4,3,1,RENT,business,1
APP109802,51,62524.7,8.0,6427.16,606.0,7046.06,11,6,2,MORTGAGE,home_improvement,1
APP109803,35,41099.71,,4105.86,647.0,4529.79,0,4,1,RENT,car,1
APP109804,64,46134.75,9.0,8763.77,580.0,1664.67,13,23,3,RENT,business,1
APP109805,29,41043.16,15.0,11446.14,650.0,3539.05,9,6,2,RENT,business,1
APP109806,64,42780.79,11.0,9001.9,620.0,3995.14,12,1,1,RENT,home_improvement,1
APP109807,64,28733.03,34.0,13105.78,575.0,3134.03,14,18,1,MORTGAGE,debt_consolidation,1
APP109808,27,32763.99,27.0,12082.34,494.0,3815.41,10,16,0,MORTGAGE,home_improvement,1
APP109809,55,65020.37,33.0,11708.74,725.0,5674.19,13,1,4,MORTGAGE,credit_card,0
APP109810,69,73665.89,31.0,22226.1,709.0,3947.55,9,20,2,RENT,other,0
APP109811,49,19711.43,29.0,9813.28,585.0,9732.05,0,19,1,MORTGAGE,car,1
APP109812,37,32724.21,6.0,9641.69,704.0,9854.27,5,28,1,MORTGAGE,home_improvement,1
APP109813,64,55251.05,,16021.5,568.0,732.88,13,22,3,MORTGAGE,debt_consolidation,1
APP109814,46,93063.74,31.0,13788.58,625.0,1561.62,3,23,2,MORTGAGE,credit_card,1
APP109815,26,88519.65,4.0,5757.65,607.0,717.81,0,22,1,MORTGAGE,debt_consolidation,0
APP109816,33,24394.7,3.0,9364.97,627.0,3947.94,6,19,4,OWN,credit_card,1
APP109817,54,68701.28,30.0,12873.64,701.0,3756.33,7,18,0,RENT,credit_card,0
APP109818,43,37395.97,15.0,6959.78,617.0,5545.71,7,18,1,RENT,credit_card,1
APP109819,31,61218.72,13.0,7161.64,622.0,9643.27,12,13,2,OWN,debt_consolidation,1
APP109820,60,53859.78,15.0,4294.65,709.0,4749.55,2,2,2,RENT,credit_card,1
APP109821,26,19303.04,34.0,1755.19,654.0,3034.16,6,29,4,OWN,business,1
APP109822,31,47809.85,14.0,7907.39,602.0,4897.83,8,29,0,OWN,debt_consolidation,1
APP109823,43,60044.92,14.0,10682.6,669.0,3310.6,10,2,2,RENT,debt_consolidation,0
APP109824,22,35951.37,15.0,5129.44,729.0,1507.37,12,23,1,RENT,home_improvement,0
APP109825,39,32107.4,2.0,22623.02,734.0,10574.97,3,22,1,OWN,debt_consolidation,0
APP109826,65,16550.44,1.0,5281.58,544.0,6902.6,13,7,1,OWN,credit_card,1
APP109827,67,51113.75,16.0,17111.71,548.0,15664.31,14,11,0,MORTGAGE,debt_consolidation,1
APP109828,63,40310.78,0.0,12723.45,729.0,1826.89,14,23,1,OWN,other,0
APP109829,36,22900.36,30.0,36526.79,626.0,1350.44,0,24,1,MORTGAGE,home_improvement,0
APP109830,24,,16.0,13682.92,473.0,2324.44,5,11,2,RENT,credit_card,1
APP109831,60,39232.14,20.0,4155.69,591.0,6762.09,9,18,0,OWN,business,1
APP109832,39,27465.39,13.0,18631.7,614.0,9770.88,4,13,3,MORTGAGE,car,1
APP109833,57,36364.15,30.0,27406.87,624.0,6179.69,0,4,0,MORTGAGE,debt_consolidation,1
APP109834,26,15139.06,17.0,3417.53,711.0,5513.17,3,4,1,RENT,business,1
APP109835,53,71304.22,1.0,14522.83,575.0,9736.42,0,25,2,RENT,debt_consolidation,1
APP109836,49,36605.53,19.0,16583.92,724.0,3403.15,11,0,0,MORTGAGE,other,0
APP109837,66,20959.0,7.0,8710.66,672.0,11443.27,4,2,0,OWN,debt_consolidation,0
APP109838,25,10616.3,,2314.22,547.0,24052.95,9,8,0,RENT,debt_consolidation,1
APP109839,40,60752.74,22.0,8286.85,624.0,2100.22,0,24,0,MORTGAGE,home_improvement,0
APP109840,69,48004.3,18.0,6983.87,689.0,4010.83,11,21,0,MORTGAGE,credit_card,0
APP109841,40,40349.85,15.0,24781.82,653.0,1616.68,3,17,2,RENT,credit_card,1
APP109842,53,55928.2,23.0,9384.79,680.0,2270.73,3,18,1,RENT,business,0
APP109843,28,55851.36,27.0,7728.06,603.0,6728.01,2,4,3,MORTGAGE,debt_consolidation,1
APP109844,56,40023.38,,6961.1,694.0,1276.03,1,4,2,MORTGAGE,debt_consolidation,1
APP109845,34,31980.86,38.0,12033.49,618.0,2634.19,13,17,3,OWN,debt_consolidation,1
APP109846,49,29478.88,3.0,10240.66,850.0,11417.51,14,10,0,OWN,debt_consolidation,0
APP109847,64,44822.75,26.0,6161.24,544.0,5876.75,0,16,1,MORTGAGE,debt_consolidation,0
APP109848,53,73021.97,3.0,11595.96,850.0,9085.18,4,19,1,MORTGAGE,debt_consolidation,0
APP109849,44,34494.27,16.0,7084.38,573.0,1746.13,9,9,5,MORTGAGE,debt_consolidation,1
APP109850,30,75981.01,29.0,2089.42,751.0,5188.38,8,25,3,MORTGAGE,debt_consolidation,0
APP109851,37,43764.41,21.0,14776.8,716.0,22233.97,10,24,0,RENT,home_improvement,0
APP109852,62,43929.68,32.0,13959.43,577.0,2894.25,13,3,0,OWN,debt_consolidation,0
APP109853,31,120880.14,,11157.24,697.0,3326.2,12,3,1,OWN,business,0
APP109854,53,82978.69,38.0,7589.49,610.0,7827.2,4,6,1,OWN,credit_card,0
APP109855,44,84061.56,26.0,9478.33,671.0,2392.6,5,4,0,MORTGAGE,home_improvement,0
APP109856,36,24372.07,26.0,16180.62,661.0,8723.75,5,16,0,OWN,car,0
APP109857,56,108672.2,32.0,6774.45,622.0,1167.57,2,7,1,MORTGAGE,car,1
APP109858,38,34852.9,9.0,16577.27,615.0,705.91,8,19,1,OWN,debt_consolidation,0
APP109859,35,32411.04,12.0,4085.06,677.0,6320.48,1,25,1,MORTGAGE,credit_card,0
APP109860,46,12337.22,13.0,10947.84,577.0,2244.28,1,4,2,MORTGAGE,car,1
APP109861,58,42750.9,29.0,10051.27,580.0,3125.66,2,4,2,RENT,business,1
APP109862,63,21127.34,14.0,18062.82,726.0,9910.03,11,5,4,MORTGAGE,home_improvement,1
APP109863,51,44539.29,5.0,5702.4,684.0,8098.04,7,24,2,RENT,credit_card,1
APP109864,53,20317.08,31.0,6088.24,545.0,1841.16,4,29,1,MORTGAGE,home_improvement,0
APP109865,59,89219.06,29.0,4286.83,569.0,7448.6,8,23,1,MORTGAGE,car,0
APP109866,34,47848.11,23.0,7044.2,479.0,3865.44,10,20,5,RENT,credit_card,1
APP109867,33,113542.87,35.0,11536.26,722.0,6861.44,11,18,0,RENT,business,0
APP109868,44,21774.35,31.0,3365.37,705.0,4836.13,6,6,2,OWN,credit_card,0
APP109869,51,78793.8,36.0,7587.46,562.0,1476.2,12,14,1,OWN,business,0
APP109870,52,14744.77,10.0,14277.99,701.0,2778.03,4,27,0,RENT,car,0
APP109871,28,40297.22,4.0,9304.68,808.0,713.59,12,10,1,RENT,business,0
APP109872,59,,13.0,10353.95,526.0,5699.53,2,0,3,MORTGAGE,other,1
APP109873,38,29028.16,33.0,4009.17,600.0,6751.49,2,6,0,MORTGAGE,debt_consolidation,1
APP109874,63,28050.22,36.0,9320.51,525.0,2797.44,11,15,0,RENT,car,0
APP109875,56,22986.03,4.0,10068.95,725.0,4480.24,11,20,0,MORTGAGE,credit_card,0
APP109876,69,19344.35,34.0,8971.09,642.0,2254.64,13,12,1,OWN,debt_consolidation,0
APP109877,51,29108.53,19.0,10847.4,618.0,13428.3,1,13,0,MORTGAGE,credit_card,1
APP109878,46,38484.63,32.0,8221.64,668.0,1756.78,13,20,0,OWN,home_improvement,0
APP109879,30,64980.8,27.0,7527.95,605.0,3832.12,13,8,1,OWN,debt_consolidation,0
APP109880,40,42094.62,2.0,5303.58,617.0,1739.55,8,23,0,MORTGAGE,other,0
APP109881,63,65073.33,19.0,17759.52,671.0,5930.47,7,9,1,RENT,business,0
APP109882,39,17342.43,3.0,4741.01,601.0,11277.45,2,3,1,OWN,other,1
APP109883,23,29246.5,13.0,10880.94,612.0,933.75,9,4,3,OWN,debt_consolidation,1
APP109884,33,51818.5,30.0,29375.56,637.0,8293.4,11,10,1,MORTGAGE,credit_card,0
APP109885,50,43113.67,27.0,19165.38,657.0,18128.48,9,1,4,OWN,business,1
APP109886,51,23609.69,28.0,13435.0,698.0,5448.91,3,5,0,OWN,home_improvement,0
APP109887,69,57932.54,26.0,11497.04,696.0,2864.64,8,13,3,MORTGAGE,car,1
APP109888,66,,0.0,9166.74,530.0,4767.32,2,28,0,RENT,debt_consolidation,1
APP109889,47,24620.09,23.0,5762.87,762.0,3176.41,7,29,1,RENT,credit_card,0
APP109890,48,46326.71,19.0,8498.98,654.0,23657.59,13,22,2,MORTGAGE,business,1
APP109891,60,36427.7,,13973.6,623.0,9585.41,13,28,1,RENT,car,0
APP109892,23,27960.38,8.0,12504.31,577.0,10100.79,10,18,2,MORTGAGE,debt_consolidation,1
APP109893,50,27489.67,28.0,15886.64,809.0,27557.57,5,4,1,MORTGAGE,car,0
APP109894,44,21271.04,24.0,20574.41,838.0,14409.38,5,19,2,MORTGAGE,debt_consolidation,0
APP109895,59,29795.89,,8999.51,799.0,4459.92,11,16,1,RENT,home_improvement,0
APP109896,60,62944.25,2.0,11104.56,659.0,5015.49,0,25,1,RENT,credit_card,0
APP109897,53,41038.88,2.0,3167.05,677.0,32462.02,5,10,0,MORTGAGE,business,1
APP109898,53,58647.31,14.0,38319.67,769.0,2720.5,8,24,2,MORTGAGE,business,0
APP109899,54,47006.18,21.0,7720.93,630.0,4284.25,0,19,2,MORTGAGE,business,1
APP109900,49,26738.96,39.0,14632.72,693.0,2185.66,12,22,2,MORTGAGE,credit_card,0
APP109901,32,15921.56,28.0,7717.79,668.0,1147.57,5,0,0,MORTGAGE,home_improvement,0
APP109902,34,22846.95,19.0,7611.02,803.0,2431.33,12,28,0,OWN,debt_consolidation,0
APP109903,57,25961.82,11.0,8585.23,764.0,2469.8,2,16,1,OWN,home_improvement,0
APP109904,51,24976.95,6.0,4688.79,638.0,2980.71,0,19,2,OWN,other,1
APP109905,32,59308.62,5.0,2234.72,772.0,8020.96,6,13,0,OWN,business,0
APP109906,64,59000.09,2.0,19847.12,649.0,4868.23,14,4,1,MORTGAGE,credit_card,1
APP109907,69,109747.75,36.0,13731.14,606.0,11034.74,1,16,0,MORTGAGE,debt_consolidation,0
APP109908,51,24788.61,0.0,5712.93,627.0,5545.67,1,20,2,RENT,credit_card,1
APP109909,32,80718.59,34.0,12979.76,661.0,5671.71,11,4,0,RENT,car,1
APP109910,66,80469.51,23.0,16225.84,587.0,3892.93,1,11,1,MORTGAGE,home_improvement,1
APP109911,32,32333.79,24.0,6530.17,608.0,23331.77,8,18,0,OWN,debt_consolidation,0
APP109912,42,46017.53,38.0,12671.48,534.0,3502.71,0,8,3,OWN,home_improvement,1
APP109913,63,67532.66,31.0,18107.51,584.0,10232.74,0,8,2,RENT,credit_card,1
APP109914,46,35261.17,5.0,4175.5,668.0,1908.81,5,3,3,RENT,home_improvement,1
APP109915,32,,38.0,13630.25,,4044.98,9,15,2,RENT,credit_card,0
APP109916,24,26537.96,7.0,12315.73,723.0,24490.87,8,3,1,RENT,car,1
APP109917,38,11158.77,22.0,30585.17,684.0,8501.79,14,26,1,RENT,credit_card,0
APP109918,53,37617.92,25.0,13824.82,527.0,1603.95,0,5,0,MORTGAGE,credit_card,0
APP109919,56,25465.13,9.0,7734.7,581.0,2152.78,0,2,0,MORTGAGE,debt_consolidation,1
APP109920,31,21212.07,25.0,8290.67,634.0,17706.87,11,27,0,RENT,business,0
APP109921,28,44850.76,,33324.1,727.0,5274.71,5,11,2,RENT,debt_consolidation,0
APP109922,55,17576.95,39.0,7999.14,605.0,3943.43,3,5,2,MORTGAGE,debt_consolidation,1
APP109923,28,54341.31,36.0,14068.42,552.0,2635.36,13,16,3,MORTGAGE,debt_consolidation,1
APP109924,24,46249.21,15.0,8578.13,765.0,3812.64,4,3,1,OWN,debt_consolidation,0
APP109925,44,29729.75,27.0,18934.81,591.0,15231.34,0,12,2,OWN,credit_card,1
APP109926,48,35183.94,32.0,19504.53,559.0,2807.31,0,19,1,MORTGAGE,debt_consolidation,0
APP109927,32,20028.06,1.0,9763.43,668.0,3036.31,13,14,0,RENT,credit_card,1
APP109928,31,52847.69,27.0,7753.84,645.0,7939.67,2,27,1,RENT,car,0
APP109929,32,39882.07,36.0,7643.69,609.0,2139.31,14,21,0,RENT,home_improvement,0
APP109930,37,41395.4,4.0,3510.96,650.0,2326.27,2,19,1,MORTGAGE,debt_consolidation,1
APP109931,21,46674.12,30.0,10512.66,575.0,4939.58,5,20,1,OWN,car,0
APP109932,21,26338.64,2.0,10386.25,609.0,5039.65,0,20,2,MORTGAGE,credit_card,1
APP109933,39,16991.54,16.0,6065.19,647.0,2572.46,6,14,1,MORTGAGE,car,1
APP109934,21,58609.92,32.0,3291.55,487.0,7176.33,14,3,1,RENT,credit_card,1
APP109935,36,51244.28,39.0,11201.15,726.0,5854.99,14,7,1,RENT,business,0
APP109936,49,27786.92,29.0,12083.23,540.0,1013.52,5,9,0,MORTGAGE,business,1
APP109937,22,44558.36,28.0,12541.36,574.0,9176.48,0,7,1,RENT,credit_card,1
APP109938,51,68117.32,10.0,5464.55,730.0,3116.11,10,8,2,RENT,home_improvement,0
APP109939,51,64173.81,33.0,12557.38,,9366.05,4,22,1,OWN,credit_card,0
APP109940,49,27384.18,26.0,8891.5,656.0,25945.47,13,28,1,RENT,credit_card,0
APP109941,51,17250.9,37.0,16625.5,513.0,4657.95,0,13,0,RENT,credit_card,0
APP109942,60,18795.87,24.0,5514.34,601.0,2933.97,1,14,2,RENT,home_improvement,0
APP109943,24,31074.32,1.0,19734.47,632.0,14809.64,11,9,2,MORTGAGE,credit_card,1
APP109944,29,75444.95,20.0,24489.31,638.0,2511.67,9,18,1,MORTGAGE,home_improvement,0
APP109945,36,25229.7,30.0,10611.01,741.0,22335.96,9,20,1,RENT,credit_card,0
APP109946,54,26952.63,31.0,12609.48,809.0,3391.93,8,1,0,RENT,business,0
APP109947,63,26676.66,15.0,15840.66,699.0,2976.37,12,15,0,RENT,business,1
APP109948,66,27837.37,6.0,5348.54,607.0,32621.01,10,12,1,RENT,home_improvement,1
APP109949,49,36112.22,34.0,7392.65,747.0,6570.96,2,13,0,RENT,home_improvement,0
APP109950,41,19148.41,32.0,11053.86,602.0,17990.02,12,15,2,OWN,home_improvement,1
APP109951,41,62453.65,35.0,33394.17,440.0,4812.72,8,4,1,RENT,credit_card,1
APP109952,23,33778.83,26.0,4828.72,550.0,4546.47,2,23,0,RENT,credit_card,0
APP109953,43,125438.05,33.0,26440.04,460.0,473.35,10,27,2,RENT,credit_card,0
APP109954,46,20195.49,16.0,8813.71,619.0,11040.94,10,3,0,MORTGAGE,credit_card,1
APP109955,31,80413.16,31.0,9694.73,635.0,6688.91,4,24,2,RENT,debt_consolidation,1
APP109956,58,72814.67,19.0,20554.32,522.0,4494.27,2,16,2,RENT,credit_card,1
APP109957,60,29559.43,31.0,33285.25,581.0,7891.37,13,25,3,RENT,home_improvement,1
APP109958,35,29806.14,5.0,12755.37,,5067.65,12,5,1,RENT,credit_card,1
APP109959,65,22910.51,11.0,19907.43,639.0,2310.65,2,5,0,OWN,debt_consolidation,1
APP109960,26,23042.35,8.0,5697.69,581.0,6568.96,10,0,0,OWN,credit_card,1
APP109961,65,36304.5,16.0,7203.48,730.0,4219.38,1,15,1,RENT,car,0
APP109962,58,36693.25,32.0,4396.36,663.0,8891.44,13,12,1,RENT,car,0
APP109963,31,16298.4,4.0,7263.72,778.0,3927.58,4,28,1,MORTGAGE,car,0
APP109964,52,114319.53,29.0,13893.01,613.0,3378.11,2,16,0,MORTGAGE,home_improvement,0
APP109965,36,31896.18,33.0,11240.6,821.0,3180.02,11,27,0,OWN,debt_consolidation,0
APP109966,60,37526.63,26.0,27896.64,650.0,2423.12,14,7,1,MORTGAGE,credit_card,0
APP109967,28,26552.56,25.0,33956.2,607.0,3235.55,10,1,1,MORTGAGE,home_improvement,1
APP109968,33,31776.91,5.0,9118.84,842.0,6943.22,13,24,2,RENT,other,0
APP109969,36,30365.46,24.0,6582.63,503.0,2697.96,13,0,2,OWN,debt_consolidation,0
APP109970,30,36262.33,9.0,19851.24,605.0,1919.19,4,25,1,MORTGAGE,home_improvement,0
APP109971,37,36051.55,9.0,21131.8,516.0,9242.03,9,15,3,MORTGAGE,credit_card,1
APP109972,50,54308.34,34.0,12896.99,502.0,4400.49,10,17,2,MORTGAGE,credit_card,1
APP109973,52,40684.81,24.0,15113.39,484.0,9085.26,13,6,1,OWN,car,1
APP109974,48,51644.63,39.0,13759.59,699.0,4120.67,8,8,3,MORTGAGE,home_improvement,0
APP109975,30,36137.8,18.0,5468.43,543.0,3110.68,8,6,1,OWN,credit_card,1
APP109976,30,40766.92,14.0,4764.07,629.0,1218.55,12,22,1,RENT,debt_consolidation,0
APP109977,66,32187.94,39.0,9599.43,721.0,1990.33,13,13,0,MORTGAGE,debt_consolidation,0
APP109978,33,59967.37,24.0,8773.15,687.0,2445.22,0,3,0,RENT,credit_card,1
APP109979,26,42672.55,34.0,11686.23,683.0,6153.37,13,1,0,MORTGAGE,car,0
APP109980,43,33555.72,1.0,9147.77,747.0,4504.4,5,21,1,MORTGAGE,credit_card,0
APP109981,21,33058.86,21.0,3561.87,778.0,2163.75,7,20,1,MORTGAGE,home_improvement,0
APP109982,37,34385.16,32.0,2786.9,549.0,531.34,6,9,0,MORTGAGE,other,0
APP109983,62,36872.52,32.0,15405.17,688.0,7115.9,0,10,1,RENT,debt_consolidation,0
APP109984,34,35306.4,28.0,6649.69,628.0,9916.03,8,24,1,RENT,credit_card,1
APP109985,55,27462.57,,8610.39,638.0,10633.32,14,2,0,RENT,car,1
APP109986,45,53233.88,21.0,7081.32,529.0,2271.42,10,28,3,RENT,other,1
APP109987,38,54942.25,4.0,5722.55,607.0,11175.25,7,25,0,OWN,car,1
APP109988,53,88603.66,32.0,5631.26,,7729.59,0,3,3,RENT,credit_card,1
APP109989,50,26854.4,25.0,18249.66,764.0,7699.99,11,15,1,MORTGAGE,home_improvement,0
APP109990,36,50676.59,7.0,8574.17,557.0,3018.43,10,16,0,MORTGAGE,car,1
APP109991,31,13980.68,29.0,14484.85,459.0,4419.62,6,27,2,MORTGAGE,credit_card,1
APP109992,65,54968.83,,15700.55,649.0,21273.43,5,17,0,MORTGAGE,car,0
APP109993,29,17530.7,2.0,11967.36,549.0,18805.03,5,0,1,OWN,credit_card,1
APP109994,68,,3.0,16014.12,638.0,4728.55,3,8,0,OWN,credit_card,1
APP109995,44,42877.94,8.0,9982.47,702.0,5729.34,5,17,0,MORTGAGE,credit_card,0
APP109996,69,26615.54,2.0,22433.02,642.0,848.96,2,11,2,MORTGAGE,business,1
APP109997,38,24855.22,21.0,16220.8,615.0,12876.6,5,14,1,RENT,home_improvement,1
APP109998,48,28498.08,35.0,17568.55,637.0,8924.04,14,28,0,OWN,business,0
APP109999,51,52303.21,2.0,5635.77,717.0,6477.29,8,28,3,OWN,business,0
